comparison,baseline,augmented,baseline_logloss,augmented_logloss,delta_ll,delta_auroc,delta_brier,positive_repeats,min_repeat_delta,max_repeat_delta
M2_vs_surrogate_00,M2,surrogate_00,0.62437930418901932,0.59659688038819125,0.027782423800828092,0.016008869179600892,0.0080090619480635925,10,0.013216360742582145,0.04525510149679346
surrogate_00_vs_observed_E4,surrogate_00,E4,0.59659688038819125,0.59770106362610664,-0.0011041832379154904,-0.00079822616407982934,-0.00027480350366703153,2,-0.016225765232645295,0.01540594033337106
M2_vs_surrogate_01,M2,surrogate_01,0.62437930418901932,0.59486853489448399,0.029510769294535222,0.016895787139689578,0.0086364061658767456,10,0.01450425353926954,0.041940394697866923
surrogate_01_vs_observed_E4,surrogate_01,E4,0.59486853489448399,0.59770106362610664,-0.0028325287316226188,-0.001685144124168514,-0.00090214772148018425,2,-0.01671895806761392,0.00046543747221283738
M2_vs_surrogate_02,M2,surrogate_02,0.62437930418901932,0.59503091984254142,0.029348384346477917,0.017605321507760528,0.0086700670700463802,10,0.014265741623452177,0.042649171742014547
surrogate_02_vs_observed_E4,surrogate_02,E4,0.59503091984254142,0.59770106362610664,-0.0026701437835653153,-0.0023946784922394661,-0.00093580862564981993,1,-0.016122316326329766,0.00025973444083071673
M2_vs_surrogate_03,M2,surrogate_03,0.62437930418901932,0.59763664999235677,0.026742654196662496,0.014146341463414669,0.0076058622851438024,10,0.01325510748228631,0.043890940970894743
surrogate_03_vs_observed_E4,surrogate_03,E4,0.59763664999235677,0.59770106362610664,-6.4413633749893501e-05,0.0010643015521063948,0.00012839615925275827,4,-0.014861297462950951,0.015730239867092655
M2_vs_surrogate_04,M2,surrogate_04,0.62437930418901932,0.5963693838038171,0.028009920385202159,0.015432372505543223,0.0080827620504888287,10,0.014195748779302186,0.042970852784517177
surrogate_04_vs_observed_E4,surrogate_04,E4,0.5963693838038171,0.59770106362610664,-0.0013316798222895553,-0.00022172949002216002,-0.00034850360609226807,1,-0.016672025463768891,0.014880887218352346
M2_vs_surrogate_05,M2,surrogate_05,0.62437930418901932,0.60047500947319632,0.023904294715822959,0.0098004434589800352,0.0063203675312826415,10,0.011207859459950065,0.041137535169036288
surrogate_05_vs_observed_E4,surrogate_05,E4,0.60047500947319632,0.59770106362610664,0.0027739458470896427,0.0054101995565410286,0.0014138909131139188,9,-0.0012639704098094118,0.016784950422601197
M2_vs_surrogate_06,M2,surrogate_06,0.62437930418901932,0.59794532776808107,0.026433976420938123,0.013481152993348133,0.0073349947442591544,10,0.011678690090624055,0.042282681732950467
surrogate_06_vs_observed_E4,surrogate_06,E4,0.59794532776808107,0.59770106362610664,0.00024426414197448176,0.0017294900221729304,0.00039926370013740607,5,-0.015681122198343278,0.015564731897936612
M2_vs_surrogate_07,M2,surrogate_07,0.62437930418901932,0.60046297503727197,0.02391632915174733,0.011086474501108657,0.0063540721684643168,10,0.011967064956571516,0.04147890934387144
surrogate_07_vs_observed_E4,surrogate_07,E4,0.60046297503727197,0.59770106362610664,0.0027619114111652743,0.0041241685144124077,0.0013801862759322437,9,-0.00028900997897307601,0.016948678604147949
M2_vs_surrogate_08,M2,surrogate_08,0.62437930418901932,0.59834106515331675,0.026038239035702605,0.013082039911308185,0.0072772153864041787,10,0.010428187417567791,0.041134221539995686
surrogate_08_vs_observed_E4,surrogate_08,E4,0.59834106515331675,0.59770106362610664,0.00064000152720999903,0.0021286031042128785,0.00045704305799238175,5,-0.015010751255664645,0.016336863363831666
M2_vs_surrogate_09,M2,surrogate_09,0.62437930418901932,0.59470757387823647,0.029671730310782775,0.018403547671840326,0.0088547091430265044,10,0.012896879314991061,0.045293063103931219
surrogate_09_vs_observed_E4,surrogate_09,E4,0.59470757387823647,0.59770106362610664,-0.0029934897478701705,-0.0031929046563192618,-0.0011204506986299434,2,-0.017583869653967854,0.00041388235847972243
M2_vs_surrogate_10,M2,surrogate_10,0.62437930418901932,0.59959971102534093,0.024779593163678403,0.011574279379157415,0.0067542969694042972,10,0.01237381717001973,0.04183876248776397
surrogate_10_vs_observed_E4,surrogate_10,E4,0.59959971102534093,0.59770106362610664,0.0018986473992341989,0.0036363636363636485,0.00097996147499226352,7,-0.001362242532840785,0.016246125025243474
M2_vs_surrogate_11,M2,surrogate_11,0.62437930418901932,0.5968591850097551,0.027520119179264113,0.014190687361419074,0.0077799416839639925,10,0.013303251719118725,0.043381611226352534
surrogate_11_vs_observed_E4,surrogate_11,E4,0.5968591850097551,0.59770106362610664,-0.0008418786163515102,0.0010199556541019895,-4.5683239567431698e-05,2,-0.0026033006637040668,0.0015841205943771808
M2_vs_surrogate_12,M2,surrogate_12,0.62437930418901932,0.5998113855906857,0.024567918598333516,0.011707317073170732,0.0067472356361787554,10,0.01245612485069314,0.041167365933099442
surrogate_12_vs_observed_E4,surrogate_12,E4,0.5998113855906857,0.59770106362610664,0.0021103219645790872,0.0035033259423503326,0.00098702280821780512,6,-0.00085536421382215178,0.017320428033722246
M2_vs_surrogate_13,M2,surrogate_13,0.62437930418901932,0.59761875794968788,0.02676054623933135,0.014634146341463438,0.007592773993816115,10,0.013206567228660648,0.041463114729069939
surrogate_13_vs_observed_E4,surrogate_13,E4,0.59761875794968788,0.59770106362610664,-8.2305676418747978e-05,0.00057649667405762495,0.00014148445058044523,4,-0.014694175645533769,0.016743657050978689
M2_vs_surrogate_14,M2,surrogate_14,0.62437930418901932,0.59545551589127121,0.028923788297748054,0.016230598669623064,0.0084463320467222606,10,0.01230515531143328,0.042812034709511559
surrogate_14_vs_observed_E4,surrogate_14,E4,0.59545551589127121,0.59770106362610664,-0.0022455477348354512,-0.0010199556541020006,-0.00071207360232569965,3,-0.01701096602189589,0.001709320321769181
M2_vs_surrogate_15,M2,surrogate_15,0.62437930418901932,0.59477863565810674,0.029600668530912533,0.018004434589800465,0.0087477310960503932,10,0.012900809756930864,0.042778110985699169
surrogate_15_vs_observed_E4,surrogate_15,E4,0.59477863565810674,0.59770106362610664,-0.0029224279679999298,-0.002793791574279403,-0.0010134726516538323,1,-0.016438917242884821,0.00010307717301638597
M2_vs_surrogate_16,M2,surrogate_16,0.62437930418901932,0.59955712579856812,0.024822178390451245,0.010288248337028839,0.0067109217249345324,10,0.013083532626861349,0.041053664281991198
surrogate_16_vs_observed_E4,surrogate_16,E4,0.59955712579856812,0.59770106362610664,0.0018560621724613591,0.004922394678492226,0.0010233367194620285,6,-0.001671694005757951,0.016005488362443865
M2_vs_surrogate_17,M2,surrogate_17,0.62437930418901932,0.59735565369797095,0.027023650491048289,0.014235033259423513,0.0077074802404830667,10,0.013106637922276621,0.044434750932548117
surrogate_17_vs_observed_E4,surrogate_17,E4,0.59735565369797095,0.59770106362610664,-0.00034540992813568704,0.00097560975609755078,2.6778203913493946e-05,4,-0.015540291198039125,0.016431346276188918
M2_vs_surrogate_18,M2,surrogate_18,0.62437930418901932,0.59740730966141153,0.026971994527607724,0.014589800443458967,0.007642998038604765,10,0.012484346657665624,0.04416912929458594
surrogate_18_vs_observed_E4,surrogate_18,E4,0.59740730966141153,0.59770106362610664,-0.0002937539646951204,0.00062084257206209694,9.1260405791795948e-05,3,-0.0021317509985107064,0.0019555951686847095
M2_vs_surrogate_19,M2,surrogate_19,0.62437930418901932,0.5945830117068216,0.029796292482197739,0.018048780487804873,0.0087920700542975013,10,0.015121133563537614,0.044044370469800254
surrogate_19_vs_observed_E4,surrogate_19,E4,0.5945830117068216,0.59770106362610664,-0.0031180519192851365,-0.0028381374722838081,-0.001057811609900941,0,-0.015675212642211722,-2.1691979104621062e-05
