participant_id,accepted_windows,e0_error,e4_error,vectorized_error,spectrum_relative_error,raw_sha256,raw_relative_path
UB0004,246,8.3266726846886741e-17,2.2204460492503131e-16,2.2204460492503131e-16,4.1351802251675257e-16,cdc4a7f66a53ae3be3e4eed03f3a7a4ef6da20302d4cec10af24c114fb068d35,UB0004\AttentionRobotsDesktop\1686235332\UB0004_EPOCX_96566_2023.06.08T16.36.48+02.00.md.pm.bp.csv
UB0007,212,5.5511151231257827e-17,1.1102230246251565e-16,1.1102230246251565e-16,2.2693249947098891e-16,5a353113f24e98ee080fbb2c704bd3653e05edbaaf5023afd65872404cbaccc2,UB0007\AttentionRobotsDesktop\1704733791\UB0007_EPOCPLUS_96566_2024.01.08T18.05.01+01.00.md.pm.bp.csv
UB0020,216,2.2204460492503131e-16,1.1102230246251565e-16,1.1102230246251565e-16,2.6736803870044411e-16,2197aa6a26959d62c190280aea544be5d75d5a2bf976d84fb2a57fadf900b47f,UB0020\AttentionRobotsDesktop\1675439893\UB0020_EPOCX_96566_2023.02.03T16.53.15+01.00.md.pm.bp.csv
UB0021,289,4.4408920985006262e-16,1.1102230246251565e-16,1.1102230246251565e-16,2.2508382459636369e-16,9ca57a066ce8533cc514c56480b3eef79fe4dbc535191cf5cac10cdf64c4c5f3,UB0021\AttentionRobotsDesktop\1675705139\UB0021_EPOCX_96566_2023.02.06T18.33.48+01.00.md.pm.bp.csv
UB0023,227,4.4408920985006262e-16,4.4408920985006262e-16,1.1102230246251565e-16,2.6146366592681147e-16,f74952e042b5294c640c742b6d1468ab5cf12040ed425e24f469ae2fb358a836,UB0023\AttentionRobotsDesktop\1677525314\UB0023_EPOCX_96566_2023.02.27T20.10.18+01.00.md.pm.bp.csv
UB0024,254,4.4408920985006262e-16,2.2204460492503131e-16,2.2204460492503131e-16,2.6917852212792092e-16,a84d5179a179fe4e97a6d8ed0174ab985df35bdc0f0e898668c294b5973a5d3c,UB0024\AttentionRobotsDesktop\1682701240\UB0024_EPOCX_96566_2023.04.28T18.55.35+02.00.md.pm.bp.csv
UB0028,206,8.3266726846886741e-17,2.2204460492503131e-16,1.1102230246251565e-16,3.7720399741619774e-16,1b922fc3b697c9df865a51bee6121f029d77ffbfe0a60735dfeef036da9f0ef5,UB0028\AttentionRobotsDesktop\1683560048\UB0028_EPOCX_96566_2023.05.08T17.29.12+02.00.md.pm.bp.csv
UB0029,227,6.9388939039072284e-17,2.2204460492503131e-16,1.1102230246251565e-16,3.2463126867156956e-16,38b573811bb42bc68a9d61eba817fe6bd4e4f5b95ce4457c8fa2aabd6340528e,UB0029\AttentionRobotsDesktop\1683301512\UB0029_EPOCX_96566_2023.05.05T17.40.15+02.00.md.pm.bp.csv
UB0030,250,4.4408920985006262e-16,1.1102230246251565e-16,1.1102230246251565e-16,3.8208447282556957e-16,5d4333e98dfa4a72b7a37ba8c1cb7643ed55214331e691ec1534672b22e9e7f4,UB0030\AttentionRobotsDesktop\1684154729\UB0030_EPOCX_96566_2023.05.15T14.40.25+02.00.md.pm.bp.csv
UB0032,180,2.2204460492503131e-16,4.4408920985006262e-16,1.1102230246251565e-16,2.1153738183015258e-16,1b7e0b26ea31a616e6d1d0442177cfe6a0f710fffbf4f9eb6873d5e36ebab2da,UB0032\AttentionRobotsDesktop\1685460434\UB0032_EPOCX_96566_2023.05.30T17.22.16+02.00.md.pm.bp.csv
UB0034,251,8.3266726846886741e-17,2.2204460492503131e-16,1.1102230246251565e-16,3.7741966164113305e-16,dbf84fd821215650ce7d848ba1b613cddce3ae5ae1b8ee9c238e8959f12216d9,UB0034\AttentionRobotsDesktop\1685114692\UB0034_EPOCX_96566_2023.05.26T17.19.25+02.00.md.pm.bp.csv
UB0035,269,6.9388939039072284e-17,1.1102230246251565e-16,1.1102230246251565e-16,3.7318257454232495e-16,c22f84712972b58d86907f4527b0f8f976bd340f5291d3d04efd5b74312aa46e,UB0035\AttentionRobotsDesktop\1684767892\UB0035_EPOCX_96566_2023.05.22T16.59.27+02.00.md.pm.bp.csv
UB0039,239,2.2204460492503131e-16,2.2204460492503131e-16,2.2204460492503131e-16,3.9047433811829791e-16,c9c62d20716530e37fe402485ac42d81c6a6d0b4b31cf2c6a769cac16e388bff,UB0039\AttentionRobotsDesktop\1684512941\UB0039_EPOCX_96566_2023.05.19T18.10.40+02.00.md.pm.bp.csv
UB0042,224,2.2204460492503131e-16,2.2204460492503131e-16,0,2.8920163138707676e-16,24232b949dcec4e7186fba610bdcc0c85990e0c9fd1599852e6c769c5e058815,UB0042\AttentionRobotsDesktop\1685104887\UB0042_EPOCX_96566_2023.05.26T14.36.20+02.00.md.pm.bp.csv
UB0044,251,2.2204460492503131e-16,2.2204460492503131e-16,1.1102230246251565e-16,2.3474055585294303e-16,be676800abb8638bed66ac2125a29c652429c09e3e107b7cdf7ad74c4274fd14,UB0044\AttentionRobotsDesktop\1685631574\UB0044_EPOCX_96566_2023.06.01T16.54.35+02.00.md.pm.bp.csv
UB0045,202,8.3266726846886741e-17,2.2204460492503131e-16,2.2204460492503131e-16,2.8524620455265004e-16,61b02d1bdd3ee16ebdb2fbca4ab9a403c48937086962f10a9d9ca7b2cdf050ee,UB0045\AttentionRobotsDesktop\1685118161\UB0045_EPOCX_96566_2023.05.26T18.17.15+02.00.md.pm.bp.csv
UB0046,254,2.2204460492503131e-16,2.2204460492503131e-16,1.1102230246251565e-16,2.8121238036991739e-16,54b9d9a27f2ff800c9020817deb0b59838a8ff00b4faea369e908fbfb82a4424,UB0046\AttentionRobotsDesktop\1685529276\UB0046_EPOCX_96566_2023.05.31T12.29.18+02.00.md.pm.bp.csv
UB0047,224,9.7144514654701197e-17,2.2204460492503131e-16,2.2204460492503131e-16,2.5466685173566999e-16,fe5af1c212f897540e2def5c578e59e8d4adbda9e1ea6f579dbe6f3d322b86ad,UB0047\AttentionRobotsDesktop\1685532875\UB0047_EPOCX_96566_2023.05.31T13.29.32+02.00.md.pm.bp.csv
UB0049,235,2.2204460492503131e-16,4.4408920985006262e-16,0,3.025662533575513e-16,48984c31e47adab7c5bb6502cf719e4ef7bf14a6457c6c30898d6b4a6976bc9b,UB0049\AttentionRobotsDesktop\1685719003\UB0049_EPOCX_96566_2023.06.02T17.11.43+02.00.md.pm.bp.csv
UB0051,257,5.5511151231257827e-17,4.4408920985006262e-16,0,2.0367340387649759e-16,9245cd3be41e3b1dab40bba94df1dc8c73481290526731b5bd2117ca8664f427,UB0051\AttentionRobotsDesktop\1685725755\UB0051_EPOCX_96566_2023.06.02T19.04.10+02.00.md.pm.bp.csv
UB0052,228,8.3266726846886741e-17,4.4408920985006262e-16,0,2.8640929110430004e-16,a8b8b0d6f221cd7f295a8a63e074f009ec7b3c20912fa41b646f083a8400f45d,UB0052\AttentionRobotsDesktop\1685372379\UB0052_EPOCX_96566_2023.05.29T16.54.41+02.00.md.pm.bp.csv
UB0053,260,8.3266726846886741e-17,1.1102230246251565e-16,1.1102230246251565e-16,2.9043503964579376e-16,c13ec4cba4dca20c856fa223fae10f62bf464b3f8935be9c28f91382835ca521,UB0053\AttentionRobotsDesktop\1685383014\UB0053_EPOCX_96566_2023.05.29T19.51.26+02.00.md.pm.bp.csv
UB0054,261,4.4408920985006262e-16,2.2204460492503131e-16,1.1102230246251565e-16,2.7353992266762413e-16,20c89648c7a8528853d78bf622887581f7191ca78f123185ea5581562e141171,UB0054\AttentionRobotsDesktop\1687197098\UB0054_EPOCX_96566_2023.06.19T19.46.42+02.00.md.pm.bp.csv
UB0056,212,8.3266726846886741e-17,0,0,2.0229720256227494e-16,c19d1c0676ea23df696bb4e9c6dba91210cebb1cd1d7e09f9b99078a82f38bbd,UB0056\AttentionRobotsDesktop\1687190564\UB0056_EPOCX_96566_2023.06.19T17.57.30+02.00.md.pm.bp.csv
UB0057,334,6.9388939039072284e-17,0,0,3.4703379294743411e-16,827de1e9618f6f5f667c8c049ae0520efbed36769d2e755e9f8eb761ed49c37d,UB0057\AttentionRobotsDesktop\1686233959\UB0057_EPOCX_96566_2023.06.08T16.13.06+02.00.md.pm.bp.csv
UB0059,284,2.2204460492503131e-16,2.2204460492503131e-16,1.1102230246251565e-16,2.4144481855349012e-16,04420e1c5748ea88443670b5f1d2b6afe9b77f71180dd38145d3f0cbfb1049ca,UB0059\AttentionRobotsDesktop\1686670263\UB0059_EPOCX_96566_2023.06.13T17.25.48+02.00.md.pm.bp.csv
UB0060,258,4.4408920985006262e-16,2.2204460492503131e-16,1.1102230246251565e-16,2.886168453409958e-16,8c52496a3e005885073e643cc3754fabd50436a15d094ea17bbd8d06d65b024f,UB0060\AttentionRobotsDesktop\1686924472\UB0060_EPOCX_96566_2023.06.16T16.02.49+02.00.md.pm.bp.csv
UB0061,284,8.3266726846886741e-17,0,0,4.2671649130184241e-16,cb4e4cf92fd6f4f0b8f971120f6b77d611b42e6f89da70ea76834d84a341ddf3,UB0061\AttentionRobotsDesktop\1686753195\UB0061_EPOCX_96566_2023.06.14T16.28.01+02.00.md.pm.bp.csv
UB0063,200,2.2204460492503131e-16,2.2204460492503131e-16,0,2.9059486763257218e-16,4423977bd7c420e43c8a52dd0fdc10e1ceb60ba6a7bcde504667ba5056f25fd3,UB0063\AttentionRobotsDesktop\1689613877\UB0063_EPOCX_96566_2023.07.17T19.06.17+02.00.md.pm.bp.csv
UB0065,243,2.2204460492503131e-16,1.1102230246251565e-16,1.1102230246251565e-16,2.5653360544474286e-16,b3906f65071a3a8d5b41236bec7510551bc2c8456246dc8888ab65ca95d15da5,UB0065\AttentionRobotsDesktop\1688719795\UB0065_EPOCX_96566_2023.07.07T10.44.59+02.00.md.pm.bp.csv
UB0066,299,8.3266726846886741e-17,1.1102230246251565e-16,1.1102230246251565e-16,3.2284765395550772e-16,5fe8d5ee5796d4e9f5df1e2cd57e2bc2e74f7c719e0206a7939b32ff03627c59,UB0066\AttentionRobotsDesktop\1688463692\UB0066_EPOCX_96566_2023.07.04T11.34.51+02.00.md.pm.bp.csv
UB0070,275,2.2204460492503131e-16,2.2204460492503131e-16,2.2204460492503131e-16,3.7666919253138198e-16,721ed8787e760250e09e100c769c60c078b120feb3bf29533fa9569971deb123,UB0070\AttentionRobotsDesktop\1689953025\UB0070_EPOCX_96566_2023.07.21T17.18.40+02.00.md.pm.bp.csv
UB0071,284,2.2204460492503131e-16,2.2204460492503131e-16,1.1102230246251565e-16,3.7662542645350871e-16,dbe39d087e929504116556a8070e81b237d5e304a8bbf4d0db856c7ee9fd3d3b,UB0071\AttentionRobotsDesktop\1688983232\UB0071_EPOCX_96566_2023.07.10T11.55.17+02.00.md.pm.bp.csv
UB0072,250,4.4408920985006262e-16,2.2204460492503131e-16,2.2204460492503131e-16,2.8112996565758533e-16,bd8baeb298d0252e0a7fa2fde8c5fc0c1d080d6bd6b37b392878a2edfc36d907,UB0072\AttentionRobotsDesktop\1689156902\UB0072_EPOCX_96566_2023.07.12T12.09.43+02.00.md.pm.bp.csv
UB0073,256,2.2204460492503131e-16,4.4408920985006262e-16,1.1102230246251565e-16,2.5545996936133468e-16,f3c0862190301edb908e7cb5d3abc8ae7a06952a4baddf37fa918451f288291d,UB0073\AttentionRobotsDesktop\1689760942\UB0073_EPOCX_96566_2023.07.19T11.57.13+02.00.md.pm.bp.csv
UB0074,250,8.3266726846886741e-17,2.2204460492503131e-16,1.1102230246251565e-16,2.3708755842346643e-16,ec9feac725ae6aaf93398fadbc52e90fbbb09a21ef925722e9a520125e0c1407,UB0074\AttentionRobotsDesktop\1689767752\UB0074_EPOCX_96566_2023.07.19T13.50.46+02.00.md.pm.bp.csv
UB0075,254,4.4408920985006262e-16,1.1102230246251565e-16,1.1102230246251565e-16,3.425742668018568e-16,ac7a6b2909b5252f596a74be1c3a3e77cdc64e35f583fbc022feedede79a5661,UB0075\AttentionRobotsDesktop\1690217211\UB0075_EPOCX_96566_2023.07.24T18.41.48+02.00.md.pm.bp.csv
UB0077,260,2.2204460492503131e-16,1.1102230246251565e-16,1.1102230246251565e-16,2.7985351980952195e-16,44f58d21c3ecf36f8104b43b485bdda37b312b5a5720db26cdfbbf055a552ee6,UB0077\AttentionRobotsDesktop\1689939480\UB0077_EPOCX_96566_2023.07.21T13.32.44+02.00.md.pm.bp.csv
UB0078,251,2.2204460492503131e-16,2.2204460492503131e-16,0,2.8176357665935966e-16,470a66c6b5e1750bf6c0ff3eeed5dd4841ef2c9dbf009143888b387982c8e3b4,UB0078\AttentionRobotsDesktop\1689608980\UB0078_EPOCX_96566_2023.07.17T17.44.31+02.00.md.pm.bp.csv
UB0079,264,2.2204460492503131e-16,2.2204460492503131e-16,2.2204460492503131e-16,2.8281051187853618e-16,152a85a4e55a1a998505b3bc76a5ad7a24698411594eec4945c5ee2e68cb5c2a,UB0079\AttentionRobotsDesktop\1689871205\UB0079_EPOCX_96566_2023.07.20T18.35.03+02.00.md.pm.bp.csv
UB0080,237,8.3266726846886741e-17,1.1102230246251565e-16,1.1102230246251565e-16,3.7185232273570833e-16,ef1881de02b026323ea28af66dea498f8a82722e67c19cff051544fe6622a7cb,UB0080\AttentionRobotsDesktop\1696521458\UB0080_EPOCX_96566_2023.10.05T17.52.24+02.00.md.pm.bp.csv
UB0081,269,8.3266726846886741e-17,2.2204460492503131e-16,1.1102230246251565e-16,2.3619245392473964e-16,5e3d6878bcd161eedeec71d17e8c0ea1a9f2e6c21bff31b2873f3ad92380d0d8,UB0081\AttentionRobotsDesktop\1690197703\UB0081_EPOCX_96566_2023.07.24T13.16.39+02.00.md.pm.bp.csv
UB0083,183,4.4408920985006262e-16,0,0,2.3023656143568257e-16,133e5eb7121c945c335b4a7cca8556010e00e6191b31d0dbb72ba2c0245273fc,UB0083\AttentionRobotsDesktop\1693841279\UB0083_EPOCX_96566_2023.09.04T17.22.44+02.00.md.pm.bp.csv
UB0084,269,6.9388939039072284e-17,4.4408920985006262e-16,1.1102230246251565e-16,2.149391741444554e-16,f9fc71922b06b815d508649a5676a26feaf7918da2637264f4343f0ca36da710,UB0084\AttentionRobotsDesktop\1693847512\UB0084_EPOCX_96566_2023.09.04T19.06.41+02.00.md.pm.bp.csv
UB0085,176,4.4408920985006262e-16,2.2204460492503131e-16,1.1102230246251565e-16,4.0715052505931452e-16,34d8c24f8c6dbf80b87d5f5851dbd2aec062dc6dc4daa31d039f0968e0453b66,UB0085\AttentionRobotsDesktop\1694187414\UB0085_EPOCX_96566_2023.09.08T17.31.55+02.00.md.pm.bp.csv
UB0086,296,2.2204460492503131e-16,1.1102230246251565e-16,1.1102230246251565e-16,2.540243215277914e-16,9c200ea8f5e7a715a969a83322e8717049727fc5c8a96901e22bb58301cd75a2,UB0086\AttentionRobotsDesktop\1694704680\UB0086_EPOCX_96566_2023.09.14T17.12.48+02.00.md.pm.bp.csv
UB0087,278,5.5511151231257827e-17,2.2204460492503131e-16,2.2204460492503131e-16,3.4373456957289905e-16,40abc8877442358f19b9660550c660bc4b2247e1b4b77e095ae059b7df87afde,UB0087\AttentionRobotsDesktop\1695049873\UB0087_EPOCX_96566_2023.09.18T17.06.09+02.00.md.pm.bp.csv
UB0089,248,5.5511151231257827e-17,2.2204460492503131e-16,1.1102230246251565e-16,3.366338487188083e-16,322b5714e583cf85bc87028adb35c86d7fd1b1b5a0050131da8a14503cf38ec9,UB0089\AttentionRobotsDesktop\1695054933\UB0089_EPOCX_96566_2023.09.18T18.30.23+02.00.md.pm.bp.csv
UB0090,266,4.4408920985006262e-16,4.4408920985006262e-16,1.1102230246251565e-16,2.5647989335914116e-16,19e2f46664025c1a5da2202dcf0e3c20b2bee4f3adafd9f26a9312b92c6d8673,UB0090\AttentionRobotsDesktop\1695229846\UB0090_EPOCX_96566_2023.09.20T19.05.33+02.00.md.pm.bp.csv
UB0091,211,2.2204460492503131e-16,2.2204460492503131e-16,2.2204460492503131e-16,2.9189503875122562e-16,47de3223b9a6068df940aa00ebe42d691c7fbd627944d11015e39520e2e1e605,UB0091\AttentionRobotsDesktop\1701711629\UB0091_EPOCPLUS_96566_2023.12.04T18.35.20+01.00.md.pm.bp.csv
UB0098,276,9.7144514654701197e-17,2.2204460492503131e-16,1.1102230246251565e-16,3.3438819103414737e-16,c52a0c6f8af62ef8111c4395e3214ef45f17abff52f184f5c66bd404ef79dba9,UB0098\AttentionRobotsDesktop\1696950715\UB0098_EPOCX_96566_2023.10.10T17.07.04+02.00.md.pm.bp.csv
UB0099,274,4.4408920985006262e-16,2.2204460492503131e-16,0,2.1371936283330344e-16,3639d1f9610207e5fbfef21aee19927a2f517d19392e3d4d5238e5db8a393191,UB0099\AttentionRobotsDesktop\1697212000\UB0099_EPOCX_96566_2023.10.13T17.41.34+02.00.md.pm.bp.csv
UB0100,232,5.5511151231257827e-17,4.4408920985006262e-16,2.2204460492503131e-16,2.9849889116885379e-16,f625db6d3e2c811d9af92f04aac9eb55e13881702c1a088264bf5a56de23106d,UB0100\AttentionRobotsDesktop\1697472944\UB0100_EPOCX_96566_2023.10.16T18.10.49+02.00.md.pm.bp.csv
UB0102,259,4.4408920985006262e-16,4.4408920985006262e-16,0,4.1450823605358258e-16,8ac7317eb0373362fba98a6f92bbeb34f5217b08d8d751247849f1047f1dc759,UB0102\AttentionRobotsDesktop\1697477852\UB0102_EPOCX_96566_2023.10.16T19.32.35+02.00.md.pm.bp.csv
UB0103,266,4.4408920985006262e-16,4.4408920985006262e-16,1.1102230246251565e-16,3.619132238424264e-16,a2ac91f3766236b0d24a54d15453ede9323ef0504314f3d3b2fa94d16a307077,UB0103\AttentionRobotsDesktop\1698683183\UB0103_EPOCPLUS_96566_2023.10.30T17.21.00+01.00.md.pm.bp.csv
UB0104,244,8.3266726846886741e-17,1.1102230246251565e-16,1.1102230246251565e-16,2.6561697544307144e-16,62172b8be98276028849ff64cf834df06440cf911a0e8f878b676c1c7e0f071d,UB0104\AttentionRobotsDesktop\1697561944\UB0104_EPOCX_96566_2023.10.17T18.54.10+02.00.md.pm.bp.csv
UB0105,263,2.2204460492503131e-16,0,0,2.6176155827650163e-16,0135e4bb856ab12e62f6a60c86905ba402bd6b1bd5ea30f9ac3da86223b2d8ca,UB0105\AttentionRobotsDesktop\1698076315\UB0105_EPOCX_96566_2023.10.23T17.46.54+02.00.md.pm.bp.csv
UB0106,231,2.2204460492503131e-16,4.4408920985006262e-16,1.1102230246251565e-16,2.625853725069858e-16,8f10418755d884781b87173d596feecdaed8b854fac055171257fcfdbd66104c,UB0106\AttentionRobotsDesktop\1700501223\UB0106_EPOCPLUS_96566_2023.11.20T18.22.00+01.00.md.pm.bp.csv
UB0107,195,5.5511151231257827e-17,1.1102230246251565e-16,1.1102230246251565e-16,2.4955137091791893e-16,33f90bcabeb59167c2176f25a5fa34224133ac439c885576fcebe9c8db8e1a3f,UB0107\AttentionRobotsDesktop\1699889103\UB0107_EPOCPLUS_96566_2023.11.13T16.19.59+01.00.md.pm.bp.csv
UB0109,207,2.2204460492503131e-16,1.1102230246251565e-16,1.1102230246251565e-16,2.9389612582062479e-16,9100acc3d0148cd00f9ed9f7bc94a5f603b6cefbff0b7c6b05fb01980e14bbae,UB0109\AttentionRobotsDesktop\1698403223\UB0109_EPOCPLUS_96566_2023.10.27T12.35.10+02.00.md.pm.bp.csv
UB0115,240,2.2204460492503131e-16,2.2204460492503131e-16,0,2.5363421871052685e-16,add8cc95ed12246b1756c221ea475d68d289b6f53978223936959f9a316a2a4f,UB0115\AttentionRobotsDesktop\1700666262\UB0115_EPOCPLUS_96566_2023.11.22T16.12.26+01.00.md.pm.bp.csv
UB0118,228,8.3266726846886741e-17,2.2204460492503131e-16,1.1102230246251565e-16,3.6659909745429976e-16,84fb2ce95e99375b58ff07e7ae08c2248eed9a8c755cac1c1f07051c4d045e9b,UB0118\AttentionRobotsDesktop\1705339594\UB0118_EPOCPLUS_96566_2024.01.15T18.21.24+01.00.md.pm.bp.csv
UB0119,156,4.4408920985006262e-16,4.4408920985006262e-16,1.1102230246251565e-16,3.0004422191706751e-16,e2cc11f31233a5251fa5792e21a4dba197674a253923a1c690c028c8fa3f5aa8,UB0119\AttentionRobotsDesktop\1699895572\UB0119_EPOCPLUS_96566_2023.11.13T18.07.46+01.00.md.pm.bp.csv
UB0120,207,8.3266726846886741e-17,2.2204460492503131e-16,0,3.0330592569916223e-16,e2b2786dd5345870d13234febdf8fd46c11781985c08e7070889ecdcd0d14243,UB0120\AttentionRobotsDesktop\1700490392\UB0120_EPOCPLUS_96566_2023.11.20T15.21.31+01.00.md.pm.bp.csv
UB0122,225,4.4408920985006262e-16,0,0,3.8176155067497186e-16,a1be899d6f88be493551c4ddab8bb6ff61555b0ec239cce42806a3dfdce359df,UB0122\AttentionRobotsDesktop\1703005095\UB0122_EPOCPLUS_96566_2023.12.19T17.53.08+01.00.md.pm.bp.csv
UB0124,247,8.3266726846886741e-17,0,0,4.0800524116924467e-16,b8f2193631d77d3845b9f92e9da36f468dd16d8398ca9459348038a6e064793f,UB0124\AttentionRobotsDesktop\1701449069\UB0124_EPOCPLUS_96566_2023.12.01T17.38.59+01.00.md.pm.bp.csv
UB0126,193,2.2204460492503131e-16,4.4408920985006262e-16,1.1102230246251565e-16,2.3986719111940443e-16,0ee10971d7590c1baca54e81f7eb9ed26385bd26238a03f31d5f0a7a829c3ec1,UB0126\AttentionRobotsDesktop\1700585562\UB0126_EPOCPLUS_96566_2023.11.21T17.47.51+01.00.md.pm.bp.csv
UB0127,214,4.4408920985006262e-16,2.2204460492503131e-16,1.1102230246251565e-16,2.9470279576979855e-16,b00386df450fefcfa4b67a5f5558a16b533c4620122a2b8fa4e2fa2ac258994d,UB0127\AttentionRobotsDesktop\1700845957\UB0127_EPOCPLUS_96566_2023.11.24T18.07.27+01.00.md.pm.bp.csv
UB0128,235,4.4408920985006262e-16,1.1102230246251565e-16,1.1102230246251565e-16,2.9355316414636615e-16,3e68548cc77fec995f2f9d2c177cce2548b4890154da9b7e31b4a56f23f02fb6,UB0128\AttentionRobotsDesktop\1701102249\UB0128_EPOCPLUS_96566_2023.11.27T17.19.10+01.00.md.pm.bp.csv
UB0129,234,4.4408920985006262e-16,1.1102230246251565e-16,1.1102230246251565e-16,3.0570509162694588e-16,2cbb38f02a13af2d136ad60a2c2e165dc63815ef41567219b89596a974d47752,UB0129\AttentionRobotsDesktop\1706544787\UB0129_EPOCPLUS_96566_2024.01.29T17.07.46+01.00.md.pm.bp.csv
UB0131,231,4.4408920985006262e-16,4.4408920985006262e-16,1.1102230246251565e-16,3.3877856553346883e-16,c78c477732a7dbfcd1d0b6b2d4ed6dc894b24e90c698c9431e0bf20fc31f0db1,UB0131\AttentionRobotsDesktop\1702921953\UB0131_EPOCPLUS_96566_2023.12.18T18.47.37+01.00.md.pm.bp.csv
UB0132,196,2.2204460492503131e-16,2.2204460492503131e-16,1.1102230246251565e-16,4.5639984677527044e-16,b04a6712c257abca0e43a9784b0e93d446525a33e967c570f052d8a35a5376a6,UB0132\AttentionRobotsDesktop\1703247549\UB0132_EPOCPLUS_96566_2023.12.22T13.14.19+01.00.md.pm.bp.csv
UB0133,203,2.2204460492503131e-16,1.1102230246251565e-16,1.1102230246251565e-16,3.3163101573285172e-16,75176d60d454554aa187366157b36780e06bfa53b7050b2ae45bc4d89d35ea1f,UB0133\AttentionRobotsDesktop\1702485424\UB0133_EPOCPLUS_96566_2023.12.13T17.31.53+01.00.md.pm.bp.csv
UB0134,244,4.4408920985006262e-16,1.1102230246251565e-16,1.1102230246251565e-16,2.2519907890928084e-16,62637b55354739cfaceca00e4ccd85eb90a1765ed67a391f4d7732f3b330c195,UB0134\AttentionRobotsDesktop\1702657018\UB0134_EPOCPLUS_96566_2023.12.15T17.11.59+01.00.md.pm.bp.csv
UB0138,211,8.3266726846886741e-17,2.2204460492503131e-16,2.2204460492503131e-16,2.0112434015387421e-16,3e73c999407c0c7bc1dba23a391c1587749e619360cac073203d3441762c2c48,UB0138\AttentionRobotsDesktop\1706894463\UB0138_EPOCPLUS_96566_2024.02.02T18.15.49+01.00.md.pm.bp.csv
UB0139,213,8.3266726846886741e-17,4.4408920985006262e-16,0,2.0240536868998584e-16,3b2c9a6e7e6b9fda04fd3f9e54e576eecf5e706551913abde6149a320203454a,UB0139\AttentionRobotsDesktop\1707154997\UB0139_EPOCPLUS_96566_2024.02.05T18.38.21+01.00.md.pm.bp.csv
UB0140,213,4.4408920985006262e-16,2.2204460492503131e-16,1.1102230246251565e-16,3.811895463190816e-16,330d645dc62132c599e124e9ab5d433cd5a6f333d3bc8eb3c0a7fd49048a3bad,UB0140\AttentionRobotsDesktop\1707300923\UB0140_EPOCPLUS_96566_2024.02.07T11.10.25+01.00.md.pm.bp.csv
UB0142,248,4.4408920985006262e-16,1.1102230246251565e-16,1.1102230246251565e-16,2.6573834992659931e-16,eba17c1cf5d1cb4909cff583a6c176b95f6671251de25800f50f89e62ee7f086,UB0142\AttentionRobotsDesktop\1708100703\UB0142_EPOCPLUS_96566_2024.02.16T17.19.55+01.00.md.pm.bp.csv
UB0143,190,4.4408920985006262e-16,1.1102230246251565e-16,1.1102230246251565e-16,2.2558542704087533e-16,ad2f20e3811a6b1b1e0c6dd8d7ee7b3729911ccd8d873821b4bef42a4e3e0ddd,UB0143\AttentionRobotsDesktop\1709548893\UB0143_EPOCPLUS_96566_2024.03.04T11.36.42+01.00.md.pm.bp.csv
UB0144,215,8.3266726846886741e-17,2.2204460492503131e-16,0,4.0566894121762578e-16,ec6fbd9cc05333b57ac347d3d23e4d293b07c810ae31623a59042b47dca95297,UB0144\AttentionRobotsDesktop\1711124683\UB0144_EPOCPLUS_96566_2024.03.22T17.19.49+01.00.md.pm.bp.csv
UB0147,234,8.3266726846886741e-17,4.4408920985006262e-16,1.1102230246251565e-16,3.2308833520814326e-16,8ef0a76faeb9b0f6d771c50c80811b5ef50af033f88b4ef9a1c531dfe9367944,UB0147\AttentionRobotsDesktop\1714144611\UB0147_EPOCPLUS_96566_2024.04.26T17.11.39+02.00.md.pm.bp.csv
UB0150,239,8.3266726846886741e-17,2.2204460492503131e-16,1.1102230246251565e-16,4.2375164725414971e-16,1b72bd2ba32effe625c1de321e4e695926e7f3c34c0ce94ce3b2de2b850c3d2f,UB0150\AttentionRobotsDesktop\1715005587\UB0150_EPOCPLUS_96566_2024.05.06T16.21.22+02.00.md.pm.bp.csv
UB0153,239,2.2204460492503131e-16,2.2204460492503131e-16,0,3.8706558608023073e-16,e7ca5b2d17e3cdcc31890513f626bcc2908eb7c2702d9092edf6a9fe505e7e4b,UB0153\AttentionRobotsDesktop\1716370907\UB0153_EPOCPLUS_96566_2024.05.22T11.36.34+02.00.md.pm.bp.csv
UB0154,241,2.2204460492503131e-16,1.1102230246251565e-16,1.1102230246251565e-16,3.5587706566438567e-16,5ca3316e99a78ea6dc212e46b3469c72c85671512c4b67c278cfa4a9247c6e69,UB0154\AttentionRobotsDesktop\1716971045\UB0154_EPOCPLUS_96566_2024.05.29T10.19.09+02.00.md.pm.bp.csv
UB0156,185,4.4408920985006262e-16,2.2204460492503131e-16,0,3.0108933616253376e-16,ae100ef48f76a60bc1033bcc0c35e63af3279ae0457fcdc2dba125263a6ee877,UB0156\AttentionRobotsDesktop\1717427530\UB0156_EPOCPLUS_96566_2024.06.03T17.07.16+02.00.md.pm.bp.csv
UB0158,213,4.4408920985006262e-16,1.1102230246251565e-16,1.1102230246251565e-16,2.7488112625897658e-16,4bb9cf5b181e8ebf4387599f3df75ef8a58b5e5fe2970ca80ce184c281b103af,UB0158\AttentionRobotsDesktop\1717772915\UB0158_EPOCPLUS_96566_2024.06.07T17.03.41+02.00.md.pm.bp.csv
UB0161,246,2.2204460492503131e-16,2.2204460492503131e-16,1.1102230246251565e-16,2.0726123135076329e-16,67348365221cef7e741380db49afc688f116e71821c0aebc1746e4530347248d,UB0161\AttentionRobotsDesktop\1719401541\UB0161_EPOCPLUS_96566_2024.06.26T13.26.59+02.00.md.pm.bp.csv
UB0162,215,2.2204460492503131e-16,4.4408920985006262e-16,1.1102230246251565e-16,3.0183626713709812e-16,df0f5842379e5ca115588bbc7be49660c26d6e68d4c8b577441a8e5969b1785b,UB0162\AttentionRobotsDesktop\1720002490\UB0162_EPOCPLUS_96566_2024.07.03T12.23.28+02.00.md.pm.bp.csv
UB0164,212,2.2204460492503131e-16,4.4408920985006262e-16,1.1102230246251565e-16,3.547766561584574e-16,8e339aef8559598e05bea03c473a3f8048aee86ad596a8cb2947e4196c7b1d52,UB0164\AttentionRobotsDesktop\1720609711\UB0164_EPOCPLUS_96566_2024.07.10T13.03.23+02.00.md.pm.bp.csv
UB0166,240,2.2204460492503131e-16,2.2204460492503131e-16,2.2204460492503131e-16,3.357274434783483e-16,1fe6b32b8253fd9afe25681f904468f3f8df2ca8846e2e67486473b0dc6731a5,UB0166\AttentionRobotsDesktop\1726052310\UB0166_EPOCPLUS_96566_2024.09.11T12.53.13+02.00.md.pm.bp.csv
UB0168,208,8.3266726846886741e-17,0,0,2.545509300767675e-16,d81a82cf0683db5171f039222ee08421f5a4db9ea177948f0ef9e8ee5e286b95,UB0168\AttentionRobotsDesktop\1726479260\UB0168_EPOCPLUS_96566_2024.09.16T11.29.31+02.00.md.pm.bp.csv
UB0169,192,2.2204460492503131e-16,2.2204460492503131e-16,1.1102230246251565e-16,3.2517715376465493e-16,968ab3bd623ba81bd9a82c24734a568f672def7a91791c107a42484d63fd161b,UB0169\AttentionRobotsDesktop\1726657190\UB0169_EPOCPLUS_96566_2024.09.18T12.54.52+02.00.md.pm.bp.csv
UB0170,200,6.9388939039072284e-17,2.2204460492503131e-16,1.1102230246251565e-16,2.4793741705861779e-16,9b9e538f8ada3753eef0e8b7eec47b5b3524f6495d0079634791321a879ca490,UB0170\AttentionRobotsDesktop\1729257596\UB0170_EPOCPLUS_96566_2024.10.18T15.14.52+02.00.md.pm.bp.csv
UB0172,244,2.2204460492503131e-16,4.4408920985006262e-16,1.1102230246251565e-16,3.2277837780300619e-16,03bce1dcbb8cbdf064f20c6093fb07b431f68c0a17f91828206b1e6a75ab4261,UB0172\AttentionRobotsDesktop\1730117374\UB0172_EPOCPLUS_96566_2024.10.28T13.04.42+01.00.md.pm.bp.csv
UB0173,229,4.4408920985006262e-16,1.1102230246251565e-16,1.1102230246251565e-16,3.0060853479182048e-16,afd1ea8b6b19ac745fa95579fc7bf3aaf4e94152bcdb67bf9c8538d18d75df35,UB0173\AttentionRobotsDesktop\1731088564\UB0173_EPOCPLUS_96566_2024.11.08T18.51.03+01.00.md.pm.bp.csv
UB0176,213,2.2204460492503131e-16,1.1102230246251565e-16,1.1102230246251565e-16,2.7619634427247801e-16,1a713b04745b64661461381f9906df22adb1c40b925b0fdfe61e5a1658365b58,UB0176\AttentionRobotsDesktop\1734087033\UB0176_EPOCPLUS_96566_2024.12.13T11.45.47+01.00.md.pm.bp.csv
