comparison,baseline,augmented,repeat,n,baseline_logloss,augmented_logloss,delta_ll,delta_auroc,delta_brier
M2_vs_surrogate_00,M2,surrogate_00,0,96,0.61831118301887888,0.59291485202364691,0.025396330995231975,0.0075388026607540182,0.0052939665085905696
M2_vs_surrogate_00,M2,surrogate_00,1,96,0.6037089725756366,0.5731252366540952,0.0305837359215414,0.033702882483370167,0.011150901757676746
M2_vs_surrogate_00,M2,surrogate_00,2,96,0.62450336856335875,0.59556624531485181,0.028937123248506946,0.0031042128603103736,0.0059525285319383114
M2_vs_surrogate_00,M2,surrogate_00,3,96,0.62907800103927436,0.59841220694109976,0.030665794098174604,0.027050997782705144,0.010600690125796564
M2_vs_surrogate_00,M2,surrogate_00,4,96,0.6207418977450988,0.60752553700251666,0.013216360742582145,-0.013747228381374765,-0.00030529804236989477
M2_vs_surrogate_00,M2,surrogate_00,5,96,0.6514343496811944,0.60617924818440094,0.04525510149679346,0.013303769401330379,0.011133140961164384
M2_vs_surrogate_00,M2,surrogate_00,6,96,0.60485390387551441,0.58789967294309198,0.016954230932422432,0.0062084257206208582,0.0049410766738873513
M2_vs_surrogate_00,M2,surrogate_00,7,96,0.62378774970847684,0.6015926455157663,0.022195104192710535,0.021729490022173059,0.0084575562966911766
M2_vs_surrogate_00,M2,surrogate_00,8,96,0.60313870975464279,0.57764718784138269,0.025491521913260096,0.033259423503325891,0.009760251721562585
M2_vs_surrogate_00,M2,surrogate_00,9,96,0.66423490592811696,0.62510597146105962,0.039128934467057341,0.027937915742793806,0.01310580494569813
surrogate_00_vs_observed_E4,surrogate_00,E4,0,96,0.59291485202364691,0.59450956229686969,-0.0015947102732227769,-0.00044345898004438666,-0.00040593370845623533
surrogate_00_vs_observed_E4,surrogate_00,E4,1,96,0.5731252366540952,0.57452636155234904,-0.001401124898253836,0.00044345898004438666,-0.00040910760690096581
surrogate_00_vs_observed_E4,surrogate_00,E4,2,96,0.59556624531485181,0.59657281038965504,-0.001006565074803234,0.0008869179600886623,-0.00024672520567439737
surrogate_00_vs_observed_E4,surrogate_00,E4,3,96,0.59841220694109976,0.60121337832801636,-0.0028011713869166011,-0.0039911308203992579,-0.0010237446629819957
surrogate_00_vs_observed_E4,surrogate_00,E4,4,96,0.60752553700251666,0.60773801081515155,-0.00021247381263489462,-0.0022172949002217113,7.9195169702894752e-05
surrogate_00_vs_observed_E4,surrogate_00,E4,5,96,0.60617924818440094,0.60902851751111464,-0.0028492693267136993,0.00088691796008877333,-0.00093336197589424796
surrogate_00_vs_observed_E4,surrogate_00,E4,6,96,0.58789967294309198,0.57249373260972092,0.01540594033337106,0.019512195121951126,0.006499310410118031
surrogate_00_vs_observed_E4,surrogate_00,E4,7,96,0.6015926455157663,0.60251865528811932,-0.00092600977235302029,0.00044345898004438666,-0.00011604632742331922
surrogate_00_vs_observed_E4,surrogate_00,E4,8,96,0.57764718784138269,0.5770778707763653,0.00056931706501739399,0.00044345898004427564,0.00043305864841014508
surrogate_00_vs_observed_E4,surrogate_00,E4,9,96,0.62510597146105962,0.64133173669370491,-0.016225765232645295,-0.023946784922394548,-0.0066246797775702249
M2_vs_surrogate_01,M2,surrogate_01,0,96,0.61831118301887888,0.59167762468272245,0.026633558336156438,0.0057649667405765825,0.0057531616409400577
M2_vs_surrogate_01,M2,surrogate_01,1,96,0.6037089725756366,0.57311713811618714,0.030591834459449463,0.035920177383591989,0.011088556219194495
M2_vs_surrogate_01,M2,surrogate_01,2,96,0.62450336856335875,0.59700217587818682,0.027501192685171927,0.0031042128603103736,0.0052765873840956157
M2_vs_surrogate_01,M2,surrogate_01,3,96,0.62907800103927436,0.59916506196960007,0.029912939069674294,0.023946784922394659,0.010165404827240848
M2_vs_surrogate_01,M2,surrogate_01,4,96,0.6207418977450988,0.60623764420582926,0.01450425353926954,-0.014190687361419152,0.00026534594480109863
M2_vs_surrogate_01,M2,surrogate_01,5,96,0.6514343496811944,0.60949395498332748,0.041940394697866923,0.011086474501108667,0.0095720135527042061
M2_vs_surrogate_01,M2,surrogate_01,6,96,0.60485390387551441,0.56979710762630964,0.035056796249204769,0.023503325942350273,0.012298537270804211
M2_vs_surrogate_01,M2,surrogate_01,7,96,0.62378774970847684,0.60051253509298186,0.023275214615494977,0.023059866962306108,0.0088139180089692459
M2_vs_surrogate_01,M2,surrogate_01,8,96,0.60313870975464279,0.57706932776360487,0.026069381991037921,0.028824833702882358,0.0099168566738654929
M2_vs_surrogate_01,M2,surrogate_01,9,96,0.66423490592811696,0.62461277862609099,0.039622127302025967,0.027937915742793917,0.013213680136152178
surrogate_01_vs_observed_E4,surrogate_01,E4,0,96,0.59167762468272245,0.59450956229686969,-0.0028319376141472397,0.001330376940133049,-0.00086512884080572339
surrogate_01_vs_observed_E4,surrogate_01,E4,1,96,0.57311713811618714,0.57452636155234904,-0.0014092234361618994,-0.0017738359201774356,-0.0003467620684187156
surrogate_01_vs_observed_E4,surrogate_01,E4,2,96,0.59700217587818682,0.59657281038965504,0.00042936548853178547,0.0008869179600886623,0.00042921594216829839
surrogate_01_vs_observed_E4,surrogate_01,E4,3,96,0.59916506196960007,0.60121337832801636,-0.0020483163584162911,-0.00088691796008877333,-0.00058845936442628033
surrogate_01_vs_observed_E4,surrogate_01,E4,4,96,0.60623764420582926,0.60773801081515155,-0.00150036660932229,-0.0017738359201773246,-0.00049144881746809865
surrogate_01_vs_observed_E4,surrogate_01,E4,5,96,0.60949395498332748,0.60902851751111464,0.00046543747221283738,0.0031042128603104846,0.00062776543256592987
surrogate_01_vs_observed_E4,surrogate_01,E4,6,96,0.56979710762630964,0.57249373260972092,-0.0026966249834112777,0.0022172949002217113,-0.00085815018679882837
surrogate_01_vs_observed_E4,surrogate_01,E4,7,96,0.60051253509298186,0.60251865528811932,-0.0020061201951374619,-0.0008869179600886623,-0.00047240803970138856
surrogate_01_vs_observed_E4,surrogate_01,E4,8,96,0.57706932776360487,0.5770778707763653,-8.5430127604313455e-06,0.0048780487804878092,0.00027645369610723725
surrogate_01_vs_observed_E4,surrogate_01,E4,9,96,0.62461277862609099,0.64133173669370491,-0.01671895806761392,-0.023946784922394659,-0.0067325549680242736
M2_vs_surrogate_02,M2,surrogate_02,0,96,0.61831118301887888,0.59256151284890601,0.025749670169972871,0.0062084257206208582,0.0054967726422534002
M2_vs_surrogate_02,M2,surrogate_02,1,96,0.6037089725756366,0.57368742205321188,0.030021550522424723,0.032372505543237229,0.010941616454832909
M2_vs_surrogate_02,M2,surrogate_02,2,96,0.62450336856335875,0.59642748873913998,0.028075879824218775,0.0048780487804878092,0.0056094480441536421
M2_vs_surrogate_02,M2,surrogate_02,3,96,0.62907800103927436,0.59960468199707595,0.029473319042198409,0.024833702882483433,0.010054886088130904
M2_vs_surrogate_02,M2,surrogate_02,4,96,0.6207418977450988,0.60647615612164663,0.014265741623452177,-0.017294900221729526,0.00018598593067642444
M2_vs_surrogate_02,M2,surrogate_02,5,96,0.6514343496811944,0.60878517793917986,0.042649171742014547,0.010199556541020005,0.010046179084611806
M2_vs_surrogate_02,M2,surrogate_02,6,96,0.60485390387551441,0.56957481656102649,0.035279087314487922,0.027494456762749309,0.012479311520648434
M2_vs_surrogate_02,M2,surrogate_02,7,96,0.62378774970847684,0.60064491658065566,0.023142833127821172,0.026164079822616482,0.008898475417499524
M2_vs_surrogate_02,M2,surrogate_02,8,96,0.60313870975464279,0.57733760521719601,0.025801104537446773,0.033702882483370167,0.0098892063700964372
M2_vs_surrogate_02,M2,surrogate_02,9,96,0.66423490592811696,0.62520942036737515,0.039025485560741813,0.027494456762749531,0.013098789147560325
surrogate_02_vs_observed_E4,surrogate_02,E4,0,96,0.59256151284890601,0.59450956229686969,-0.0019480494479636734,0.00088691796008877333,-0.00060873984211906595
surrogate_02_vs_observed_E4,surrogate_02,E4,1,96,0.57368742205321188,0.57452636155234904,-0.00083893949913715904,0.0017738359201773246,-0.00019982230405712897
surrogate_02_vs_observed_E4,surrogate_02,E4,2,96,0.59642748873913998,0.59657281038965504,-0.0001453216505150623,-0.00088691796008877333,9.6355282110272e-05
surrogate_02_vs_observed_E4,surrogate_02,E4,3,96,0.59960468199707595,0.60121337832801636,-0.0016086963309404068,-0.0017738359201775467,-0.00047794062531633652
surrogate_02_vs_observed_E4,surrogate_02,E4,4,96,0.60647615612164663,0.60773801081515155,-0.0012618546935049268,0.001330376940133049,-0.00041208880334342446
surrogate_02_vs_observed_E4,surrogate_02,E4,5,96,0.60878517793917986,0.60902851751111464,-0.00024333957193478639,0.0039911308203991469,0.00015359990065832996
surrogate_02_vs_observed_E4,surrogate_02,E4,6,96,0.56957481656102649,0.57249373260972092,-0.002918916048694431,-0.0017738359201773246,-0.0010389244366430517
surrogate_02_vs_observed_E4,surrogate_02,E4,7,96,0.60064491658065566,0.60251865528811932,-0.0018737387074636569,-0.0039911308203990359,-0.0005569654482316666
surrogate_02_vs_observed_E4,surrogate_02,E4,8,96,0.57733760521719601,0.5770778707763653,0.00025973444083071673,0,0.00030410399987629289
surrogate_02_vs_observed_E4,surrogate_02,E4,9,96,0.62520942036737515,0.64133173669370491,-0.016122316326329766,-0.023503325942350273,-0.0066176639794324199
M2_vs_surrogate_03,M2,surrogate_03,0,96,0.61831118301887888,0.59536818436966843,0.022942998649210455,0.0022172949002218223,0.004223532149973841
M2_vs_surrogate_03,M2,surrogate_03,1,96,0.6037089725756366,0.5740076613336943,0.029701311241942308,0.032372505543237229,0.010825129618278834
M2_vs_surrogate_03,M2,surrogate_03,2,96,0.62450336856335875,0.59761352275971635,0.026889845803642398,0.0026607538802660979,0.0051196511490349816
M2_vs_surrogate_03,M2,surrogate_03,3,96,0.62907800103927436,0.59881766351443566,0.030260337524838699,0.025277161862527708,0.010458724994640345
M2_vs_surrogate_03,M2,surrogate_03,4,96,0.6207418977450988,0.60748679026281249,0.01325510748228631,-0.014634146341463428,-0.00022209743448470265
M2_vs_surrogate_03,M2,surrogate_03,5,96,0.6514343496811944,0.60754340871029966,0.043890940970894743,0.011973392461197441,0.010663690243479684
M2_vs_surrogate_03,M2,surrogate_03,6,96,0.60485390387551441,0.58822397247681357,0.016629931398700837,0.0026607538802659869,0.0048561716322662318
M2_vs_surrogate_03,M2,surrogate_03,7,96,0.62378774970847684,0.60215046360905755,0.021637286099419284,0.022616407982261832,0.0082023965596282888
M2_vs_surrogate_03,M2,surrogate_03,8,96,0.60313870975464279,0.57868439365631585,0.024454316098326934,0.030598669623059793,0.0093610958947731027
M2_vs_surrogate_03,M2,surrogate_03,9,96,0.66423490592811696,0.62647043923075396,0.037764466697362997,0.025720620842572206,0.012570328043847417
surrogate_03_vs_observed_E4,surrogate_03,E4,0,96,0.59536818436966843,0.59450956229686969,0.00085862207279874259,0.0048780487804878092,0.00066450065016049331
surrogate_03_vs_observed_E4,surrogate_03,E4,1,96,0.5740076613336943,0.57452636155234904,-0.00051870021865474403,0.0017738359201773246,-8.3335467503053984e-05
surrogate_03_vs_observed_E4,surrogate_03,E4,2,96,0.59761352275971635,0.59657281038965504,0.0010407123700613141,0.0013303769401329379,0.00058615217722893243
surrogate_03_vs_observed_E4,surrogate_03,E4,3,96,0.59881766351443566,0.60121337832801636,-0.002395714813580696,-0.0022172949002218223,-0.00088177953182577706
surrogate_03_vs_observed_E4,surrogate_03,E4,4,96,0.60748679026281249,0.60773801081515155,-0.00025122055233905982,-0.001330376940133049,-4.0054381822973717e-06
surrogate_03_vs_observed_E4,surrogate_03,E4,5,96,0.60754340871029966,0.60902851751111464,-0.0014851088008149826,0.0022172949002217113,-0.00046391125820954837
surrogate_03_vs_observed_E4,surrogate_03,E4,6,96,0.58822397247681357,0.57249373260972092,0.015730239867092655,0.023059866962305997,0.0065842154517391505
surrogate_03_vs_observed_E4,surrogate_03,E4,7,96,0.60215046360905755,0.60251865528811932,-0.00036819167906176897,-0.00044345898004438666,0.00013911340963956853
surrogate_03_vs_observed_E4,surrogate_03,E4,8,96,0.57868439365631585,0.5770778707763653,0.001606522879950556,0.0031042128603103736,0.00083221447519962743
surrogate_03_vs_observed_E4,surrogate_03,E4,9,96,0.62647043923075396,0.64133173669370491,-0.014861297462950951,-0.021729490022172948,-0.0060892028757195127
M2_vs_surrogate_04,M2,surrogate_04,0,96,0.61831118301887888,0.5913656518680932,0.026945531150785684,0.0084257206208426805,0.0059646254238141516
M2_vs_surrogate_04,M2,surrogate_04,1,96,0.6037089725756366,0.57325021598915216,0.030458756586484448,0.032815964523281504,0.011072466616229598
M2_vs_surrogate_04,M2,surrogate_04,2,96,0.62450336856335875,0.59464537466276879,0.029857993900589963,0.0039911308203990359,0.0063343465310707892
M2_vs_surrogate_04,M2,surrogate_04,3,96,0.62907800103927436,0.59893702720895448,0.030140973830319884,0.024390243902438935,0.010305399178884789
M2_vs_surrogate_04,M2,surrogate_04,4,96,0.6207418977450988,0.60654614896579662,0.014195748779302186,-0.014634146341463539,8.5519820253787682e-05
M2_vs_surrogate_04,M2,surrogate_04,5,96,0.6514343496811944,0.60846349689667723,0.042970852784517177,0.01330376940133049,0.010044875178068041
M2_vs_surrogate_04,M2,surrogate_04,6,96,0.60485390387551441,0.58737461982807326,0.017479284047441146,0.0026607538802659869,0.0051831823583459169
M2_vs_surrogate_04,M2,surrogate_04,7,96,0.62378774970847684,0.60158916929279138,0.022198580415685454,0.02394678492239477,0.0084303578806412816
M2_vs_surrogate_04,M2,surrogate_04,8,96,0.60313870975464279,0.57686242209592808,0.026276287658714703,0.03104212860310418,0.010063228786142325
M2_vs_surrogate_04,M2,surrogate_04,9,96,0.66423490592811696,0.62465971122993602,0.039575194698180938,0.028381374722838193,0.013343618731437606
surrogate_04_vs_observed_E4,surrogate_04,E4,0,96,0.5913656518680932,0.59450956229686969,-0.0031439104287764863,-0.001330376940133049,-0.0010765926236798173
surrogate_04_vs_observed_E4,surrogate_04,E4,1,96,0.57325021598915216,0.57452636155234904,-0.0012761455631968843,0.001330376940133049,-0.00033067246545381845
surrogate_04_vs_observed_E4,surrogate_04,E4,2,96,0.59464537466276879,0.59657281038965504,-0.0019274357268862508,0,-0.00062854320480687509
surrogate_04_vs_observed_E4,surrogate_04,E4,3,96,0.59893702720895448,0.60121337832801636,-0.0022763511190618813,-0.001330376940133049,-0.00072845371607022091
surrogate_04_vs_observed_E4,surrogate_04,E4,4,96,0.60654614896579662,0.60773801081515155,-0.001191861849354936,-0.0013303769401329379,-0.0003116226929207877
surrogate_04_vs_observed_E4,surrogate_04,E4,5,96,0.60846349689667723,0.60902851751111464,-0.00056502061443741702,0.0008869179600886623,0.00015490380720209473
surrogate_04_vs_observed_E4,surrogate_04,E4,6,96,0.58737461982807326,0.57249373260972092,0.014880887218352346,0.023059866962305997,0.0062572047256594654
surrogate_04_vs_observed_E4,surrogate_04,E4,7,96,0.60158916929279138,0.60251865528811932,-0.00092948599532793885,-0.0017738359201773246,-8.8847911373424182e-05
surrogate_04_vs_observed_E4,surrogate_04,E4,8,96,0.57686242209592808,0.5770778707763653,-0.00021544868043721355,0.0026607538802659869,0.0001300815838304048
surrogate_04_vs_observed_E4,surrogate_04,E4,9,96,0.62465971122993602,0.64133173669370491,-0.016672025463768891,-0.024390243902438935,-0.0068624935633097017
M2_vs_surrogate_05,M2,surrogate_05,0,96,0.61831118301887888,0.59560423726531175,0.022706945753567132,-0.00044345898004427564,0.0041303284252729444
M2_vs_surrogate_05,M2,surrogate_05,1,96,0.6037089725756366,0.57497330020142545,0.028735672374211152,0.028824833702882358,0.010311674107272933
M2_vs_surrogate_05,M2,surrogate_05,2,96,0.62450336856335875,0.59893441123826774,0.025568957325091013,-0.00044345898004438666,0.0043872489847123219
M2_vs_surrogate_05,M2,surrogate_05,3,96,0.62907800103927436,0.59994940791820695,0.029128593121067414,0.023946784922394659,0.0099623158575142257
M2_vs_surrogate_05,M2,surrogate_05,4,96,0.6207418977450988,0.60953403828514874,0.011207859459950065,-0.019955654101995624,-0.0012267383847197333
M2_vs_surrogate_05,M2,surrogate_05,5,96,0.6514343496811944,0.61029681451215811,0.041137535169036288,0.0088691796008869561,0.0093577837105720263
M2_vs_surrogate_05,M2,surrogate_05,6,96,0.60485390387551441,0.58927868303232211,0.015575220843192294,0.0048780487804876982,0.0043452121746642425
M2_vs_surrogate_05,M2,surrogate_05,7,96,0.62378774970847684,0.60474115242242765,0.019046597286049183,0.02039911308204001,0.007099642569326825
M2_vs_surrogate_05,M2,surrogate_05,8,96,0.60313870975464279,0.57939741244095599,0.023741297313686793,0.030598669623059793,0.0089363527681531885
M2_vs_surrogate_05,M2,surrogate_05,9,96,0.66423490592811696,0.64204063741573869,0.022194268512378268,0.00133037694013316,0.005899855100057444
surrogate_05_vs_observed_E4,surrogate_05,E4,0,96,0.59560423726531175,0.59450956229686969,0.0010946749684420665,0.0075388026607539071,0.00075770437486138986
surrogate_05_vs_observed_E4,surrogate_05,E4,1,96,0.57497330020142545,0.57452636155234904,0.00044693864907641156,0.0053215077605321959,0.00043012004350284627
surrogate_05_vs_observed_E4,surrogate_05,E4,2,96,0.59893441123826774,0.59657281038965504,0.0023616008486126994,0.0044345898004434225,0.0013185543415515921
surrogate_05_vs_observed_E4,surrogate_05,E4,3,96,0.59994940791820695,0.60121337832801636,-0.0012639704098094118,-0.00088691796008877333,-0.00038537039469965784
surrogate_05_vs_observed_E4,surrogate_05,E4,4,96,0.60953403828514874,0.60773801081515155,0.0017960274699971857,0.0039911308203991469,0.0010006355120527333
surrogate_05_vs_observed_E4,surrogate_05,E4,5,96,0.61029681451215811,0.60902851751111464,0.0012682970010434724,0.0053215077605321959,0.00084199527469810964
surrogate_05_vs_observed_E4,surrogate_05,E4,6,96,0.58927868303232211,0.57249373260972092,0.016784950422601197,0.020842572062084286,0.0070951749093411398
surrogate_05_vs_observed_E4,surrogate_05,E4,7,96,0.60474115242242765,0.60251865528811932,0.0022224971343083322,0.0017738359201774356,0.0012418673999410323
surrogate_05_vs_observed_E4,surrogate_05,E4,8,96,0.57939741244095599,0.5770778707763653,0.0023195416645906963,0.0031042128603103736,0.0012569576018195416
surrogate_05_vs_observed_E4,surrogate_05,E4,9,96,0.64204063741573869,0.64133173669370491,0.00070890072203377841,0.0026607538802660979,0.00058127006807046078
M2_vs_surrogate_06,M2,surrogate_06,0,96,0.61831118301887888,0.59438836699230579,0.02392281602657309,0.0044345898004435336,0.0046336633581147701
M2_vs_surrogate_06,M2,surrogate_06,1,96,0.6037089725756366,0.57395844198514601,0.029750530590490598,0.029711751662971131,0.010714164172649809
M2_vs_surrogate_06,M2,surrogate_06,2,96,0.62450336856335875,0.59914299344937827,0.025360375113980482,-0.00088691796008877333,0.0041813888055221848
M2_vs_surrogate_06,M2,surrogate_06,3,96,0.62907800103927436,0.59942752210484418,0.02965047893443018,0.025720620842572095,0.010084563683735476
M2_vs_surrogate_06,M2,surrogate_06,4,96,0.6207418977450988,0.60906320765447475,0.011678690090624055,-0.015077605321507814,-0.0010166313042833941
M2_vs_surrogate_06,M2,surrogate_06,5,96,0.6514343496811944,0.60915166794824394,0.042282681732950467,0.011086474501108778,0.009738421270780645
M2_vs_surrogate_06,M2,surrogate_06,6,96,0.60485390387551441,0.58805846450765753,0.016795439367856879,0.0031042128603103736,0.0048833919860859776
M2_vs_surrogate_06,M2,surrogate_06,7,96,0.62378774970847684,0.60217619468829575,0.021611555020181084,0.023059866962306108,0.0080443623181948309
M2_vs_surrogate_06,M2,surrogate_06,8,96,0.60313870975464279,0.57843580385510374,0.024702905899539052,0.027937915742793695,0.009271731295709601
M2_vs_surrogate_06,M2,surrogate_06,9,96,0.66423490592811696,0.62565061449536163,0.038584291432755324,0.025720620842572206,0.012814891856081645
surrogate_06_vs_observed_E4,surrogate_06,E4,0,96,0.59438836699230579,0.59450956229686969,-0.00012119530456389249,0.0026607538802660979,0.00025436944201956413
surrogate_06_vs_observed_E4,surrogate_06,E4,1,96,0.57395844198514601,0.57452636155234904,-0.0005679195672030346,0.0044345898004434225,2.7629978125970345e-05
surrogate_06_vs_observed_E4,surrogate_06,E4,2,96,0.59914299344937827,0.59657281038965504,0.00257018305972323,0.0048780487804878092,0.0015244145207417292
surrogate_06_vs_observed_E4,surrogate_06,E4,3,96,0.59942752210484418,0.60121337832801636,-0.0017858562231721775,-0.002660753880266209,-0.00050761822092090791
surrogate_06_vs_observed_E4,surrogate_06,E4,4,96,0.60906320765447475,0.60773801081515155,0.001325196839323195,-0.0008869179600886623,0.00079052843161639408
surrogate_06_vs_observed_E4,surrogate_06,E4,5,96,0.60915166794824394,0.60902851751111464,0.00012315043712929352,0.0031042128603103736,0.00046135771448949092
surrogate_06_vs_observed_E4,surrogate_06,E4,6,96,0.58805846450765753,0.57249373260972092,0.015564731897936612,0.02261640798226161,0.0065569950979194047
surrogate_06_vs_observed_E4,surrogate_06,E4,7,96,0.60217619468829575,0.60251865528811932,-0.00034246059982356858,-0.0008869179600886623,0.00029714765107302643
surrogate_06_vs_observed_E4,surrogate_06,E4,8,96,0.57843580385510374,0.5770778707763653,0.001357933078738438,0.0057649667405764715,0.00092157907426312913
surrogate_06_vs_observed_E4,surrogate_06,E4,9,96,0.62565061449536163,0.64133173669370491,-0.015681122198343278,-0.021729490022172948,-0.0063337666879537402
M2_vs_surrogate_07,M2,surrogate_07,0,96,0.61831118301887888,0.59496488634490252,0.023346296673976363,0.0022172949002218223,0.0044106633640907666
M2_vs_surrogate_07,M2,surrogate_07,1,96,0.6037089725756366,0.57509279637476318,0.028616176200873422,0.030598669623059793,0.010303248968617673
M2_vs_surrogate_07,M2,surrogate_07,2,96,0.62450336856335875,0.59883538736861119,0.025667981194747558,0.00044345898004427564,0.0044842084271848603
M2_vs_surrogate_07,M2,surrogate_07,3,96,0.62907800103927436,0.60092436834904328,0.028153632690231079,0.024833702882483322,0.0094850171350320533
M2_vs_surrogate_07,M2,surrogate_07,4,96,0.6207418977450988,0.60877483278852729,0.011967064956571516,-0.015964523281596477,-0.00087112616106244101
M2_vs_surrogate_07,M2,surrogate_07,5,96,0.6514343496811944,0.60995544033732296,0.04147890934387144,0.010643015521064392,0.0095123433408878799
M2_vs_surrogate_07,M2,surrogate_07,6,96,0.60485390387551441,0.58944241121386887,0.015411492661645543,0.0044345898004433115,0.0043252778683583182
M2_vs_surrogate_07,M2,surrogate_07,7,96,0.62378774970847684,0.60422983755132031,0.019557912157156521,0.022172949002217446,0.0073042378689087972
M2_vs_surrogate_07,M2,surrogate_07,8,96,0.60313870975464279,0.5790593394133362,0.024079370341306583,0.030598669623059793,0.0091174310247086332
M2_vs_surrogate_07,M2,surrogate_07,9,96,0.66423490592811696,0.6433504506310237,0.020884455297093263,0.00088691796008888435,0.0054694198479166289
surrogate_07_vs_observed_E4,surrogate_07,E4,0,96,0.59496488634490252,0.59450956229686969,0.00045532404803283466,0.0048780487804878092,0.00047736943604356763
surrogate_07_vs_observed_E4,surrogate_07,E4,1,96,0.57509279637476318,0.57452636155234904,0.00056643482241414134,0.0035476718403547602,0.00043854518215810656
surrogate_07_vs_observed_E4,surrogate_07,E4,2,96,0.59883538736861119,0.59657281038965504,0.0022625769789561545,0.0035476718403547602,0.0012215948990790537
surrogate_07_vs_observed_E4,surrogate_07,E4,3,96,0.60092436834904328,0.60121337832801636,-0.00028900997897307601,-0.0017738359201774356,9.1928327782514474e-05
surrogate_07_vs_observed_E4,surrogate_07,E4,4,96,0.60877483278852729,0.60773801081515155,0.0010368219733757345,0,0.00064502328839544099
surrogate_07_vs_observed_E4,surrogate_07,E4,5,96,0.60995544033732296,0.60902851751111464,0.00092692282620832067,0.0035476718403547602,0.00068743564438225602
surrogate_07_vs_observed_E4,surrogate_07,E4,6,96,0.58944241121386887,0.57249373260972092,0.016948678604147949,0.021286031042128672,0.0071151092156470641
surrogate_07_vs_observed_E4,surrogate_07,E4,7,96,0.60422983755132031,0.60251865528811932,0.0017111822632009943,0,0.0010372721003590601
surrogate_07_vs_observed_E4,surrogate_07,E4,8,96,0.5790593394133362,0.5770778707763653,0.0019814686369709067,0.0031042128603103736,0.0010758793452640969
surrogate_07_vs_observed_E4,surrogate_07,E4,9,96,0.6433504506310237,0.64133173669370491,0.0020187139373187835,0.0031042128603103736,0.0010117053202112758
M2_vs_surrogate_08,M2,surrogate_08,0,96,0.61831118301887888,0.59311437312332771,0.025196809895551175,0.0022172949002218223,0.0053007509592159774
M2_vs_surrogate_08,M2,surrogate_08,1,96,0.6037089725756366,0.57435578447289992,0.029353188102736683,0.032372505543237118,0.010669148840517284
M2_vs_surrogate_08,M2,surrogate_08,2,96,0.62450336856335875,0.59842582012823309,0.026077548435125664,0.00044345898004427564,0.0047095499386316242
M2_vs_surrogate_08,M2,surrogate_08,3,96,0.62907800103927436,0.60051722176397149,0.028560779275302872,0.024833702882483322,0.0096839575995251448
M2_vs_surrogate_08,M2,surrogate_08,4,96,0.6207418977450988,0.61031371032753101,0.010428187417567791,-0.018625277161862575,-0.0014839253851821332
M2_vs_surrogate_08,M2,surrogate_08,5,96,0.6514343496811944,0.61030012814119872,0.041134221539995686,0.0070953436807096315,0.0092678365145317521
M2_vs_surrogate_08,M2,surrogate_08,6,96,0.60485390387551441,0.58883059597355258,0.016023307901961825,0.0044345898004434225,0.0045617416610410355
M2_vs_surrogate_08,M2,surrogate_08,7,96,0.62378774970847684,0.60242968111001227,0.021358068598464564,0.019955654101995624,0.0081383409254830175
M2_vs_surrogate_08,M2,surrogate_08,8,96,0.60313870975464279,0.5788023510543997,0.024336358700243088,0.02971175166297102,0.0092765163206160184
M2_vs_surrogate_08,M2,surrogate_08,9,96,0.66423490592811696,0.62632098543804027,0.037913920490076691,0.028381374722838193,0.012648236489662068
surrogate_08_vs_observed_E4,surrogate_08,E4,0,96,0.59311437312332771,0.59450956229686969,-0.0013951891735419775,0.0048780487804878092,-0.00041271815908164311
surrogate_08_vs_observed_E4,surrogate_08,E4,1,96,0.57435578447289992,0.57452636155234904,-0.00017057707944911904,0.0017738359201774356,7.2645310258495632e-05
surrogate_08_vs_observed_E4,surrogate_08,E4,2,96,0.59842582012823309,0.59657281038965504,0.0018530097385780486,0.0035476718403547602,0.00099625338763228988
surrogate_08_vs_observed_E4,surrogate_08,E4,3,96,0.60051722176397149,0.60121337832801636,-0.0006961565640448697,-0.0017738359201774356,-0.00010701213671057697
surrogate_08_vs_observed_E4,surrogate_08,E4,4,96,0.61031371032753101,0.60773801081515155,0.002575699512379459,0.0026607538802660979,0.0012578225125151332
surrogate_08_vs_observed_E4,surrogate_08,E4,5,96,0.61030012814119872,0.60902851751111464,0.0012716106300840746,0.0070953436807095205,0.00093194247073838388
surrogate_08_vs_observed_E4,surrogate_08,E4,6,96,0.58883059597355258,0.57249373260972092,0.016336863363831666,0.021286031042128561,0.0068786454229643468
surrogate_08_vs_observed_E4,surrogate_08,E4,7,96,0.60242968111001227,0.60251865528811932,-8.8974178107048552e-05,0.0022172949002218223,0.00020316904378483991
surrogate_08_vs_observed_E4,surrogate_08,E4,8,96,0.5788023510543997,0.5770778707763653,0.0017244802780344015,0.0039911308203991469,0.00091679404935671172
surrogate_08_vs_observed_E4,surrogate_08,E4,9,96,0.62632098543804027,0.64133173669370491,-0.015010751255664645,-0.024390243902438935,-0.0061671113215341633
M2_vs_surrogate_09,M2,surrogate_09,0,96,0.61831118301887888,0.59271790309815153,0.025593279920727352,0.0084257206208426805,0.0055053093273754461
M2_vs_surrogate_09,M2,surrogate_09,1,96,0.6037089725756366,0.57296244653748141,0.030746526038155197,0.033702882483370167,0.011289227411898972
M2_vs_surrogate_09,M2,surrogate_09,2,96,0.62450336856335875,0.59625170340587019,0.028251665157488559,0.0035476718403546492,0.0057249606623363258
M2_vs_surrogate_09,M2,surrogate_09,3,96,0.62907800103927436,0.59833022844450634,0.030747772594768019,0.025720620842572095,0.010707770343170525
M2_vs_surrogate_09,M2,surrogate_09,4,96,0.6207418977450988,0.60784501843010774,0.012896879314991061,-0.014190687361419152,-0.0003898399375618089
M2_vs_surrogate_09,M2,surrogate_09,5,96,0.6514343496811944,0.60614128657726318,0.045293063103931219,0.013747228381374765,0.01123507798351589
M2_vs_surrogate_09,M2,surrogate_09,6,96,0.60485390387551441,0.56931154341887069,0.035542360456643718,0.027494456762749309,0.012627788970796056
M2_vs_surrogate_09,M2,surrogate_09,7,96,0.62378774970847684,0.60227598869553189,0.021511761012944941,0.022616407982261721,0.0082323284116328777
M2_vs_surrogate_09,M2,surrogate_09,8,96,0.60313870975464279,0.57749175313484502,0.025646956619797767,0.032372505543237118,0.0099103888785367911
M2_vs_surrogate_09,M2,surrogate_09,9,96,0.66423490592811696,0.62374786703973706,0.0404870388883799,0.030598669623059904,0.013704079378563966
surrogate_09_vs_observed_E4,surrogate_09,E4,0,96,0.59271790309815153,0.59450956229686969,-0.001791659198718154,-0.001330376940133049,-0.00061727652724111182
surrogate_09_vs_observed_E4,surrogate_09,E4,1,96,0.57296244653748141,0.57452636155234904,-0.001563915014867634,0.00044345898004438666,-0.00054743326112319246
surrogate_09_vs_observed_E4,surrogate_09,E4,2,96,0.59625170340587019,0.59657281038965504,-0.00032110698378484681,0.00044345898004438666,-1.9157336072411768e-05
surrogate_09_vs_observed_E4,surrogate_09,E4,3,96,0.59833022844450634,0.60121337832801636,-0.0028831498835100167,-0.002660753880266209,-0.0011308248803559573
surrogate_09_vs_observed_E4,surrogate_09,E4,4,96,0.60784501843010774,0.60773801081515155,0.00010700761495618938,-0.0017738359201773246,0.00016373706489480888
surrogate_09_vs_observed_E4,surrogate_09,E4,5,96,0.60614128657726318,0.60902851751111464,-0.002887230933851459,0.00044345898004438666,-0.0010352989982457539
surrogate_09_vs_observed_E4,surrogate_09,E4,6,96,0.56931154341887069,0.57249373260972092,-0.0031821891908502264,-0.0017738359201773246,-0.0011874018867906733
surrogate_09_vs_observed_E4,surrogate_09,E4,7,96,0.60227598869553189,0.60251865528811932,-0.00024266659258742607,-0.00044345898004427564,0.00010918155763497972
surrogate_09_vs_observed_E4,surrogate_09,E4,8,96,0.57749175313484502,0.5770778707763653,0.00041388235847972243,0.001330376940133049,0.00028292149143593903
surrogate_09_vs_observed_E4,surrogate_09,E4,9,96,0.62374786703973706,0.64133173669370491,-0.017583869653967854,-0.026607538802660646,-0.0072229542104360611
M2_vs_surrogate_10,M2,surrogate_10,0,96,0.61831118301887888,0.5941760233904908,0.024135159628388081,0.00088691796008888435,0.0047807641758300656
M2_vs_surrogate_10,M2,surrogate_10,1,96,0.6037089725756366,0.57429530758898706,0.029413664986649546,0.031485587583148456,0.010655035420826353
M2_vs_surrogate_10,M2,surrogate_10,2,96,0.62450336856335875,0.59769025557274702,0.026813112990611732,0.0017738359201773246,0.0050350693713944461
M2_vs_surrogate_10,M2,surrogate_10,3,96,0.62907800103927436,0.59985113579517557,0.029226865244098787,0.027050997782705033,0.010023085435219181
M2_vs_surrogate_10,M2,surrogate_10,4,96,0.6207418977450988,0.60836808057507907,0.01237381717001973,-0.018181818181818299,-0.00058205736870539648
M2_vs_surrogate_10,M2,surrogate_10,5,96,0.6514343496811944,0.60959558719343043,0.04183876248776397,0.011086474501108667,0.0097051165316805188
M2_vs_surrogate_10,M2,surrogate_10,6,96,0.60485390387551441,0.58873985763496439,0.016114046240550017,0.0053215077605320849,0.0046292364847067835
M2_vs_surrogate_10,M2,surrogate_10,7,96,0.62378774970847684,0.60325708718705429,0.020530662521422549,0.023059866962306108,0.0076995191507862881
M2_vs_surrogate_10,M2,surrogate_10,8,96,0.60313870975464279,0.57799486030666447,0.025143849447978317,0.030598669623059682,0.009589317436348832
M2_vs_surrogate_10,M2,surrogate_10,9,96,0.66423490592811696,0.64202891500881565,0.022205990919301311,0.002660753880266209,0.0060078830559558982
surrogate_10_vs_observed_E4,surrogate_10,E4,0,96,0.5941760233904908,0.59450956229686969,-0.00033353890637888295,0.0062084257206207472,0.00010726862430426864
surrogate_10_vs_observed_E4,surrogate_10,E4,1,96,0.57429530758898706,0.57452636155234904,-0.00023105396336198236,0.0026607538802660979,8.6758729949426572e-05
surrogate_10_vs_observed_E4,surrogate_10,E4,2,96,0.59769025557274702,0.59657281038965504,0.0011174451830919807,0.0022172949002217113,0.00067073395486946796
surrogate_10_vs_observed_E4,surrogate_10,E4,3,96,0.59985113579517557,0.60121337832801636,-0.001362242532840785,-0.0039911308203991469,-0.00044613997240461334
surrogate_10_vs_observed_E4,surrogate_10,E4,4,96,0.60836808057507907,0.60773801081515155,0.00063006975992752068,0.0022172949002218223,0.00035595449603839646
surrogate_10_vs_observed_E4,surrogate_10,E4,5,96,0.60959558719343043,0.60902851751111464,0.00056706968231579058,0.0031042128603104846,0.00049466245358961713
surrogate_10_vs_observed_E4,surrogate_10,E4,6,96,0.58873985763496439,0.57249373260972092,0.016246125025243474,0.020399113082039899,0.0068111505992985988
surrogate_10_vs_observed_E4,surrogate_10,E4,7,96,0.60325708718705429,0.60251865528811932,0.00073843189893496586,-0.0008869179600886623,0.00064199081848156925
surrogate_10_vs_observed_E4,surrogate_10,E4,8,96,0.57799486030666447,0.5770778707763653,0.00091698953029917263,0.0031042128603104846,0.00060399293362389805
surrogate_10_vs_observed_E4,surrogate_10,E4,9,96,0.64202891500881565,0.64133173669370491,0.0006971783151107358,0.001330376940133049,0.00047324211217200651
M2_vs_surrogate_11,M2,surrogate_11,0,96,0.61831118301887888,0.59209465203481171,0.026216530984067177,0.0048780487804879202,0.0056078938769139608
M2_vs_surrogate_11,M2,surrogate_11,1,96,0.6037089725756366,0.57334284924820578,0.030366123327430827,0.030155210643015407,0.01100931374501421
M2_vs_surrogate_11,M2,surrogate_11,2,96,0.62450336856335875,0.59664223245638093,0.027861136106977824,0.0044345898004434225,0.0053856884106583125
M2_vs_surrogate_11,M2,surrogate_11,3,96,0.62907800103927436,0.5993354276830053,0.029742573356269064,0.025720620842572095,0.010071534918621505
M2_vs_surrogate_11,M2,surrogate_11,4,96,0.6207418977450988,0.60743864602598008,0.013303251719118725,-0.01552106430155209,-0.00034640256427526106
M2_vs_surrogate_11,M2,surrogate_11,5,96,0.6514343496811944,0.60805273845484187,0.043381611226352534,0.010199556541020005,0.01014216085566963
M2_vs_surrogate_11,M2,surrogate_11,6,96,0.60485390387551441,0.56989043194601685,0.034963471929497558,0.025720620842571984,0.012249689713146106
M2_vs_surrogate_11,M2,surrogate_11,7,96,0.62378774970847684,0.60209616643111818,0.02169158327735865,0.021729490022173059,0.0080687139708927325
M2_vs_surrogate_11,M2,surrogate_11,8,96,0.60313870975464279,0.57866199137074248,0.024476718383900309,0.030155210643015407,0.0092185242049699634
M2_vs_surrogate_11,M2,surrogate_11,9,96,0.66423490592811696,0.6410367144464485,0.023198191481668462,0.0044345898004435336,0.0063922997080287647
surrogate_11_vs_observed_E4,surrogate_11,E4,0,96,0.59209465203481171,0.59450956229686969,-0.0024149102620579788,0.0022172949002217113,-0.00071986107677962652
surrogate_11_vs_observed_E4,surrogate_11,E4,1,96,0.57334284924820578,0.57452636155234904,-0.0011835123041432638,0.0039911308203991469,-0.00026751959423843008
surrogate_11_vs_observed_E4,surrogate_11,E4,2,96,0.59664223245638093,0.59657281038965504,6.9422066725888243e-05,-0.00044345898004438666,0.00032011491560560157
surrogate_11_vs_observed_E4,surrogate_11,E4,3,96,0.5993354276830053,0.60121337832801636,-0.0018779506450110617,-0.002660753880266209,-0.00049458945580693747
surrogate_11_vs_observed_E4,surrogate_11,E4,4,96,0.60743864602598008,0.60773801081515155,-0.00029936478917147458,-0.00044345898004438666,0.00012029969160826104
surrogate_11_vs_observed_E4,surrogate_11,E4,5,96,0.60805273845484187,0.60902851751111464,-0.00097577905627277417,0.0039911308203991469,5.7618129600506274e-05
surrogate_11_vs_observed_E4,surrogate_11,E4,6,96,0.56989043194601685,0.57249373260972092,-0.0026033006637040668,0,-0.00080930262914072348
surrogate_11_vs_observed_E4,surrogate_11,E4,7,96,0.60209616643111818,0.60251865528811932,-0.00042248885700113537,0.00044345898004438666,0.00027279599837512492
surrogate_11_vs_observed_E4,surrogate_11,E4,8,96,0.57866199137074248,0.5770778707763653,0.0015841205943771808,0.0035476718403547602,0.00097478616500276671
surrogate_11_vs_observed_E4,surrogate_11,E4,9,96,0.6410367144464485,0.64133173669370491,-0.00029502224725641568,-0.00044345898004427564,8.8825460099140052e-05
M2_vs_surrogate_12,M2,surrogate_12,0,96,0.61831118301887888,0.59386600974030923,0.024445173278569654,0.0053215077605321959,0.0050057563286286244
M2_vs_surrogate_12,M2,surrogate_12,1,96,0.6037089725756366,0.57387424002693466,0.029834732548701948,0.033702882483370167,0.010949280802310057
M2_vs_surrogate_12,M2,surrogate_12,2,96,0.62450336856335875,0.59814369986892502,0.026359668694433736,0.0026607538802659869,0.0049352208027983735
M2_vs_surrogate_12,M2,surrogate_12,3,96,0.62907800103927436,0.60035801411419421,0.028719986925080154,0.02394678492239477,0.0098478739677616001
M2_vs_surrogate_12,M2,surrogate_12,4,96,0.6207418977450988,0.60828577289440566,0.01245612485069314,-0.01685144124168525,-0.00054773042380670822
M2_vs_surrogate_12,M2,surrogate_12,5,96,0.6514343496811944,0.61026698374809496,0.041167365933099442,0.0093126385809313428,0.0095083284454642314
M2_vs_surrogate_12,M2,surrogate_12,6,96,0.60485390387551441,0.58981416064344316,0.015039743232071245,0.0039911308203990359,0.0042619593770497344
M2_vs_surrogate_12,M2,surrogate_12,7,96,0.62378774970847684,0.60239093352553086,0.021396816182945977,0.023059866962306108,0.0081867326644188276
M2_vs_surrogate_12,M2,surrogate_12,8,96,0.60313870975464279,0.57923344416129352,0.023905265593349267,0.028381374722838082,0.0091495504116189674
M2_vs_surrogate_12,M2,surrogate_12,9,96,0.66423490592811696,0.64188059718372636,0.022354308744390594,0.0035476718403548713,0.0061753839855438475
surrogate_12_vs_observed_E4,surrogate_12,E4,0,96,0.59386600974030923,0.59450956229686969,-0.00064355255656045607,0.0017738359201774356,-0.00011772352849429013
surrogate_12_vs_observed_E4,surrogate_12,E4,1,96,0.57387424002693466,0.57452636155234904,-0.00065212152541438417,0.00044345898004438666,-0.0002074866515342777
surrogate_12_vs_observed_E4,surrogate_12,E4,2,96,0.59814369986892502,0.59657281038965504,0.0015708894792699768,0.001330376940133049,0.00077058252346554057
surrogate_12_vs_observed_E4,surrogate_12,E4,3,96,0.60035801411419421,0.60121337832801636,-0.00085536421382215178,-0.00088691796008888435,-0.00027092850494703224
surrogate_12_vs_observed_E4,surrogate_12,E4,4,96,0.60828577289440566,0.60773801081515155,0.00054776207925411047,0.00088691796008877333,0.0003216275511397082
surrogate_12_vs_observed_E4,surrogate_12,E4,5,96,0.61026698374809496,0.60902851751111464,0.0012384662369803179,0.0048780487804878092,0.00069145053980590454
surrogate_12_vs_observed_E4,surrogate_12,E4,6,96,0.58981416064344316,0.57249373260972092,0.017320428033722246,0.021729490022172948,0.0071784277069556479
surrogate_12_vs_observed_E4,surrogate_12,E4,7,96,0.60239093352553086,0.60251865528811932,-0.00012772176258846191,-0.0008869179600886623,0.00015477730484902974
surrogate_12_vs_observed_E4,surrogate_12,E4,8,96,0.57923344416129352,0.5770778707763653,0.0021555733849282221,0.0053215077605320849,0.0010437599583537627
surrogate_12_vs_observed_E4,surrogate_12,E4,9,96,0.64188059718372636,0.64133173669370491,0.00054886049002145221,0.00044345898004438666,0.00030574118258405725
M2_vs_surrogate_13,M2,surrogate_13,0,96,0.61831118301887888,0.59306125879207794,0.025249924226800946,0.0053215077605323069,0.005292302354112377
M2_vs_surrogate_13,M2,surrogate_13,1,96,0.6037089725756366,0.57290649893470402,0.030802473640932582,0.034146341463414553,0.011287464673914949
M2_vs_surrogate_13,M2,surrogate_13,2,96,0.62450336856335875,0.5978842052529485,0.026619163310410254,0.0026607538802660979,0.0049718354864068115
M2_vs_surrogate_13,M2,surrogate_13,3,96,0.62907800103927436,0.59912552765311633,0.029952473386158029,0.025277161862527708,0.010304120098007186
M2_vs_surrogate_13,M2,surrogate_13,4,96,0.6207418977450988,0.60753533051643815,0.013206567228660648,-0.014634146341463428,-0.00026864209468024924
M2_vs_surrogate_13,M2,surrogate_13,5,96,0.6514343496811944,0.60997123495212446,0.041463114729069939,0.0097560975609757294,0.0095138540943685845
M2_vs_surrogate_13,M2,surrogate_13,6,96,0.60485390387551441,0.58923738966069961,0.015616514214814803,0.001330376940133049,0.0044518959212681841
M2_vs_surrogate_13,M2,surrogate_13,7,96,0.62378774970847684,0.60230181587221299,0.021485933836263849,0.023059866962306108,0.0081351730309538184
M2_vs_surrogate_13,M2,surrogate_13,8,96,0.60313870975464279,0.57752675681438614,0.025611952940256644,0.031929046563192731,0.0097956290048490102
M2_vs_surrogate_13,M2,surrogate_13,9,96,0.66423490592811696,0.62663756104817114,0.037597344879945815,0.027494456762749531,0.012444107368960483
surrogate_13_vs_observed_E4,surrogate_13,E4,0,96,0.59306125879207794,0.59450956229686969,-0.0014483035047917481,0.0017738359201773246,-0.00040426955397804276
surrogate_13_vs_observed_E4,surrogate_13,E4,1,96,0.57290649893470402,0.57452636155234904,-0.0016198626176450182,0,-0.00054567052313916897
surrogate_13_vs_observed_E4,surrogate_13,E4,2,96,0.5978842052529485,0.59657281038965504,0.001311394863293458,0.0013303769401329379,0.00073396783985710257
surrogate_13_vs_observed_E4,surrogate_13,E4,3,96,0.59912552765311633,0.60121337832801636,-0.002087850674900027,-0.0022172949002218223,-0.00072717463519261782
surrogate_13_vs_observed_E4,surrogate_13,E4,4,96,0.60753533051643815,0.60773801081515155,-0.00020268029871339799,-0.001330376940133049,4.2539222013249223e-05
surrogate_13_vs_observed_E4,surrogate_13,E4,5,96,0.60997123495212446,0.60902851751111464,0.00094271744100982158,0.0044345898004434225,0.0006859248909015514
surrogate_13_vs_observed_E4,surrogate_13,E4,6,96,0.58923738966069961,0.57249373260972092,0.016743657050978689,0.024390243902438935,0.0069884911627371982
surrogate_13_vs_observed_E4,surrogate_13,E4,7,96,0.60230181587221299,0.60251865528811932,-0.0002168394159063336,-0.0008869179600886623,0.00020633693831403899
surrogate_13_vs_observed_E4,surrogate_13,E4,8,96,0.57752675681438614,0.5770778707763653,0.00044888603802084592,0.0017738359201774356,0.00039768136512371988
surrogate_13_vs_observed_E4,surrogate_13,E4,9,96,0.62663756104817114,0.64133173669370491,-0.014694175645533769,-0.023503325942350273,-0.0059629822008325784
M2_vs_surrogate_14,M2,surrogate_14,0,96,0.61831118301887888,0.59333811346796905,0.024973069550909832,0.0057649667405766936,0.0052351200526930819
M2_vs_surrogate_14,M2,surrogate_14,1,96,0.6037089725756366,0.57378500900888574,0.029923963566750866,0.030598669623059793,0.010874346316739475
M2_vs_surrogate_14,M2,surrogate_14,2,96,0.62450336856335875,0.59828213071142422,0.026221237851934531,-0.00044345898004438666,0.0047590609558589847
M2_vs_surrogate_14,M2,surrogate_14,3,96,0.62907800103927436,0.59892470664446551,0.030153294394808849,0.025277161862527597,0.010373710817625115
M2_vs_surrogate_14,M2,surrogate_14,4,96,0.6207418977450988,0.60843674243366552,0.01230515531143328,-0.015077605321507814,-0.00067453128879099711
M2_vs_surrogate_14,M2,surrogate_14,5,96,0.6514343496811944,0.60862231497168284,0.042812034709511559,0.012860310421286103,0.010000072854158271
M2_vs_surrogate_14,M2,surrogate_14,6,96,0.60485390387551441,0.57037761726235237,0.034476286613162044,0.023946784922394659,0.012087303257905496
M2_vs_surrogate_14,M2,surrogate_14,7,96,0.62378774970847684,0.60121814663855144,0.022569603069925392,0.023503325942350384,0.0085330576242026446
M2_vs_surrogate_14,M2,surrogate_14,8,96,0.60313870975464279,0.57724960710190654,0.025889102652736251,0.028824833702882358,0.0098997117120929734
M2_vs_surrogate_14,M2,surrogate_14,9,96,0.66423490592811696,0.62432077067180902,0.039914135256307937,0.027050997782705255,0.013375468164737558
surrogate_14_vs_observed_E4,surrogate_14,E4,0,96,0.59333811346796905,0.59450956229686969,-0.0011714488289006342,0.0013303769401329379,-0.00034708725255874762
surrogate_14_vs_observed_E4,surrogate_14,E4,1,96,0.57378500900888574,0.57452636155234904,-0.00074135254346330282,0.0035476718403547602,-0.00013255216596369523
surrogate_14_vs_observed_E4,surrogate_14,E4,2,96,0.59828213071142422,0.59657281038965504,0.001709320321769181,0.0044345898004434225,0.00094674237040492937
surrogate_14_vs_observed_E4,surrogate_14,E4,3,96,0.59892470664446551,0.60121337832801636,-0.0022886716835508469,-0.0022172949002217113,-0.00079676535481054689
surrogate_14_vs_observed_E4,surrogate_14,E4,4,96,0.60843674243366552,0.60773801081515155,0.00069873161851397025,-0.0008869179600886623,0.00044842841612399709
surrogate_14_vs_observed_E4,surrogate_14,E4,5,96,0.60862231497168284,0.60902851751111464,-0.00040620253943179918,0.001330376940133049,0.0001997061311118653
surrogate_14_vs_observed_E4,surrogate_14,E4,6,96,0.57037761726235237,0.57249373260972092,-0.0021161153473685523,0.0017738359201773246,-0.00064691617390011391
surrogate_14_vs_observed_E4,surrogate_14,E4,7,96,0.60121814663855144,0.60251865528811932,-0.0013005086495678775,-0.0013303769401329379,-0.0001915476549347872
surrogate_14_vs_observed_E4,surrogate_14,E4,8,96,0.57724960710190654,0.5770778707763653,0.00017173632554123852,0.0048780487804878092,0.0002935986578797567
surrogate_14_vs_observed_E4,surrogate_14,E4,9,96,0.62432077067180902,0.64133173669370491,-0.01701096602189589,-0.023059866962305997,-0.0068943429966096537
M2_vs_surrogate_15,M2,surrogate_15,0,96,0.61831118301887888,0.59150156348525107,0.026809619533627815,0.0079822616407982938,0.0059899197361316658
M2_vs_surrogate_15,M2,surrogate_15,1,96,0.6037089725756366,0.5731743659187134,0.030534606656923202,0.033702882483370278,0.011115257337956513
M2_vs_surrogate_15,M2,surrogate_15,2,96,0.62450336856335875,0.59599835859550165,0.028505009967857098,0.0035476718403546492,0.0057585122391372312
M2_vs_surrogate_15,M2,surrogate_15,3,96,0.62907800103927436,0.59811248611047663,0.030965514928797733,0.024390243902439046,0.010648463752751552
M2_vs_surrogate_15,M2,surrogate_15,4,96,0.6207418977450988,0.60784108798816794,0.012900809756930864,-0.012860310421286103,-0.00043866041948953383
M2_vs_surrogate_15,M2,surrogate_15,5,96,0.6514343496811944,0.60865623869549523,0.042778110985699169,0.012860310421286214,0.010123928025792678
M2_vs_surrogate_15,M2,surrogate_15,6,96,0.60485390387551441,0.56949481728866314,0.035359086586851274,0.026164079822616371,0.012513023488828878
M2_vs_surrogate_15,M2,surrogate_15,7,96,0.62378774970847684,0.60135986810010855,0.022427881608368283,0.023059866962306108,0.0084915944228231011
M2_vs_surrogate_15,M2,surrogate_15,8,96,0.60313870975464279,0.57675475094786977,0.026383958806773022,0.030598669623059793,0.010090200082448347
M2_vs_surrogate_15,M2,surrogate_15,9,96,0.66423490592811696,0.62489281945082009,0.039342086477296867,0.030598669623060015,0.013185072294123495
surrogate_15_vs_observed_E4,surrogate_15,E4,0,96,0.59150156348525107,0.59450956229686969,-0.0030079988116186174,-0.0008869179600886623,-0.0011018869359973316
surrogate_15_vs_observed_E4,surrogate_15,E4,1,96,0.5731743659187134,0.57452636155234904,-0.0013519956336356387,0.00044345898004427564,-0.00037346318718073368
surrogate_15_vs_observed_E4,surrogate_15,E4,2,96,0.59599835859550165,0.59657281038965504,-0.00057445179415338554,0.00044345898004438666,-5.2708912873317137e-05
surrogate_15_vs_observed_E4,surrogate_15,E4,3,96,0.59811248611047663,0.60121337832801636,-0.0031008922175397302,-0.00133037694013316,-0.0010715182899369846
surrogate_15_vs_observed_E4,surrogate_15,E4,4,96,0.60784108798816794,0.60773801081515155,0.00010307717301638597,-0.0031042128603103736,0.0002125575468225338
surrogate_15_vs_observed_E4,surrogate_15,E4,5,96,0.60865623869549523,0.60902851751111464,-0.00037227881561940901,0.0013303769401329379,7.5850959477458124e-05
surrogate_15_vs_observed_E4,surrogate_15,E4,6,96,0.56949481728866314,0.57249373260972092,-0.0029989153210577824,-0.00044345898004438666,-0.001072636404823496
surrogate_15_vs_observed_E4,surrogate_15,E4,7,96,0.60135986810010855,0.60251865528811932,-0.0011587871880107681,-0.0008869179600886623,-0.00015008445355524369
surrogate_15_vs_observed_E4,surrogate_15,E4,8,96,0.57675475094786977,0.5770778707763653,-0.00032311982849553278,0.0031042128603103736,0.00010311028752438278
surrogate_15_vs_observed_E4,surrogate_15,E4,9,96,0.62489281945082009,0.64133173669370491,-0.016438917242884821,-0.026607538802660757,-0.0067039471259955907
M2_vs_surrogate_16,M2,surrogate_16,0,96,0.61831118301887888,0.59329355414035267,0.02501762887852621,0.0031042128603104846,0.0051507460364992874
M2_vs_surrogate_16,M2,surrogate_16,1,96,0.6037089725756366,0.57499754485359189,0.028711427722044713,0.029268292682926744,0.010283816106805094
M2_vs_surrogate_16,M2,surrogate_16,2,96,0.62450336856335875,0.59852918378520925,0.025974184778149501,-0.00044345898004438666,0.0046213290369858939
M2_vs_surrogate_16,M2,surrogate_16,3,96,0.62907800103927436,0.59954168432225841,0.029536316717015954,0.024390243902439046,0.010137250636241935
M2_vs_surrogate_16,M2,surrogate_16,4,96,0.6207418977450988,0.60765836511823745,0.013083532626861349,-0.015964523281596477,-0.00041312846983171392
M2_vs_surrogate_16,M2,surrogate_16,5,96,0.6514343496811944,0.6103806853992032,0.041053664281991198,0.0079822616407982938,0.0092257864117225863
M2_vs_surrogate_16,M2,surrogate_16,6,96,0.60485390387551441,0.58849922097216478,0.016354682903349627,0.0031042128603103736,0.0046721289633182561
M2_vs_surrogate_16,M2,surrogate_16,7,96,0.62378774970847684,0.60231975837316676,0.021467991335310077,0.023059866962306108,0.0081174660024222467
M2_vs_surrogate_16,M2,surrogate_16,8,96,0.60313870975464279,0.57859419636303044,0.024544513391612344,0.027937915742793695,0.0093105311683205905
M2_vs_surrogate_16,M2,surrogate_16,9,96,0.66423490592811696,0.64175706465846549,0.022477841269651466,0.00044345898004449769,0.0060032913568611457
surrogate_16_vs_observed_E4,surrogate_16,E4,0,96,0.59329355414035267,0.59450956229686969,-0.0012160081565170122,0.0039911308203991469,-0.00026271323636495314
surrogate_16_vs_observed_E4,surrogate_16,E4,1,96,0.57499754485359189,0.57452636155234904,0.00047118330124285013,0.0048780487804878092,0.00045797804397068598
surrogate_16_vs_observed_E4,surrogate_16,E4,2,96,0.59852918378520925,0.59657281038965504,0.0019563733955542117,0.0044345898004434225,0.0010844742892780201
surrogate_16_vs_observed_E4,surrogate_16,E4,3,96,0.59954168432225841,0.60121337832801636,-0.001671694005757951,-0.00133037694013316,-0.00056030517342736674
surrogate_16_vs_observed_E4,surrogate_16,E4,4,96,0.60765836511823745,0.60773801081515155,-7.9645696914099062e-05,0,0.0001870255971647139
surrogate_16_vs_observed_E4,surrogate_16,E4,5,96,0.6103806853992032,0.60902851751111464,0.0013521678880885624,0.0062084257206208582,0.00097399257354754964
surrogate_16_vs_observed_E4,surrogate_16,E4,6,96,0.58849922097216478,0.57249373260972092,0.016005488362443865,0.02261640798226161,0.0067682581206871262
surrogate_16_vs_observed_E4,surrogate_16,E4,7,96,0.60231975837316676,0.60251865528811932,-0.00019889691495256212,-0.0008869179600886623,0.00022404396684561068
surrogate_16_vs_observed_E4,surrogate_16,E4,8,96,0.57859419636303044,0.5770778707763653,0.0015163255866651459,0.0057649667405764715,0.00088277920165213963
surrogate_16_vs_observed_E4,surrogate_16,E4,9,96,0.64175706465846549,0.64133173669370491,0.0004253279647605801,0.0035476718403547602,0.00047783381126675906
M2_vs_surrogate_17,M2,surrogate_17,0,96,0.61831118301887888,0.59498352427230727,0.023327658746571611,0.0022172949002218223,0.0043460791782518049
M2_vs_surrogate_17,M2,surrogate_17,1,96,0.6037089725756366,0.57354495695945362,0.030164015616182982,0.031929046563192842,0.010997718100746817
M2_vs_surrogate_17,M2,surrogate_17,2,96,0.62450336856335875,0.5968767102162521,0.027626658347106647,-0.00088691796008877333,0.0054064235008095818
M2_vs_surrogate_17,M2,surrogate_17,3,96,0.62907800103927436,0.59795334657152954,0.031124654467744817,0.02749445676274942,0.010831930946295032
M2_vs_surrogate_17,M2,surrogate_17,4,96,0.6207418977450988,0.60763525982282218,0.013106637922276621,-0.016407982261640863,-0.00029705429727652777
M2_vs_surrogate_17,M2,surrogate_17,5,96,0.6514343496811944,0.60699959874864629,0.044434750932548117,0.01330376940133049,0.010849884306884855
M2_vs_surrogate_17,M2,surrogate_17,6,96,0.60485390387551441,0.58892507888590984,0.015928824989604573,0.0022172949002217113,0.0045544838622474104
M2_vs_surrogate_17,M2,surrogate_17,7,96,0.62378774970847684,0.60230031982414467,0.021487429884332165,0.024833702882483544,0.0081252885779457829
M2_vs_surrogate_17,M2,surrogate_17,8,96,0.60313870975464279,0.57854629618297859,0.024592413571664196,0.030155210643015407,0.0093955097323522863
M2_vs_surrogate_17,M2,surrogate_17,9,96,0.66423490592811696,0.62579144549566579,0.038443460432451171,0.027494456762749531,0.012864538496573624
surrogate_17_vs_observed_E4,surrogate_17,E4,0,96,0.59498352427230727,0.59450956229686969,0.00047396197543758678,0.0048780487804878092,0.00054195362188252938
surrogate_17_vs_observed_E4,surrogate_17,E4,1,96,0.57354495695945362,0.57452636155234904,-0.00098140459289541848,0.0022172949002217113,-0.00025592394997103751
surrogate_17_vs_observed_E4,surrogate_17,E4,2,96,0.5968767102162521,0.59657281038965504,0.00030389982659706494,0.0048780487804878092,0.00029937982545433228
surrogate_17_vs_observed_E4,surrogate_17,E4,3,96,0.59795334657152954,0.60121337832801636,-0.0032600317564868142,-0.0044345898004435336,-0.0012549854834804641
surrogate_17_vs_observed_E4,surrogate_17,E4,4,96,0.60763525982282218,0.60773801081515155,-0.00010275099232937013,0.00044345898004438666,7.0951424609527747e-05
surrogate_17_vs_observed_E4,surrogate_17,E4,5,96,0.60699959874864629,0.60902851751111464,-0.0020289187624683569,0.0008869179600886623,-0.00065010532161471901
surrogate_17_vs_observed_E4,surrogate_17,E4,6,96,0.58892507888590984,0.57249373260972092,0.016431346276188918,0.023503325942350273,0.0068859032217579719
surrogate_17_vs_observed_E4,surrogate_17,E4,7,96,0.60230031982414467,0.60251865528811932,-0.00021833546397465042,-0.0026607538802660979,0.00021622139132207452
surrogate_17_vs_observed_E4,surrogate_17,E4,8,96,0.57854629618297859,0.5770778707763653,0.001468425406613294,0.0035476718403547602,0.00079780063762044384
surrogate_17_vs_observed_E4,surrogate_17,E4,9,96,0.62579144549566579,0.64133173669370491,-0.015540291198039125,-0.023503325942350273,-0.0063834133284457195
M2_vs_surrogate_18,M2,surrogate_18,0,96,0.61831118301887888,0.59403910490156275,0.024272078117316132,0.0057649667405765825,0.0048938881253858812
M2_vs_surrogate_18,M2,surrogate_18,1,96,0.6037089725756366,0.57414350579026463,0.029565466785371974,0.033259423503325891,0.010708819476757281
M2_vs_surrogate_18,M2,surrogate_18,2,96,0.62450336856335875,0.59852840555833975,0.025974963005019003,0.0008869179600886623,0.0046933337814937526
M2_vs_surrogate_18,M2,surrogate_18,3,96,0.62907800103927436,0.59908162732950565,0.029996373709768709,0.024833702882483322,0.010313039172246963
M2_vs_surrogate_18,M2,surrogate_18,4,96,0.6207418977450988,0.60825755108743318,0.012484346657665624,-0.016407982261640863,-0.00062513474339284669
M2_vs_surrogate_18,M2,surrogate_18,5,96,0.6514343496811944,0.60726522038660846,0.04416912929458594,0.013747228381374765,0.010648105393203405
M2_vs_surrogate_18,M2,surrogate_18,6,96,0.60485390387551441,0.57088949639059372,0.033964407484920689,0.026164079822616371,0.011886789907364248
M2_vs_surrogate_18,M2,surrogate_18,7,96,0.62378774970847684,0.6020484102941136,0.021739339414363235,0.023503325942350384,0.0082373476693443914
M2_vs_surrogate_18,M2,surrogate_18,8,96,0.60313870975464279,0.57892213187830099,0.024216577876341794,0.02971175166297102,0.00921439608569119
M2_vs_surrogate_18,M2,surrogate_18,9,96,0.66423490592811696,0.64089764299739282,0.023337262930724134,0.0044345898004435336,0.0064593955179533813
surrogate_18_vs_observed_E4,surrogate_18,E4,0,96,0.59403910490156275,0.59450956229686969,-0.00047045739530693353,0.001330376940133049,-5.8553252515469723e-06
surrogate_18_vs_observed_E4,surrogate_18,E4,1,96,0.57414350579026463,0.57452636155234904,-0.00038285576208441086,0.0008869179600886623,3.2974674018498851e-05
surrogate_18_vs_observed_E4,surrogate_18,E4,2,96,0.59852840555833975,0.59657281038965504,0.0019555951686847095,0.0031042128603103736,0.0010124695447701615
surrogate_18_vs_observed_E4,surrogate_18,E4,3,96,0.59908162732950565,0.60121337832801636,-0.0021317509985107064,-0.0017738359201774356,-0.00073609370943239494
surrogate_18_vs_observed_E4,surrogate_18,E4,4,96,0.60825755108743318,0.60773801081515155,0.00051954027228162669,0.00044345898004438666,0.00039903187072584667
surrogate_18_vs_observed_E4,surrogate_18,E4,5,96,0.60726522038660846,0.60902851751111464,-0.0017632971245061801,0.00044345898004438666,-0.00044832640793326939
surrogate_18_vs_observed_E4,surrogate_18,E4,6,96,0.57088949639059372,0.57249373260972092,-0.0016042362191271975,-0.00044345898004438666,-0.00044640282335886572
surrogate_18_vs_observed_E4,surrogate_18,E4,7,96,0.6020484102941136,0.60251865528811932,-0.00047024499400571962,-0.0013303769401329379,0.00010416229992346593
surrogate_18_vs_observed_E4,surrogate_18,E4,8,96,0.57892213187830099,0.5770778707763653,0.0018442611019356958,0.0039911308203991469,0.00097891428428154015
surrogate_18_vs_observed_E4,surrogate_18,E4,9,96,0.64089764299739282,0.64133173669370491,-0.00043409369631208783,-0.00044345898004427564,2.172965017452344e-05
M2_vs_surrogate_19,M2,surrogate_19,0,96,0.61831118301887888,0.59256757424509077,0.025743608773788118,0.0057649667405765825,0.0054306313684129026
M2_vs_surrogate_19,M2,surrogate_19,1,96,0.6037089725756366,0.5732558226402904,0.030453149935346202,0.032815964523281504,0.011016456139247288
M2_vs_surrogate_19,M2,surrogate_19,2,96,0.62450336856335875,0.59626937943508962,0.028233989128269132,0.0026607538802659869,0.0056290204622589934
M2_vs_surrogate_19,M2,surrogate_19,3,96,0.62907800103927436,0.5986824258336626,0.030395575205611758,0.023946784922394659,0.010446210794737287
M2_vs_surrogate_19,M2,surrogate_19,4,96,0.6207418977450988,0.60562076418156119,0.015121133563537614,-0.01330376940133049,0.00049733336076041024
M2_vs_surrogate_19,M2,surrogate_19,5,96,0.6514343496811944,0.60738997921139415,0.044044370469800254,0.015964523281596477,0.01056859813455327
M2_vs_surrogate_19,M2,surrogate_19,6,96,0.60485390387551441,0.56947849338404766,0.035375410491466752,0.026607538802660757,0.012461044715491726
M2_vs_surrogate_19,M2,surrogate_19,7,96,0.62378774970847684,0.59985297528832515,0.023934774420151683,0.024833702882483544,0.0091353096429449554
M2_vs_surrogate_19,M2,surrogate_19,8,96,0.60313870975464279,0.57705617879726068,0.026082530957382111,0.032815964523281504,0.0099255930309471163
M2_vs_surrogate_19,M2,surrogate_19,9,96,0.66423490592811696,0.62565652405149319,0.038578381876623768,0.028381374722838193,0.012810502893621067
surrogate_19_vs_observed_E4,surrogate_19,E4,0,96,0.59256757424509077,0.59450956229686969,-0.0019419880517789201,0.001330376940133049,-0.00054259856827856834
surrogate_19_vs_observed_E4,surrogate_19,E4,1,96,0.5732558226402904,0.57452636155234904,-0.0012705389120586386,0.001330376940133049,-0.00027466198847150847
surrogate_19_vs_observed_E4,surrogate_19,E4,2,96,0.59626937943508962,0.59657281038965504,-0.00030343095456542013,0.001330376940133049,7.6782864004920626e-05
surrogate_19_vs_observed_E4,surrogate_19,E4,3,96,0.5986824258336626,0.60121337832801636,-0.0025309524943537554,-0.00088691796008877333,-0.00086926533192271949
surrogate_19_vs_observed_E4,surrogate_19,E4,4,96,0.60562076418156119,0.60773801081515155,-0.0021172466335903639,-0.0026607538802659869,-0.00072343623342741026
surrogate_19_vs_observed_E4,surrogate_19,E4,5,96,0.60738997921139415,0.60902851751111464,-0.0016385382997204934,-0.0017738359201773246,-0.00036881914928313386
surrogate_19_vs_observed_E4,surrogate_19,E4,6,96,0.56947849338404766,0.57249373260972092,-0.0030152392256732607,-0.00088691796008877333,-0.0010206576314863436
surrogate_19_vs_observed_E4,surrogate_19,E4,7,96,0.59985297528832515,0.60251865528811932,-0.0026656799997941683,-0.0026607538802660979,-0.00079379967367709803
surrogate_19_vs_observed_E4,surrogate_19,E4,8,96,0.57705617879726068,0.5770778707763653,-2.1691979104621062e-05,0.0008869179600886623,0.00026771733902561379
surrogate_19_vs_observed_E4,surrogate_19,E4,9,96,0.62565652405149319,0.64133173669370491,-0.015675212642211722,-0.024390243902438935,-0.0063293777254931627
