feature,observed_mean,surrogate_mean,mean_absolute_shift,spearman_observed_vs_surrogate_mean
frontal_perm_entropy,0.77461142751835776,0.77990628725372402,0.0052948597353662148,0.98735756918068363
frontal_hjorth_mobility,0.57218569199209934,0.57845393995904182,0.0062682479669425974,0.99922680412371134
frontal_hjorth_complexity,2.001251120069139,2.0048715381046143,0.0069270236464976194,0.9981144872490505
temporal_perm_entropy,0.78244074643323502,0.78775469611097115,0.0053496311990024114,0.9933667932718393
temporal_hjorth_mobility,0.66201134942728102,0.66749599972959794,0.0054846503023169542,0.9996608790016277
temporal_hjorth_complexity,1.815618958907945,1.8179287938574549,0.005669033799097771,0.99937601736299519
posterior_perm_entropy,0.76607466789122436,0.77218014843891281,0.0061345338116590162,0.99586272381985896
posterior_hjorth_mobility,0.55324073459663048,0.5596356159092547,0.0063948813126242397,0.99955236028214867
posterior_hjorth_complexity,2.0225489004091068,2.0280612582387367,0.0083041294384792186,0.99736842105263146
