feature,N_defined,missing_N,min,median,max,IQR,zero_variance,finite_nonfinite_status
age,96,0,6.0,12.0,18.0,6.0,False,all_defined_values_finite
gender,96,0,1.0,1.0,2.0,1.0,False,all_defined_values_finite
mean_work_speed,96,0,5.75000075,19.708334999999998,40.5833325,9.833333125000001,False,all_defined_values_finite
total_omissions,96,0,0.0,5.0,69.0,7.0,False,all_defined_values_finite
total_commissions,96,0,0.0,3.0,49.0,4.25,False,all_defined_values_finite
gaze_location_entropy,96,0,0.48921393366130406,0.7563128429048029,0.9059397744049095,0.09926693256499386,False,all_defined_values_finite
gaze_spatial_dispersion,96,0,0.1597998813345482,0.3096780492371629,0.41668517642636427,0.05015524690826689,False,all_defined_values_finite
frontal_log_broadband,96,0,0.46826728999942013,1.8943725170412389,2.3690821665503385,0.2996737745698108,False,all_defined_values_finite
temporal_log_broadband,96,0,0.4604229532976463,1.9907694160714997,2.543589280066915,0.34912995823338266,False,all_defined_values_finite
posterior_log_broadband,96,0,0.32338549356490165,1.9937440659288233,2.4837683353011597,0.31063263090973803,False,all_defined_values_finite
frontal_rel_theta,96,0,0.04415851649823917,0.15795928688688363,0.3629042934845506,0.046738129197424955,False,all_defined_values_finite
temporal_rel_theta,96,0,0.034433543771729885,0.14082591379837192,0.368558992911925,0.05516583643608687,False,all_defined_values_finite
posterior_rel_theta,96,0,0.04828537857799596,0.17200531493151527,0.3616086067206258,0.04571508669100671,False,all_defined_values_finite
frontal_rel_alpha,96,0,0.04413145270653182,0.0881907002059471,0.26871049853206797,0.0417778928512183,False,all_defined_values_finite
temporal_rel_alpha,96,0,0.0287211658640067,0.09097156502739849,0.32068252609779957,0.04850252635763806,False,all_defined_values_finite
posterior_rel_alpha,96,0,0.06498591140870481,0.11147509705969615,0.32040337259673635,0.043403025464694725,False,all_defined_values_finite
frontal_rel_beta,96,0,0.08595191358813234,0.16591786356940363,0.5561946369980637,0.0762501798070489,False,all_defined_values_finite
temporal_rel_beta,96,0,0.08939969078169391,0.22052005965625016,0.5323651306688204,0.1430410541065286,False,all_defined_values_finite
posterior_rel_beta,96,0,0.045247466731461614,0.1603618078345871,0.4853883052727389,0.07668725746334665,False,all_defined_values_finite
