participant_id,session_id,eeg_source_file,eye_source_file,behavior_source_file
UB0004,1686235332,dataset\UB0004\AttentionRobotsDesktop\1686235332\UB0004_EPOCX_96566_2023.06.08T16.36.48+02.00.md.pm.bp.csv,dataset\UB0004\AttentionRobotsDesktop\1686235332\UB0004_EYE_TRACKING_DATA_2023_06_08T16.36.48+02.00.csv,dataset\UB0004\AttentionRobotsDesktop\1686235332\UB0004_GAME_DATA_2023_06_08T16.36.48+02.00.csv
UB0007,1704733791,dataset\UB0007\AttentionRobotsDesktop\1704733791\UB0007_EPOCPLUS_96566_2024.01.08T18.05.01+01.00.md.pm.bp.csv,dataset\UB0007\AttentionRobotsDesktop\1704733791\UB0007_EYE_TRACKING_DATA_2024_01_08T18.05.01+01.00.csv,dataset\UB0007\AttentionRobotsDesktop\1704733791\UB0007_GAME_DATA_2024_01_08T18.05.01+01.00.csv
UB0020,1675439893,dataset\UB0020\AttentionRobotsDesktop\1675439893\UB0020_EPOCX_96566_2023.02.03T16.53.15+01.00.md.pm.bp.csv,dataset\UB0020\AttentionRobotsDesktop\1675439893\UB0020_EYE_TRACKING_DATA_2023_02_03T16.53.15+01.00.csv,dataset\UB0020\AttentionRobotsDesktop\1675439893\UB0020_GAME_DATA_2023_02_03T16.53.15+01.00.csv
UB0021,1675705139,dataset\UB0021\AttentionRobotsDesktop\1675705139\UB0021_EPOCX_96566_2023.02.06T18.33.48+01.00.md.pm.bp.csv,dataset\UB0021\AttentionRobotsDesktop\1675705139\UB0021_EYE_TRACKING_DATA_2023_02_6T18.33.48+01.00.csv,dataset\UB0021\AttentionRobotsDesktop\1675705139\UB0021_GAME_DATA_2023_02_6T18.33.48+01.00.csv
UB0023,1677525314,dataset\UB0023\AttentionRobotsDesktop\1677525314\UB0023_EPOCX_96566_2023.02.27T20.10.18+01.00.md.pm.bp.csv,dataset\UB0023\AttentionRobotsDesktop\1677525314\UB0023_EYE_TRACKING_DATA_2023_02_27T20.10.18+01.00.csv,dataset\UB0023\AttentionRobotsDesktop\1677525314\UB0023_GAME_DATA_2023_02_27T20.10.18+01.00.csv
UB0024,1682701240,dataset\UB0024\AttentionRobotsDesktop\1682701240\UB0024_EPOCX_96566_2023.04.28T18.55.35+02.00.md.pm.bp.csv,dataset\UB0024\AttentionRobotsDesktop\1682701240\UB0024_EYE_TRACKING_DATA_2023_04_28T18.55.35+02.00.csv,dataset\UB0024\AttentionRobotsDesktop\1682701240\UB0024_GAME_DATA_2023_04_28T18.55.35+02.00.csv
UB0028,1683560048,dataset\UB0028\AttentionRobotsDesktop\1683560048\UB0028_EPOCX_96566_2023.05.08T17.29.12+02.00.md.pm.bp.csv,dataset\UB0028\AttentionRobotsDesktop\1683560048\UB0028_EYE_TRACKING_DATA_2023_05_08T17.29.12+02.00.csv,dataset\UB0028\AttentionRobotsDesktop\1683560048\UB0028_GAME_DATA_2023_05_08T17.29.12+02.00.csv
UB0029,1683301512,dataset\UB0029\AttentionRobotsDesktop\1683301512\UB0029_EPOCX_96566_2023.05.05T17.40.15+02.00.md.pm.bp.csv,dataset\UB0029\AttentionRobotsDesktop\1683301512\UB0029_EYE_TRACKING_DATA_2023_05_05T17.40.15+02.00.csv,dataset\UB0029\AttentionRobotsDesktop\1683301512\UB0029_GAME_DATA_2023_05_05T17.40.15+02.00.csv
UB0030,1684154729,dataset\UB0030\AttentionRobotsDesktop\1684154729\UB0030_EPOCX_96566_2023.05.15T14.40.25+02.00.md.pm.bp.csv,dataset\UB0030\AttentionRobotsDesktop\1684154729\UB0030_EYE_TRACKING_DATA_2023_05_15T14.40.25+02.00.csv,dataset\UB0030\AttentionRobotsDesktop\1684154729\UB0030_GAME_DATA_2023_05_15T14.40.25+02.00.csv
UB0032,1685460434,dataset\UB0032\AttentionRobotsDesktop\1685460434\UB0032_EPOCX_96566_2023.05.30T17.22.16+02.00.md.pm.bp.csv,dataset\UB0032\AttentionRobotsDesktop\1685460434\UB0032_EYE_TRACKING_DATA_2023_05_30T17.22.16+02.00.csv,dataset\UB0032\AttentionRobotsDesktop\1685460434\UB0032_GAME_DATA_2023_05_30T17.22.16+02.00.csv
UB0034,1685114692,dataset\UB0034\AttentionRobotsDesktop\1685114692\UB0034_EPOCX_96566_2023.05.26T17.19.25+02.00.md.pm.bp.csv,dataset\UB0034\AttentionRobotsDesktop\1685114692\UB0034_EYE_TRACKING_DATA_2023_05_26T17.19.25+02.00.csv,dataset\UB0034\AttentionRobotsDesktop\1685114692\UB0034_GAME_DATA_2023_05_26T17.19.25+02.00.csv
UB0035,1684767892,dataset\UB0035\AttentionRobotsDesktop\1684767892\UB0035_EPOCX_96566_2023.05.22T16.59.27+02.00.md.pm.bp.csv,dataset\UB0035\AttentionRobotsDesktop\1684767892\UB0035_EYE_TRACKING_DATA_2023_05_22T16.59.27+02.00.csv,dataset\UB0035\AttentionRobotsDesktop\1684767892\UB0035_GAME_DATA_2023_05_22T16.59.27+02.00.csv
UB0039,1684512941,dataset\UB0039\AttentionRobotsDesktop\1684512941\UB0039_EPOCX_96566_2023.05.19T18.10.40+02.00.md.pm.bp.csv,dataset\UB0039\AttentionRobotsDesktop\1684512941\UB0039_EYE_TRACKING_DATA_2023_05_19T18.10.40+02.00.csv,dataset\UB0039\AttentionRobotsDesktop\1684512941\UB0039_GAME_DATA_2023_05_19T18.10.40+02.00.csv
UB0042,1685104887,dataset\UB0042\AttentionRobotsDesktop\1685104887\UB0042_EPOCX_96566_2023.05.26T14.36.20+02.00.md.pm.bp.csv,dataset\UB0042\AttentionRobotsDesktop\1685104887\UB0042_EYE_TRACKING_DATA_2023_05_26T14.36.20+02.00.csv,dataset\UB0042\AttentionRobotsDesktop\1685104887\UB0042_GAME_DATA_2023_05_26T14.36.20+02.00.csv
UB0044,1685631574,dataset\UB0044\AttentionRobotsDesktop\1685631574\UB0044_EPOCX_96566_2023.06.01T16.54.35+02.00.md.pm.bp.csv,dataset\UB0044\AttentionRobotsDesktop\1685631574\UB0044_EYE_TRACKING_DATA_2023_06_01T16.54.35+02.00.csv,dataset\UB0044\AttentionRobotsDesktop\1685631574\UB0044_GAME_DATA_2023_06_01T16.54.35+02.00.csv
UB0045,1685118161,dataset\UB0045\AttentionRobotsDesktop\1685118161\UB0045_EPOCX_96566_2023.05.26T18.17.15+02.00.md.pm.bp.csv,dataset\UB0045\AttentionRobotsDesktop\1685118161\UB0045_EYE_TRACKING_DATA_2023_05_26T18.17.15+02.00.csv,dataset\UB0045\AttentionRobotsDesktop\1685118161\UB0045_GAME_DATA_2023_05_26T18.17.15+02.00.csv
UB0046,1685529276,dataset\UB0046\AttentionRobotsDesktop\1685529276\UB0046_EPOCX_96566_2023.05.31T12.29.18+02.00.md.pm.bp.csv,dataset\UB0046\AttentionRobotsDesktop\1685529276\UB0046_EYE_TRACKING_DATA_2023_05_31T12.29.18+02.00.csv,dataset\UB0046\AttentionRobotsDesktop\1685529276\UB0046_GAME_DATA_2023_05_31T12.29.18+02.00.csv
UB0047,1685532875,dataset\UB0047\AttentionRobotsDesktop\1685532875\UB0047_EPOCX_96566_2023.05.31T13.29.32+02.00.md.pm.bp.csv,dataset\UB0047\AttentionRobotsDesktop\1685532875\UB0047_EYE_TRACKING_DATA_2023_05_31T13.29.32+02.00.csv,dataset\UB0047\AttentionRobotsDesktop\1685532875\UB0047_GAME_DATA_2023_05_31T13.29.32+02.00.csv
UB0049,1685719003,dataset\UB0049\AttentionRobotsDesktop\1685719003\UB0049_EPOCX_96566_2023.06.02T17.11.43+02.00.md.pm.bp.csv,dataset\UB0049\AttentionRobotsDesktop\1685719003\UB0049_EYE_TRACKING_DATA_2023_06_02T17.11.43+02.00.csv,dataset\UB0049\AttentionRobotsDesktop\1685719003\UB0049_GAME_DATA_2023_06_02T17.11.43+02.00.csv
UB0051,1685725755,dataset\UB0051\AttentionRobotsDesktop\1685725755\UB0051_EPOCX_96566_2023.06.02T19.04.10+02.00.md.pm.bp.csv,dataset\UB0051\AttentionRobotsDesktop\1685725755\UB0051_EYE_TRACKING_DATA_2023_06_02T19.04.10+02.00.csv,dataset\UB0051\AttentionRobotsDesktop\1685725755\UB0051_GAME_DATA_2023_06_02T19.04.10+02.00.csv
UB0052,1685372379,dataset\UB0052\AttentionRobotsDesktop\1685372379\UB0052_EPOCX_96566_2023.05.29T16.54.41+02.00.md.pm.bp.csv,dataset\UB0052\AttentionRobotsDesktop\1685372379\UB0052_EYE_TRACKING_DATA_2023_05_29T16.54.41+02.00.csv,dataset\UB0052\AttentionRobotsDesktop\1685372379\UB0052_GAME_DATA_2023_05_29T16.54.41+02.00.csv
UB0053,1685383014,dataset\UB0053\AttentionRobotsDesktop\1685383014\UB0053_EPOCX_96566_2023.05.29T19.51.26+02.00.md.pm.bp.csv,dataset\UB0053\AttentionRobotsDesktop\1685383014\UB0053_EYE_TRACKING_DATA_2023_05_29T19.51.26+02.00.csv,dataset\UB0053\AttentionRobotsDesktop\1685383014\UB0053_GAME_DATA_2023_05_29T19.51.26+02.00.csv
UB0054,1687197098,dataset\UB0054\AttentionRobotsDesktop\1687197098\UB0054_EPOCX_96566_2023.06.19T19.46.42+02.00.md.pm.bp.csv,dataset\UB0054\AttentionRobotsDesktop\1687197098\UB0054_EYE_TRACKING_DATA_2023_06_19T19.46.42+02.00.csv,dataset\UB0054\AttentionRobotsDesktop\1687197098\UB0054_GAME_DATA_2023_06_19T19.46.42+02.00.csv
UB0056,1687190564,dataset\UB0056\AttentionRobotsDesktop\1687190564\UB0056_EPOCX_96566_2023.06.19T17.57.30+02.00.md.pm.bp.csv,dataset\UB0056\AttentionRobotsDesktop\1687190564\UB0056_EYE_TRACKING_DATA_2023_06_19T17.57.30+02.00.csv,dataset\UB0056\AttentionRobotsDesktop\1687190564\UB0056_GAME_DATA_2023_06_19T17.57.30+02.00.csv
UB0057,1686233959,dataset\UB0057\AttentionRobotsDesktop\1686233959\UB0057_EPOCX_96566_2023.06.08T16.13.06+02.00.md.pm.bp.csv,dataset\UB0057\AttentionRobotsDesktop\1686233959\UB0057_EYE_TRACKING_DATA_2023_06_08T16.13.06+02.00.csv,dataset\UB0057\AttentionRobotsDesktop\1686233959\UB0057_GAME_DATA_2023_06_08T16.13.06+02.00.csv
UB0059,1686670263,dataset\UB0059\AttentionRobotsDesktop\1686670263\UB0059_EPOCX_96566_2023.06.13T17.25.48+02.00.md.pm.bp.csv,dataset\UB0059\AttentionRobotsDesktop\1686670263\UB0059_EYE_TRACKING_DATA_2023_06_13T17.25.48+02.00.csv,dataset\UB0059\AttentionRobotsDesktop\1686670263\UB0059_GAME_DATA_2023_06_13T17.25.48+02.00.csv
UB0060,1686924472,dataset\UB0060\AttentionRobotsDesktop\1686924472\UB0060_EPOCX_96566_2023.06.16T16.02.49+02.00.md.pm.bp.csv,dataset\UB0060\AttentionRobotsDesktop\1686924472\UB0060_EYE_TRACKING_DATA_2023_06_16T16.02.49+02.00.csv,dataset\UB0060\AttentionRobotsDesktop\1686924472\UB0060_GAME_DATA_2023_06_16T16.02.49+02.00.csv
UB0061,1686753195,dataset\UB0061\AttentionRobotsDesktop\1686753195\UB0061_EPOCX_96566_2023.06.14T16.28.01+02.00.md.pm.bp.csv,dataset\UB0061\AttentionRobotsDesktop\1686753195\UB0061_EYE_TRACKING_DATA_2023_06_14T16.28.01+02.00.csv,dataset\UB0061\AttentionRobotsDesktop\1686753195\UB0061_GAME_DATA_2023_06_14T16.28.01+02.00.csv
UB0063,1689613877,dataset\UB0063\AttentionRobotsDesktop\1689613877\UB0063_EPOCX_96566_2023.07.17T19.06.17+02.00.md.pm.bp.csv,dataset\UB0063\AttentionRobotsDesktop\1689613877\UB0063_EYE_TRACKING_DATA_2023_07_17T19.06.17+02.00.csv,dataset\UB0063\AttentionRobotsDesktop\1689613877\UB0063_GAME_DATA_2023_07_17T19.06.17+02.00.csv
UB0065,1688719795,dataset\UB0065\AttentionRobotsDesktop\1688719795\UB0065_EPOCX_96566_2023.07.07T10.44.59+02.00.md.pm.bp.csv,dataset\UB0065\AttentionRobotsDesktop\1688719795\UB0065_EYE_TRACKING_DATA_2023_07_07T10.44.59+02.00.csv,dataset\UB0065\AttentionRobotsDesktop\1688719795\UB0065_GAME_DATA_2023_07_07T10.44.59+02.00.csv
UB0066,1688463692,dataset\UB0066\AttentionRobotsDesktop\1688463692\UB0066_EPOCX_96566_2023.07.04T11.34.51+02.00.md.pm.bp.csv,dataset\UB0066\AttentionRobotsDesktop\1688463692\UB0066_EYE_TRACKING_DATA_2023_07_04T11.34.51+02.00.csv,dataset\UB0066\AttentionRobotsDesktop\1688463692\UB0066_GAME_DATA_2023_07_04T11.34.51+02.00.csv
UB0070,1689953025,dataset\UB0070\AttentionRobotsDesktop\1689953025\UB0070_EPOCX_96566_2023.07.21T17.18.40+02.00.md.pm.bp.csv,dataset\UB0070\AttentionRobotsDesktop\1689953025\UB0070_EYE_TRACKING_DATA_2023_07_21T17.18.40+02.00.csv,dataset\UB0070\AttentionRobotsDesktop\1689953025\UB0070_GAME_DATA_2023_07_21T17.18.40+02.00.csv
UB0071,1688983232,dataset\UB0071\AttentionRobotsDesktop\1688983232\UB0071_EPOCX_96566_2023.07.10T11.55.17+02.00.md.pm.bp.csv,dataset\UB0071\AttentionRobotsDesktop\1688983232\UB0071_EYE_TRACKING_DATA_2023_07_10T11.55.17+02.00.csv,dataset\UB0071\AttentionRobotsDesktop\1688983232\UB0071_GAME_DATA_2023_07_10T11.55.17+02.00.csv
UB0072,1689156902,dataset\UB0072\AttentionRobotsDesktop\1689156902\UB0072_EPOCX_96566_2023.07.12T12.09.43+02.00.md.pm.bp.csv,dataset\UB0072\AttentionRobotsDesktop\1689156902\UB0072_EYE_TRACKING_DATA_2023_07_12T12.09.43+02.00.csv,dataset\UB0072\AttentionRobotsDesktop\1689156902\UB0072_GAME_DATA_2023_07_12T12.09.43+02.00.csv
UB0073,1689760942,dataset\UB0073\AttentionRobotsDesktop\1689760942\UB0073_EPOCX_96566_2023.07.19T11.57.13+02.00.md.pm.bp.csv,dataset\UB0073\AttentionRobotsDesktop\1689760942\UB0073_EYE_TRACKING_DATA_2023_07_19T11.57.13+02.00.csv,dataset\UB0073\AttentionRobotsDesktop\1689760942\UB0073_GAME_DATA_2023_07_19T11.57.13+02.00.csv
UB0074,1689767752,dataset\UB0074\AttentionRobotsDesktop\1689767752\UB0074_EPOCX_96566_2023.07.19T13.50.46+02.00.md.pm.bp.csv,dataset\UB0074\AttentionRobotsDesktop\1689767752\UB0074_EYE_TRACKING_DATA_2023_07_19T13.50.46+02.00.csv,dataset\UB0074\AttentionRobotsDesktop\1689767752\UB0074_GAME_DATA_2023_07_19T13.50.46+02.00.csv
UB0075,1690217211,dataset\UB0075\AttentionRobotsDesktop\1690217211\UB0075_EPOCX_96566_2023.07.24T18.41.48+02.00.md.pm.bp.csv,dataset\UB0075\AttentionRobotsDesktop\1690217211\UB0075_EYE_TRACKING_DATA_2023_07_24T18.41.48+02.00.csv,dataset\UB0075\AttentionRobotsDesktop\1690217211\UB0075_GAME_DATA_2023_07_24T18.41.48+02.00.csv
UB0077,1689939480,dataset\UB0077\AttentionRobotsDesktop\1689939480\UB0077_EPOCX_96566_2023.07.21T13.32.44+02.00.md.pm.bp.csv,dataset\UB0077\AttentionRobotsDesktop\1689939480\UB0077_EYE_TRACKING_DATA_2023_07_21T13.32.44+02.00.csv,dataset\UB0077\AttentionRobotsDesktop\1689939480\UB0077_GAME_DATA_2023_07_21T13.32.44+02.00.csv
UB0078,1689608980,dataset\UB0078\AttentionRobotsDesktop\1689608980\UB0078_EPOCX_96566_2023.07.17T17.44.31+02.00.md.pm.bp.csv,dataset\UB0078\AttentionRobotsDesktop\1689608980\UB0078_EYE_TRACKING_DATA_2023_07_17T17.44.31+02.00.csv,dataset\UB0078\AttentionRobotsDesktop\1689608980\UB0078_GAME_DATA_2023_07_17T17.44.31+02.00.csv
UB0079,1689871205,dataset\UB0079\AttentionRobotsDesktop\1689871205\UB0079_EPOCX_96566_2023.07.20T18.35.03+02.00.md.pm.bp.csv,dataset\UB0079\AttentionRobotsDesktop\1689871205\UB0079_EYE_TRACKING_DATA_2023_07_20T18.35.03+02.00.csv,dataset\UB0079\AttentionRobotsDesktop\1689871205\UB0079_GAME_DATA_2023_07_20T18.35.03+02.00.csv
UB0080,1696521458,dataset\UB0080\AttentionRobotsDesktop\1696521458\UB0080_EPOCX_96566_2023.10.05T17.52.24+02.00.md.pm.bp.csv,dataset\UB0080\AttentionRobotsDesktop\1696521458\UB0080_EYE_TRACKING_DATA_2023_10_05T17.52.24+02.00.csv,dataset\UB0080\AttentionRobotsDesktop\1696521458\UB0080_GAME_DATA_2023_10_05T17.52.24+02.00.csv
UB0081,1690197703,dataset\UB0081\AttentionRobotsDesktop\1690197703\UB0081_EPOCX_96566_2023.07.24T13.16.39+02.00.md.pm.bp.csv,dataset\UB0081\AttentionRobotsDesktop\1690197703\UB0081_EYE_TRACKING_DATA_2023_07_24T13.16.39+02.00.csv,dataset\UB0081\AttentionRobotsDesktop\1690197703\UB0081_GAME_DATA_2023_07_24T13.16.39+02.00.csv
UB0083,1693841279,dataset\UB0083\AttentionRobotsDesktop\1693841279\UB0083_EPOCX_96566_2023.09.04T17.22.44+02.00.md.pm.bp.csv,dataset\UB0083\AttentionRobotsDesktop\1693841279\UB0083_EYE_TRACKING_DATA_2023_09_04T17.22.44+02.00.csv,dataset\UB0083\AttentionRobotsDesktop\1693841279\UB0083_GAME_DATA_2023_09_04T17.22.44+02.00.csv
UB0084,1693847512,dataset\UB0084\AttentionRobotsDesktop\1693847512\UB0084_EPOCX_96566_2023.09.04T19.06.41+02.00.md.pm.bp.csv,dataset\UB0084\AttentionRobotsDesktop\1693847512\UB0084_EYE_TRACKING_DATA_2023_09_04T19.06.41+02.00.csv,dataset\UB0084\AttentionRobotsDesktop\1693847512\UB0084_GAME_DATA_2023_09_04T19.06.41+02.00.csv
UB0085,1694187414,dataset\UB0085\AttentionRobotsDesktop\1694187414\UB0085_EPOCX_96566_2023.09.08T17.31.55+02.00.md.pm.bp.csv,dataset\UB0085\AttentionRobotsDesktop\1694187414\UB0085_EYE_TRACKING_DATA_2023_09_08T17.31.55+02.00.csv,dataset\UB0085\AttentionRobotsDesktop\1694187414\UB0085_GAME_DATA_2023_09_08T17.31.55+02.00.csv
UB0086,1694704680,dataset\UB0086\AttentionRobotsDesktop\1694704680\UB0086_EPOCX_96566_2023.09.14T17.12.48+02.00.md.pm.bp.csv,dataset\UB0086\AttentionRobotsDesktop\1694704680\UB0086_EYE_TRACKING_DATA_2023_09_14T17.12.48+02.00.csv,dataset\UB0086\AttentionRobotsDesktop\1694704680\UB0086_GAME_DATA_2023_09_14T17.12.48+02.00.csv
UB0087,1695049873,dataset\UB0087\AttentionRobotsDesktop\1695049873\UB0087_EPOCX_96566_2023.09.18T17.06.09+02.00.md.pm.bp.csv,dataset\UB0087\AttentionRobotsDesktop\1695049873\UB0087_EYE_TRACKING_DATA_2023_09_18T17.06.09+02.00.csv,dataset\UB0087\AttentionRobotsDesktop\1695049873\UB0087_GAME_DATA_2023_09_18T17.06.09+02.00.csv
UB0089,1695054933,dataset\UB0089\AttentionRobotsDesktop\1695054933\UB0089_EPOCX_96566_2023.09.18T18.30.23+02.00.md.pm.bp.csv,dataset\UB0089\AttentionRobotsDesktop\1695054933\UB0089_EYE_TRACKING_DATA_2023_09_18T18.30.23+02.00.csv,dataset\UB0089\AttentionRobotsDesktop\1695054933\UB0089_GAME_DATA_2023_09_18T18.30.23+02.00.csv
UB0090,1695229846,dataset\UB0090\AttentionRobotsDesktop\1695229846\UB0090_EPOCX_96566_2023.09.20T19.05.33+02.00.md.pm.bp.csv,dataset\UB0090\AttentionRobotsDesktop\1695229846\UB0090_EYE_TRACKING_DATA_2023_09_20T19.05.33+02.00.csv,dataset\UB0090\AttentionRobotsDesktop\1695229846\UB0090_GAME_DATA_2023_09_20T19.05.33+02.00.csv
UB0091,1701711629,dataset\UB0091\AttentionRobotsDesktop\1701711629\UB0091_EPOCPLUS_96566_2023.12.04T18.35.20+01.00.md.pm.bp.csv,dataset\UB0091\AttentionRobotsDesktop\1701711629\UB0091_EYE_TRACKING_DATA_2023_12_04T18.35.21+01.00.csv,dataset\UB0091\AttentionRobotsDesktop\1701711629\UB0091_GAME_DATA_2023_12_04T18.35.21+01.00.csv
UB0098,1696950715,dataset\UB0098\AttentionRobotsDesktop\1696950715\UB0098_EPOCX_96566_2023.10.10T17.07.04+02.00.md.pm.bp.csv,dataset\UB0098\AttentionRobotsDesktop\1696950715\UB0098_EYE_TRACKING_DATA_2023_10_10T17.07.04+02.00.csv,dataset\UB0098\AttentionRobotsDesktop\1696950715\UB0098_GAME_DATA_2023_10_10T17.07.04+02.00.csv
UB0099,1697212000,dataset\UB0099\AttentionRobotsDesktop\1697212000\UB0099_EPOCX_96566_2023.10.13T17.41.34+02.00.md.pm.bp.csv,dataset\UB0099\AttentionRobotsDesktop\1697212000\UB0099_EYE_TRACKING_DATA_2023_10_13T17.41.34+02.00.csv,dataset\UB0099\AttentionRobotsDesktop\1697212000\UB0099_GAME_DATA_2023_10_13T17.41.34+02.00.csv
UB0100,1697472944,dataset\UB0100\AttentionRobotsDesktop\1697472944\UB0100_EPOCX_96566_2023.10.16T18.10.49+02.00.md.pm.bp.csv,dataset\UB0100\AttentionRobotsDesktop\1697472944\UB0100_EYE_TRACKING_DATA_2023_10_16T18.10.49+02.00.csv,dataset\UB0100\AttentionRobotsDesktop\1697472944\UB0100_GAME_DATA_2023_10_16T18.10.49+02.00.csv
UB0102,1697477852,dataset\UB0102\AttentionRobotsDesktop\1697477852\UB0102_EPOCX_96566_2023.10.16T19.32.35+02.00.md.pm.bp.csv,dataset\UB0102\AttentionRobotsDesktop\1697477852\UB0102_EYE_TRACKING_DATA_2023_10_16T19.32.35+02.00.csv,dataset\UB0102\AttentionRobotsDesktop\1697477852\UB0102_GAME_DATA_2023_10_16T19.32.35+02.00.csv
UB0103,1698683183,dataset\UB0103\AttentionRobotsDesktop\1698683183\UB0103_EPOCPLUS_96566_2023.10.30T17.21.00+01.00.md.pm.bp.csv,dataset\UB0103\AttentionRobotsDesktop\1698683183\UB0103_EYE_TRACKING_DATA_2023_10_30T17.21.00+01.00.csv,dataset\UB0103\AttentionRobotsDesktop\1698683183\UB0103_GAME_DATA_2023_10_30T17.21.00+01.00.csv
UB0104,1697561944,dataset\UB0104\AttentionRobotsDesktop\1697561944\UB0104_EPOCX_96566_2023.10.17T18.54.10+02.00.md.pm.bp.csv,dataset\UB0104\AttentionRobotsDesktop\1697561944\UB0104_EYE_TRACKING_DATA_2023_10_17T18.54.10+02.00.csv,dataset\UB0104\AttentionRobotsDesktop\1697561944\UB0104_GAME_DATA_2023_10_17T18.54.10+02.00.csv
UB0105,1698076315,dataset\UB0105\AttentionRobotsDesktop\1698076315\UB0105_EPOCX_96566_2023.10.23T17.46.54+02.00.md.pm.bp.csv,dataset\UB0105\AttentionRobotsDesktop\1698076315\UB0105_EYE_TRACKING_DATA_2023_10_23T17.46.54+02.00.csv,dataset\UB0105\AttentionRobotsDesktop\1698076315\UB0105_GAME_DATA_2023_10_23T17.46.54+02.00.csv
UB0106,1700501223,dataset\UB0106\AttentionRobotsDesktop\1700501223\UB0106_EPOCPLUS_96566_2023.11.20T18.22.00+01.00.md.pm.bp.csv,dataset\UB0106\AttentionRobotsDesktop\1700501223\UB0106_EYE_TRACKING_DATA_2023_11_20T18.22.00+01.00.csv,dataset\UB0106\AttentionRobotsDesktop\1700501223\UB0106_GAME_DATA_2023_11_20T18.22.00+01.00.csv
UB0107,1699889103,dataset\UB0107\AttentionRobotsDesktop\1699889103\UB0107_EPOCPLUS_96566_2023.11.13T16.19.59+01.00.md.pm.bp.csv,dataset\UB0107\AttentionRobotsDesktop\1699889103\UB0107_EYE_TRACKING_DATA_2023_11_13T16.19.59+01.00.csv,dataset\UB0107\AttentionRobotsDesktop\1699889103\UB0107_GAME_DATA_2023_11_13T16.19.59+01.00.csv
UB0109,1698403223,dataset\UB0109\AttentionRobotsDesktop\1698403223\UB0109_EPOCPLUS_96566_2023.10.27T12.35.10+02.00.md.pm.bp.csv,dataset\UB0109\AttentionRobotsDesktop\1698403223\UB0109_EYE_TRACKING_DATA_2023_10_27T12.35.10+02.00.csv,dataset\UB0109\AttentionRobotsDesktop\1698403223\UB0109_GAME_DATA_2023_10_27T12.35.10+02.00.csv
UB0115,1700666262,dataset\UB0115\AttentionRobotsDesktop\1700666262\UB0115_EPOCPLUS_96566_2023.11.22T16.12.26+01.00.md.pm.bp.csv,dataset\UB0115\AttentionRobotsDesktop\1700666262\UB0115_EYE_TRACKING_DATA_2023_11_22T16.12.26+01.00.csv,dataset\UB0115\AttentionRobotsDesktop\1700666262\UB0115_GAME_DATA_2023_11_22T16.12.26+01.00.csv
UB0118,1705339594,dataset\UB0118\AttentionRobotsDesktop\1705339594\UB0118_EPOCPLUS_96566_2024.01.15T18.21.24+01.00.md.pm.bp.csv,dataset\UB0118\AttentionRobotsDesktop\1705339594\UB0118_EYE_TRACKING_DATA_2024_01_15T18.21.24+01.00.csv,dataset\UB0118\AttentionRobotsDesktop\1705339594\UB0118_GAME_DATA_2024_01_15T18.21.24+01.00.csv
UB0119,1699895572,dataset\UB0119\AttentionRobotsDesktop\1699895572\UB0119_EPOCPLUS_96566_2023.11.13T18.07.46+01.00.md.pm.bp.csv,dataset\UB0119\AttentionRobotsDesktop\1699895572\UB0119_EYE_TRACKING_DATA_2023_11_13T18.07.46+01.00.csv,dataset\UB0119\AttentionRobotsDesktop\1699895572\UB0119_GAME_DATA_2023_11_13T18.07.46+01.00.csv
UB0120,1700490392,dataset\UB0120\AttentionRobotsDesktop\1700490392\UB0120_EPOCPLUS_96566_2023.11.20T15.21.31+01.00.md.pm.bp.csv,dataset\UB0120\AttentionRobotsDesktop\1700490392\UB0120_EYE_TRACKING_DATA_2023_11_20T15.21.31+01.00.csv,dataset\UB0120\AttentionRobotsDesktop\1700490392\UB0120_GAME_DATA_2023_11_20T15.21.31+01.00.csv
UB0122,1703005095,dataset\UB0122\AttentionRobotsDesktop\1703005095\UB0122_EPOCPLUS_96566_2023.12.19T17.53.08+01.00.md.pm.bp.csv,dataset\UB0122\AttentionRobotsDesktop\1703005095\UB0122_EYE_TRACKING_DATA_2023_12_19T17.53.08+01.00.csv,dataset\UB0122\AttentionRobotsDesktop\1703005095\UB0122_GAME_DATA_2023_12_19T17.53.08+01.00.csv
UB0124,1701449069,dataset\UB0124\AttentionRobotsDesktop\1701449069\UB0124_EPOCPLUS_96566_2023.12.01T17.38.59+01.00.md.pm.bp.csv,dataset\UB0124\AttentionRobotsDesktop\1701449069\UB0124_EYE_TRACKING_DATA_2023_12_01T17.38.59+01.00.csv,dataset\UB0124\AttentionRobotsDesktop\1701449069\UB0124_GAME_DATA_2023_12_01T17.38.59+01.00.csv
UB0126,1700585562,dataset\UB0126\AttentionRobotsDesktop\1700585562\UB0126_EPOCPLUS_96566_2023.11.21T17.47.51+01.00.md.pm.bp.csv,dataset\UB0126\AttentionRobotsDesktop\1700585562\UB0126_EYE_TRACKING_DATA_2023_11_21T17.47.51+01.00.csv,dataset\UB0126\AttentionRobotsDesktop\1700585562\UB0126_GAME_DATA_2023_11_21T17.47.51+01.00.csv
UB0127,1700845957,dataset\UB0127\AttentionRobotsDesktop\1700845957\UB0127_EPOCPLUS_96566_2023.11.24T18.07.27+01.00.md.pm.bp.csv,dataset\UB0127\AttentionRobotsDesktop\1700845957\UB0127_EYE_TRACKING_DATA_2023_11_24T18.07.27+01.00.csv,dataset\UB0127\AttentionRobotsDesktop\1700845957\UB0127_GAME_DATA_2023_11_24T18.07.27+01.00.csv
UB0128,1701102249,dataset\UB0128\AttentionRobotsDesktop\1701102249\UB0128_EPOCPLUS_96566_2023.11.27T17.19.10+01.00.md.pm.bp.csv,dataset\UB0128\AttentionRobotsDesktop\1701102249\UB0128_EYE_TRACKING_DATA_2023_11_27T17.19.10+01.00.csv,dataset\UB0128\AttentionRobotsDesktop\1701102249\UB0128_GAME_DATA_2023_11_27T17.19.10+01.00.csv
UB0129,1706544787,dataset\UB0129\AttentionRobotsDesktop\1706544787\UB0129_EPOCPLUS_96566_2024.01.29T17.07.46+01.00.md.pm.bp.csv,dataset\UB0129\AttentionRobotsDesktop\1706544787\UB0129_EYE_TRACKING_DATA_2024_01_29T17.07.46+01.00.csv,dataset\UB0129\AttentionRobotsDesktop\1706544787\UB0129_GAME_DATA_2024_01_29T17.07.46+01.00.csv
UB0131,1702921953,dataset\UB0131\AttentionRobotsDesktop\1702921953\UB0131_EPOCPLUS_96566_2023.12.18T18.47.37+01.00.md.pm.bp.csv,dataset\UB0131\AttentionRobotsDesktop\1702921953\UB0131_EYE_TRACKING_DATA_2023_12_18T18.47.37+01.00.csv,dataset\UB0131\AttentionRobotsDesktop\1702921953\UB0131_GAME_DATA_2023_12_18T18.47.37+01.00.csv
UB0132,1703247549,dataset\UB0132\AttentionRobotsDesktop\1703247549\UB0132_EPOCPLUS_96566_2023.12.22T13.14.19+01.00.md.pm.bp.csv,dataset\UB0132\AttentionRobotsDesktop\1703247549\UB0132_EYE_TRACKING_DATA_2023_12_22T13.14.19+01.00.csv,dataset\UB0132\AttentionRobotsDesktop\1703247549\UB0132_GAME_DATA_2023_12_22T13.14.19+01.00.csv
UB0133,1702485424,dataset\UB0133\AttentionRobotsDesktop\1702485424\UB0133_EPOCPLUS_96566_2023.12.13T17.31.53+01.00.md.pm.bp.csv,dataset\UB0133\AttentionRobotsDesktop\1702485424\UB0133_EYE_TRACKING_DATA_2023_12_13T17.31.52+01.00.csv,dataset\UB0133\AttentionRobotsDesktop\1702485424\UB0133_GAME_DATA_2023_12_13T17.31.52+01.00.csv
UB0134,1702657018,dataset\UB0134\AttentionRobotsDesktop\1702657018\UB0134_EPOCPLUS_96566_2023.12.15T17.11.59+01.00.md.pm.bp.csv,dataset\UB0134\AttentionRobotsDesktop\1702657018\UB0134_EYE_TRACKING_DATA_2023_12_15T17.11.59+01.00.csv,dataset\UB0134\AttentionRobotsDesktop\1702657018\UB0134_GAME_DATA_2023_12_15T17.11.59+01.00.csv
UB0137,1706550171,dataset\UB0137\AttentionRobotsDesktop\1706550171\UB0137_EPOCPLUS_96566_2024.01.29T18.37.52+01.00.md.pm.bp.csv,dataset\UB0137\AttentionRobotsDesktop\1706550171\UB0137_EYE_TRACKING_DATA_2024_01_29T18.37.52+01.00.csv,dataset\UB0137\AttentionRobotsDesktop\1706550171\UB0137_GAME_DATA_2024_01_29T18.37.52+01.00.csv
UB0138,1706894463,dataset\UB0138\AttentionRobotsDesktop\1706894463\UB0138_EPOCPLUS_96566_2024.02.02T18.15.49+01.00.md.pm.bp.csv,dataset\UB0138\AttentionRobotsDesktop\1706894463\UB0138_EYE_TRACKING_DATA_2024_02_02T18.15.49+01.00.csv,dataset\UB0138\AttentionRobotsDesktop\1706894463\UB0138_GAME_DATA_2024_02_02T18.15.49+01.00.csv
UB0139,1707154997,dataset\UB0139\AttentionRobotsDesktop\1707154997\UB0139_EPOCPLUS_96566_2024.02.05T18.38.21+01.00.md.pm.bp.csv,dataset\UB0139\AttentionRobotsDesktop\1707154997\UB0139_EYE_TRACKING_DATA_2024_02_05T18.38.21+01.00.csv,dataset\UB0139\AttentionRobotsDesktop\1707154997\UB0139_GAME_DATA_2024_02_05T18.38.21+01.00.csv
UB0140,1707300923,dataset\UB0140\AttentionRobotsDesktop\1707300923\UB0140_EPOCPLUS_96566_2024.02.07T11.10.25+01.00.md.pm.bp.csv,dataset\UB0140\AttentionRobotsDesktop\1707300923\UB0140_EYE_TRACKING_DATA_2024_02_07T11.10.25+01.00.csv,dataset\UB0140\AttentionRobotsDesktop\1707300923\UB0140_GAME_DATA_2024_02_07T11.10.25+01.00.csv
UB0142,1708100703,dataset\UB0142\AttentionRobotsDesktop\1708100703\UB0142_EPOCPLUS_96566_2024.02.16T17.19.55+01.00.md.pm.bp.csv,dataset\UB0142\AttentionRobotsDesktop\1708100703\UB0142_EYE_TRACKING_DATA_2024_02_16T17.19.55+01.00.csv,dataset\UB0142\AttentionRobotsDesktop\1708100703\UB0142_GAME_DATA_2024_02_16T17.19.55+01.00.csv
UB0143,1709548893,dataset\UB0143\AttentionRobotsDesktop\1709548893\UB0143_EPOCPLUS_96566_2024.03.04T11.36.42+01.00.md.pm.bp.csv,dataset\UB0143\AttentionRobotsDesktop\1709548893\UB0143_EYE_TRACKING_DATA_2024_03_04T11.36.42+01.00.csv,dataset\UB0143\AttentionRobotsDesktop\1709548893\UB0143_GAME_DATA_2024_03_04T11.36.42+01.00.csv
UB0144,1711124683,dataset\UB0144\AttentionRobotsDesktop\1711124683\UB0144_EPOCPLUS_96566_2024.03.22T17.19.49+01.00.md.pm.bp.csv,dataset\UB0144\AttentionRobotsDesktop\1711124683\UB0144_EYE_TRACKING_DATA_2024_03_22T17.19.49+01.00.csv,dataset\UB0144\AttentionRobotsDesktop\1711124683\UB0144_GAME_DATA_2024_03_22T17.19.49+01.00.csv
UB0147,1714144611,dataset\UB0147\AttentionRobotsDesktop\1714144611\UB0147_EPOCPLUS_96566_2024.04.26T17.11.39+02.00.md.pm.bp.csv,dataset\UB0147\AttentionRobotsDesktop\1714144611\UB0147_EYE_TRACKING_DATA_2024_04_26T17.11.39+02.00.csv,dataset\UB0147\AttentionRobotsDesktop\1714144611\UB0147_GAME_DATA_2024_04_26T17.11.39+02.00.csv
UB0149,1714749242,dataset\UB0149\AttentionRobotsDesktop\1714749242\UB0149_EPOCPLUS_96566_2024.05.03T17.08.54+02.00.md.pm.bp.csv,dataset\UB0149\AttentionRobotsDesktop\1714749242\UB0149_EYE_TRACKING_DATA_2024_05_03T17.08.54+02.00.csv,dataset\UB0149\AttentionRobotsDesktop\1714749242\UB0149_GAME_DATA_2024_05_03T17.08.54+02.00.csv
UB0150,1715005587,dataset\UB0150\AttentionRobotsDesktop\1715005587\UB0150_EPOCPLUS_96566_2024.05.06T16.21.22+02.00.md.pm.bp.csv,dataset\UB0150\AttentionRobotsDesktop\1715005587\UB0150_EYE_TRACKING_DATA_2024_05_06T16.21.22+02.00.csv,dataset\UB0150\AttentionRobotsDesktop\1715005587\UB0150_GAME_DATA_2024_05_06T16.21.22+02.00.csv
UB0153,1716370907,dataset\UB0153\AttentionRobotsDesktop\1716370907\UB0153_EPOCPLUS_96566_2024.05.22T11.36.34+02.00.md.pm.bp.csv,dataset\UB0153\AttentionRobotsDesktop\1716370907\UB0153_EYE_TRACKING_DATA_2024_05_22T11.36.34+02.00.csv,dataset\UB0153\AttentionRobotsDesktop\1716370907\UB0153_GAME_DATA_2024_05_22T11.36.34+02.00.csv
UB0154,1716971045,dataset\UB0154\AttentionRobotsDesktop\1716971045\UB0154_EPOCPLUS_96566_2024.05.29T10.19.09+02.00.md.pm.bp.csv,dataset\UB0154\AttentionRobotsDesktop\1716971045\UB0154_EYE_TRACKING_DATA_2024_05_29T10.19.09+02.00.csv,dataset\UB0154\AttentionRobotsDesktop\1716971045\UB0154_GAME_DATA_2024_05_29T10.19.09+02.00.csv
UB0156,1717427530,dataset\UB0156\AttentionRobotsDesktop\1717427530\UB0156_EPOCPLUS_96566_2024.06.03T17.07.16+02.00.md.pm.bp.csv,dataset\UB0156\AttentionRobotsDesktop\1717427530\UB0156_EYE_TRACKING_DATA_2024_06_03T17.07.16+02.00.csv,dataset\UB0156\AttentionRobotsDesktop\1717427530\UB0156_GAME_DATA_2024_06_03T17.07.16+02.00.csv
UB0158,1717772915,dataset\UB0158\AttentionRobotsDesktop\1717772915\UB0158_EPOCPLUS_96566_2024.06.07T17.03.41+02.00.md.pm.bp.csv,dataset\UB0158\AttentionRobotsDesktop\1717772915\UB0158_EYE_TRACKING_DATA_2024_06_07T17.03.41+02.00.csv,dataset\UB0158\AttentionRobotsDesktop\1717772915\UB0158_GAME_DATA_2024_06_07T17.03.41+02.00.csv
UB0161,1719401541,dataset\UB0161\AttentionRobotsDesktop\1719401541\UB0161_EPOCPLUS_96566_2024.06.26T13.26.59+02.00.md.pm.bp.csv,dataset\UB0161\AttentionRobotsDesktop\1719401541\UB0161_EYE_TRACKING_DATA_2024_06_26T13.26.59+02.00.csv,dataset\UB0161\AttentionRobotsDesktop\1719401541\UB0161_GAME_DATA_2024_06_26T13.26.59+02.00.csv
UB0162,1720002490,dataset\UB0162\AttentionRobotsDesktop\1720002490\UB0162_EPOCPLUS_96566_2024.07.03T12.23.28+02.00.md.pm.bp.csv,dataset\UB0162\AttentionRobotsDesktop\1720002490\UB0162_EYE_TRACKING_DATA_2024_07_03T12.23.28+02.00.csv,dataset\UB0162\AttentionRobotsDesktop\1720002490\UB0162_GAME_DATA_2024_07_03T12.23.28+02.00.csv
UB0164,1720609711,dataset\UB0164\AttentionRobotsDesktop\1720609711\UB0164_EPOCPLUS_96566_2024.07.10T13.03.23+02.00.md.pm.bp.csv,dataset\UB0164\AttentionRobotsDesktop\1720609711\UB0164_EYE_TRACKING_DATA_2024_07_10T13.03.23+02.00.csv,dataset\UB0164\AttentionRobotsDesktop\1720609711\UB0164_GAME_DATA_2024_07_10T13.03.23+02.00.csv
UB0166,1726052310,dataset\UB0166\AttentionRobotsDesktop\1726052310\UB0166_EPOCPLUS_96566_2024.09.11T12.53.13+02.00.md.pm.bp.csv,dataset\UB0166\AttentionRobotsDesktop\1726052310\UB0166_EYE_TRACKING_DATA_2024_09_11T12.53.13+02.00.csv,dataset\UB0166\AttentionRobotsDesktop\1726052310\UB0166_GAME_DATA_2024_09_11T12.53.13+02.00.csv
UB0168,1726479260,dataset\UB0168\AttentionRobotsDesktop\1726479260\UB0168_EPOCPLUS_96566_2024.09.16T11.29.31+02.00.md.pm.bp.csv,dataset\UB0168\AttentionRobotsDesktop\1726479260\UB0168_EYE_TRACKING_DATA_2024_09_16T11.29.31+02.00.csv,dataset\UB0168\AttentionRobotsDesktop\1726479260\UB0168_GAME_DATA_2024_09_16T11.29.31+02.00.csv
UB0169,1726657190,dataset\UB0169\AttentionRobotsDesktop\1726657190\UB0169_EPOCPLUS_96566_2024.09.18T12.54.52+02.00.md.pm.bp.csv,dataset\UB0169\AttentionRobotsDesktop\1726657190\UB0169_EYE_TRACKING_DATA_2024_09_18T12.54.52+02.00.csv,dataset\UB0169\AttentionRobotsDesktop\1726657190\UB0169_GAME_DATA_2024_09_18T12.54.52+02.00.csv
UB0170,1729257596,dataset\UB0170\AttentionRobotsDesktop\1729257596\UB0170_EPOCPLUS_96566_2024.10.18T15.14.52+02.00.md.pm.bp.csv,dataset\UB0170\AttentionRobotsDesktop\1729257596\UB0170_EYE_TRACKING_DATA_2024_10_18T15.14.52+02.00.csv,dataset\UB0170\AttentionRobotsDesktop\1729257596\UB0170_GAME_DATA_2024_10_18T15.14.52+02.00.csv
UB0172,1730117374,dataset\UB0172\AttentionRobotsDesktop\1730117374\UB0172_EPOCPLUS_96566_2024.10.28T13.04.42+01.00.md.pm.bp.csv,dataset\UB0172\AttentionRobotsDesktop\1730117374\UB0172_EYE_TRACKING_DATA_2024_10_28T13.04.43+01.00.csv,dataset\UB0172\AttentionRobotsDesktop\1730117374\UB0172_GAME_DATA_2024_10_28T13.04.43+01.00.csv
UB0173,1731088564,dataset\UB0173\AttentionRobotsDesktop\1731088564\UB0173_EPOCPLUS_96566_2024.11.08T18.51.03+01.00.md.pm.bp.csv,dataset\UB0173\AttentionRobotsDesktop\1731088564\UB0173_EYE_TRACKING_DATA_2024_11_08T18.51.03+01.00.csv,dataset\UB0173\AttentionRobotsDesktop\1731088564\UB0173_GAME_DATA_2024_11_08T18.51.03+01.00.csv
UB0176,1734087033,dataset\UB0176\AttentionRobotsDesktop\1734087033\UB0176_EPOCPLUS_96566_2024.12.13T11.45.47+01.00.md.pm.bp.csv,dataset\UB0176\AttentionRobotsDesktop\1734087033\UB0176_EYE_TRACKING_DATA_2024_12_13T11.45.47+01.00.csv,dataset\UB0176\AttentionRobotsDesktop\1734087033\UB0176_GAME_DATA_2024_12_13T11.45.47+01.00.csv
