participant_id,age,gender,mean_work_speed,total_omissions,total_commissions,gaze_location_entropy,gaze_spatial_dispersion,frontal_log_broadband,temporal_log_broadband,posterior_log_broadband,frontal_rel_theta,temporal_rel_theta,posterior_rel_theta,frontal_rel_alpha,temporal_rel_alpha,posterior_rel_alpha,frontal_rel_beta,temporal_rel_beta,posterior_rel_beta
UB0004,11.0,2.0,22.833334999999998,9.0,1.0,0.8563590495199763,0.33793884076410396,1.7366268617937015,2.000053067242809,1.9102754451203368,0.14357814843366828,0.10799555513836145,0.1653979680272285,0.07758900234404137,0.06921446301194607,0.10411001139528492,0.14798075533864025,0.33687502903732736,0.13961114972294103
UB0007,10.0,1.0,18.666665000000002,2.0,1.0,0.5164968060916257,0.34189882575124014,2.0857723772002945,2.5323421236016985,2.2989235177783103,0.12431270475403446,0.1013478166929755,0.1400896145196328,0.09851082739899042,0.1137107105830429,0.13700946449416876,0.09320643918534276,0.15069026908619987,0.10875479178862663
UB0020,8.0,1.0,11.5000025,10.0,3.0,0.673126710736701,0.2653687740875699,1.9980937290704082,2.1422435019556736,2.1986558644572174,0.10988103998438771,0.09724469304257087,0.1542219570128659,0.06663999356097206,0.07556862410167267,0.10024970977327174,0.253641330676499,0.3534752674047197,0.268199055454823
UB0021,10.0,1.0,17.75,1.0,2.0,0.7751970162878897,0.30106798941019813,1.6633180985680847,2.1433848316264372,1.7136391480842807,0.17806612468613608,0.13659555452881683,0.17121686532779856,0.09207155897400703,0.07426006815043795,0.09766442604649295,0.16122659024940772,0.2734990684604345,0.17229601569602726
UB0023,9.0,1.0,20.666665000000002,49.0,9.0,0.6792356275278735,0.2650205837108651,1.8727288752195534,2.0853713209237323,2.0214242800688322,0.17120488114130022,0.16487357618577406,0.17186085028708953,0.0816966680062054,0.0935073965349163,0.1041890908948537,0.15731939673329715,0.20405166730426144,0.1719452513853239
UB0024,7.0,1.0,7.6666665,2.0,21.0,0.6602068405576224,0.2862916307364016,1.939441943798153,2.181483904285897,2.3212465145395638,0.255444462881211,0.2877682463466439,0.3103921647256416,0.07339187455051255,0.05097795007030677,0.0727508265363316,0.08910535399224179,0.09937773422238196,0.045247466731461614
UB0028,10.0,1.0,11.416667499999999,2.0,6.0,0.5574864791701242,0.3307635392370067,2.0593640558725363,2.021636848691677,2.064919226165657,0.156827226484811,0.16882126511089338,0.2158301328189146,0.07671490803462844,0.10813592232916483,0.10764693907881401,0.22357397564004605,0.18296941204244332,0.12457180714452286
UB0029,10.0,1.0,15.16667,12.0,2.0,0.5718211332365065,0.2605626255728451,1.918997349583353,2.083638447205317,2.0174270853667418,0.183067508001248,0.12403029994128227,0.20366937904729313,0.0824023463797208,0.05367401350375674,0.11315100590978004,0.21674780572393887,0.3388444295874834,0.13179296151051584
UB0030,18.0,1.0,28.9166675,0.0,0.0,0.8064582493033052,0.3431262520119728,1.9193034353362046,2.321447195277929,2.0786467168029437,0.09170212463659225,0.034433543771729885,0.04828537857799596,0.1150444758926493,0.08469388632649014,0.08354576365909,0.3909871840714604,0.5323651306688204,0.4853883052727389
UB0032,18.0,1.0,35.8333325,10.0,0.0,0.6739478242700889,0.2322058182123894,1.5232519446559751,1.5757603953899861,1.7457666358072923,0.15733660978512287,0.14188778822252052,0.1426536093598747,0.10263562243765104,0.10651144405975685,0.09354569850937422,0.16378778445507838,0.23377169383371632,0.20290869513274123
UB0034,18.0,1.0,33.0833325,8.0,0.0,0.8757130789920532,0.37853387801261884,1.5003050647857203,1.4657202356135028,1.5021047493680215,0.136494319150418,0.1490330475055753,0.11262849607810206,0.063056277789205,0.07124688125213403,0.08875569299569855,0.16944008889836806,0.19726125941667308,0.26812643937456326
UB0035,18.0,1.0,31.833334999999998,7.0,0.0,0.8819828063727981,0.3544291551272091,1.695952727241989,1.7878650514241383,1.706736458109062,0.09859040522659063,0.08005051151007234,0.0802196835869614,0.0703223182393742,0.09499680067427096,0.0889482559075183,0.3275405335818101,0.31109073626272604,0.35625244300843706
UB0039,18.0,1.0,20.75,8.0,1.0,0.70502838683074,0.2040450078786061,1.2349933111242435,1.3882169415968237,1.6030152874857402,0.11513004066937996,0.1281206209279464,0.13460476571619973,0.07276688513180017,0.08948271997685356,0.09562911367382591,0.21201172191970538,0.21140137864601444,0.16190129222898944
UB0042,18.0,2.0,31.5,5.0,0.0,0.8171683217553605,0.3105020911809938,1.7715061567393355,1.6219583480957767,1.8942141241817074,0.15858196398864438,0.11147870452906704,0.10842066826632693,0.07860771892870996,0.07626266094947315,0.09289647366574882,0.18541577324674496,0.3331233152422176,0.2978762492976629
UB0044,17.0,1.0,27.916665,7.0,1.0,0.7348907819816739,0.24864619798380316,1.6422935406981867,1.809184114378811,1.8767279260829035,0.20777180198374637,0.1949036076339125,0.20067056146362566,0.0784398143338482,0.07364872949648767,0.09966134883725714,0.1603328980069818,0.22348881114359373,0.1427358861172911
UB0045,18.0,1.0,36.4999975,2.0,0.0,0.9059397744049095,0.3434656551683297,1.5966572351849044,1.920114866452751,1.599187871350535,0.1204764838549442,0.05732770269290143,0.1565213807012121,0.06635419703237116,0.04838434772894113,0.08770500705790464,0.17168573336622217,0.46995451578556335,0.20083649207816442
UB0046,18.0,2.0,22.83333,0.0,0.0,0.7978857251232085,0.3022193602909232,1.9265036647180098,1.6149450027890555,1.683207373989958,0.06982541210257086,0.10196773238940735,0.12767090583881543,0.05931354144356267,0.07967937163957951,0.13200583809927108,0.41627258056706473,0.2937274635083894,0.20641691793332445
UB0047,18.0,1.0,29.1666675,6.0,0.0,0.7465823434066035,0.2547351930886237,1.3218233053028134,1.778711109646312,1.5762957332675542,0.14764949877377032,0.06349418135826533,0.1289359460220648,0.10401044913060539,0.08097701468942461,0.13457866574754934,0.18583460295789805,0.4041932604751971,0.21545152265328163
UB0049,18.0,1.0,34.5,5.0,2.0,0.7596269176385362,0.284034250271536,1.6564293971875241,1.6564103440495477,1.8652445050577333,0.13584599229520733,0.10897049671268962,0.11982693893894368,0.08790507605882547,0.087446546415226,0.07866699711446343,0.22641299590755556,0.30865688892691845,0.20627983725145976
UB0051,13.0,2.0,21.583334999999998,3.0,2.0,0.7688952144416307,0.303425754239673,1.757644375241854,1.7648961768586218,1.846304021792186,0.1710132416813171,0.14052314719592104,0.1631955366089877,0.07361175362676056,0.07323969452892282,0.1038435607716594,0.14035522693319347,0.17052893864060192,0.13932704360343856
UB0052,11.0,1.0,24.249997500000003,14.0,5.0,0.6802091406379716,0.2526232878157664,1.976274400867759,1.9951374463480724,2.088514497118321,0.1761211218439207,0.14521576995846064,0.18553289362646402,0.07957690442907057,0.0782292423158316,0.10400046286954372,0.10339767178111402,0.20600520765072367,0.10460682764523388
UB0053,13.0,2.0,17.9166675,2.0,7.0,0.7995498786936857,0.32837023504927737,1.804254904152474,1.8199797715869988,1.936297135768607,0.1488547684021208,0.1351584945890732,0.14867632827054067,0.16354490757050033,0.15053007929061554,0.160454421470778,0.11963449123567023,0.22670243019520378,0.15913648792530402
UB0054,15.0,2.0,26.75,5.0,3.0,0.5590005904875509,0.2286862497610567,1.9411134145057936,2.134988051417065,2.0823781650133997,0.13279600995553445,0.09356233767582384,0.10228810545295229,0.0689787073986208,0.07562669317924496,0.08122313038633792,0.11436470108803173,0.18826430408293465,0.17857974533719673
UB0056,18.0,2.0,35.1666675,10.0,2.0,0.8548701844069331,0.34124689340368697,1.4762650996268594,1.3787264715352765,1.5428409763719664,0.12338210393424552,0.1160989853420838,0.135015065994528,0.07204261545919863,0.08698516810680972,0.09041943533563976,0.13724703952802159,0.2423125737882017,0.159297392117421
UB0057,13.0,2.0,28.0,4.0,3.0,0.8244921491265366,0.31338221806891886,1.9158444541558908,2.543589280066915,2.0926832603478767,0.11279865677653717,0.035470641256167015,0.11822609188191764,0.06721424253856931,0.0287211658640067,0.06498591140870481,0.26570694040355103,0.48674361178702175,0.29988998160714564
UB0059,13.0,2.0,20.1666675,3.0,7.0,0.8042507314665918,0.2904689553800537,1.8568033297970192,1.8855127308958715,1.937101552527373,0.16358029926920803,0.15120210301982687,0.1729050359700877,0.12737213151822074,0.09986807795123001,0.1504981367942367,0.21440843918191915,0.2956447777755382,0.1830461682535332
UB0060,10.0,2.0,11.666665000000002,1.0,1.0,0.6947568038501406,0.3153261125580384,2.043405392031996,2.2412264127088273,2.112924277209297,0.18517041628306125,0.1411286804008228,0.19012217037903498,0.07297478351843859,0.06621306884023526,0.09030961199566093,0.2501304510280558,0.3221793951570187,0.18260129227513622
UB0061,13.0,2.0,13.416665000000002,5.0,2.0,0.7501732107214737,0.30988649978551286,2.002706069240553,1.922843397931664,2.011938963752223,0.12185562050299308,0.12002272750125013,0.15693765173425384,0.04413145270653182,0.04946960350742165,0.07448602147415456,0.28900111308492815,0.2812001854372784,0.19984144313536217
UB0063,12.0,2.0,21.333334999999998,11.0,3.0,0.770245396909204,0.3027826534016788,1.8652656094580058,1.6325664758938259,1.9461920197469345,0.1471789362814405,0.1682310300383137,0.15866313615185368,0.09754159087412706,0.09718324332096256,0.10810391772501383,0.13244159812712186,0.16146210786619875,0.16143869151506215
UB0065,10.0,2.0,16.0833325,9.0,4.0,0.48921393366130406,0.2781724824633278,1.7801065858534004,1.6219312178313223,1.7064420440646517,0.17402895119997008,0.15797833487879603,0.16055445196601908,0.1077914247299524,0.10625722808662696,0.11328704337751946,0.18073991949896037,0.17860521494397485,0.17816099611853636
UB0066,8.0,2.0,16.4999975,3.0,2.0,0.7553161590593999,0.33241073641792124,2.0906723223505166,2.3552102677000795,2.318950824825383,0.20728096670395457,0.2812515936131841,0.22824824274864056,0.08779361559944918,0.0911990881176594,0.1086056307347415,0.13935013240000765,0.11964729787832928,0.11538344179618587
UB0070,15.0,1.0,21.4166675,1.0,0.0,0.788451683113284,0.303179119159216,1.9123284860823118,2.122462800030049,1.9379597800980408,0.18342596309484394,0.1156819234307904,0.17832912840403664,0.16073328416442445,0.1660838995797586,0.17022544702223694,0.10110313730427241,0.2585753054135793,0.1410006000083474
UB0071,11.0,2.0,16.333334999999998,7.0,7.0,0.8063225769583247,0.38380542031198506,1.9904713087384827,2.2396224374974647,2.059388045129806,0.11241746959437368,0.08792084585286522,0.11540182060098035,0.24661275957544712,0.32068252609779957,0.18335709480157447,0.1313497137694511,0.14856729455125128,0.1921473540485354
UB0072,7.0,1.0,10.41666575,0.0,4.0,0.720197463212953,0.2823664741727094,2.0762757030534282,2.514178628348188,2.1983216113905577,0.16358155793262197,0.09204109474787639,0.18553891282004606,0.14715067657254666,0.08283757199598045,0.16373475030118445,0.13787951723360736,0.33778470371972014,0.11378573693799619
UB0073,14.0,1.0,23.5,4.0,11.0,0.8372752174202832,0.34197298469112036,1.7904821324755837,1.801922686420356,1.9100549514404244,0.1554938374279968,0.1480011767648054,0.17522429825914088,0.08746780277740472,0.13100761137109862,0.11506094912175072,0.15231711601085232,0.18276502878555506,0.15401219345189976
UB0074,14.0,1.0,21.75,8.0,2.0,0.7688297804553464,0.3069879825819646,1.6178457161000783,1.6840719714848582,1.8315122784509872,0.1460095375495994,0.16580963808129415,0.1824413407136412,0.08577118790532637,0.09475047495112948,0.10475822209729205,0.14098443164922747,0.19683542464903842,0.15255610580247886
UB0075,9.0,2.0,18.8333325,15.0,7.0,0.7503029019641577,0.31717185410372223,2.1702303621781316,2.090354151838592,2.119288138573368,0.33882913862446695,0.331837095763199,0.31018587331385816,0.08767791085933148,0.10321844259217924,0.11730493797909886,0.11607033134092828,0.11603132515883025,0.08567366076560688
UB0077,16.0,2.0,25.916665000000002,7.0,3.0,0.8193050334356339,0.29117682199035616,1.4943960476840599,1.5176205348765999,1.5494964991017746,0.21892372597695758,0.19841832649823296,0.1782985406899765,0.08137873702200096,0.09735621836139906,0.10861181121394653,0.15479276139146975,0.16861370732484843,0.18818583430433825
UB0078,14.0,2.0,20.166665000000002,9.0,0.0,0.7673857937461843,0.2990027198456617,1.8475337241852867,1.8569475967629399,1.863721978596348,0.1715346309187841,0.17435487163757388,0.203475358231251,0.1077657956453677,0.11215881910402056,0.10381629591141972,0.17214586026829232,0.22052318842318078,0.15964169204463619
UB0079,13.0,2.0,15.333332500000001,6.0,1.0,0.7173353917574553,0.3250275240662904,1.6215579088922947,1.8015856948086477,1.6911136771303115,0.18021162617639383,0.19022288895336287,0.1650511706724645,0.12469374133719753,0.11480795494950721,0.10970910645409626,0.1609129137783069,0.1646230402043053,0.1987700401754315
UB0080,16.0,2.0,23.6666675,5.0,1.0,0.7948259767881817,0.2764316851855192,1.8247785188160264,1.726521588307658,1.659398704078935,0.15447975760844274,0.12707496652498929,0.158207857112231,0.0939000525660694,0.10553250077979223,0.11940723477859207,0.20790514558534495,0.33669368924818294,0.23929431162930548
UB0081,9.0,1.0,18.9166675,4.0,7.0,0.7772599500004488,0.32578713258591036,1.9744832308364983,2.0554814192932627,2.050000153279209,0.14335109445501812,0.13025863396591103,0.15006923076939593,0.14303692761433418,0.13341638948162948,0.12610902704822888,0.17215350857287834,0.23768758924143374,0.16056765567725587
UB0083,10.0,1.0,20.0000025,13.0,11.0,0.8025384271521264,0.31838706519333015,1.9219518537832516,1.8388877603354588,1.929603071277991,0.165352620553473,0.1811702943538034,0.16593416232865213,0.12078647287246821,0.13831704946381246,0.12889754458619487,0.11511160239459435,0.13194919594175886,0.11569971086499163
UB0084,16.0,1.0,22.916665000000002,1.0,3.0,0.8102749539122186,0.3330105670217788,1.698660254453589,1.7933104332715764,1.714196412370905,0.1992852782542817,0.1635368554618843,0.1953458799475667,0.11210910891721981,0.11939127845189956,0.16558864263175826,0.1545517622776252,0.18304640958259255,0.1449436606051674
UB0085,7.0,1.0,10.416665,2.0,6.0,0.6643587691892978,0.394356916050577,2.0535041297486605,2.211194848912525,2.1973188502863295,0.1320598648627872,0.13068505388945575,0.17930769052270795,0.06794080168989595,0.05893066904838442,0.09365555294495527,0.23846888627574453,0.12843431241558229,0.16058716050225763
UB0086,16.0,1.0,21.25,5.0,5.0,0.7995376443241033,0.3053931066939586,1.6620313133566036,1.912862892110831,1.8525705244971902,0.1430431704253461,0.12730364032618943,0.1440716309621688,0.0851232652330601,0.0563224533226719,0.0826068112905465,0.20586438561703432,0.18123610850728417,0.1503191625734825
UB0087,12.0,1.0,18.666665000000002,7.0,4.0,0.7582596016490576,0.30085972042641157,2.1056380339395404,2.2296466721841526,2.27581123217581,0.1886558778566808,0.15690712015868585,0.1947195397035914,0.2371622506668842,0.26376380923277876,0.3043479873630772,0.1072426520100584,0.1756863301664065,0.08304111986126334
UB0089,18.0,2.0,23.6666675,8.0,1.0,0.8154963762209199,0.32569568202135896,1.6293372901143015,1.3103336667124732,1.600552968333929,0.12375211010421752,0.1102655080605264,0.1437487907451451,0.07205943785447474,0.07580893301507331,0.0966227835268591,0.28368604481542814,0.3556530351373559,0.24542861907884866
UB0090,17.0,1.0,35.0,14.0,2.0,0.8563347568064946,0.37475422635375033,1.9207150483506963,1.9756970570052932,1.9791854846891086,0.20412029648204286,0.17412782990683578,0.19367277305321015,0.11772173951134587,0.12340544503979527,0.15060606437127955,0.10199177377939386,0.16079962837493272,0.13006843926653813
UB0091,16.0,1.0,24.5833325,12.0,4.0,0.8070455706201003,0.3210677470678218,1.7264630460206125,1.811379228356646,1.6932504820528198,0.13768512251785323,0.0945330057735302,0.1426337470341622,0.1244516125647027,0.15328028937428856,0.15015959101923274,0.23846100999025072,0.3214751566625853,0.24573893779256795
UB0098,6.0,1.0,6.5833335,1.0,14.0,0.639004971378002,0.3712942042321609,0.46826728999942013,0.4604229532976463,0.32338549356490165,0.07188897776720685,0.0776427595685622,0.0707923970637695,0.09700158709928083,0.10983162592661781,0.09628494928678119,0.4101398804429228,0.42214087015435015,0.4319608711258123
UB0099,8.0,1.0,11.583332500000001,3.0,4.0,0.686012937905437,0.2642877896457254,2.2621739292848555,2.0008248067259853,2.4837683353011597,0.17383436716767608,0.1327820586013613,0.14087491318846704,0.26871049853206797,0.30406410439170667,0.32040337259673635,0.11391834933085508,0.1569289893541826,0.11262907023787291
UB0100,11.0,1.0,14.25,12.0,11.0,0.6427688083408827,0.22638192197434925,2.068404626286757,2.1144727457638632,2.208070995160882,0.23211313171122952,0.2523769039215622,0.24007512443561596,0.08062427751023162,0.076852916941963,0.09811231473822653,0.09300417640083115,0.1118484089275161,0.10644737104315732
UB0102,11.0,1.0,20.1666675,2.0,3.0,0.7388441832537542,0.24340600299578602,2.0641910793401315,2.1737593707143916,2.194003496306415,0.12989293037796518,0.10739920705001291,0.16365258578239802,0.09529677101446321,0.12899456568433343,0.11651032215227315,0.3017383020760207,0.2938213684645665,0.2203680591100034
UB0103,9.0,2.0,9.83333425,1.0,6.0,0.7453623659546245,0.32630542382633565,2.1356357083363657,2.0475244400599593,2.209453894953274,0.1992437344704169,0.19001188638307553,0.2171691866846373,0.12034750517678612,0.09560243955572191,0.1414234743051478,0.14236335413806198,0.16491820582896027,0.12023597134360328
UB0104,11.0,1.0,21.4166675,4.0,4.0,0.7004567618612043,0.32076482206875845,2.059368925666722,2.0425903001294032,2.167088312517,0.18030643084507725,0.1495380225812438,0.19197571520599466,0.07991430209843428,0.07261172550299036,0.09062828831575853,0.17909120792319305,0.20494786060804698,0.19136135135105264
UB0105,13.0,2.0,17.833334999999998,3.0,5.0,0.7511987630067166,0.30946959868881296,1.8374623030105512,2.2358490900071644,1.9218550741755913,0.16278307504645828,0.07338886512896432,0.15331658462939643,0.08907274288066966,0.060205898663815996,0.10185622935336941,0.20472218554660193,0.42669220580838635,0.2000429751495318
UB0106,18.0,1.0,25.249997500000003,3.0,2.0,0.8149314069939266,0.34809396329173165,1.5182443057086275,1.9108596504999737,1.6217221190297957,0.15046486761336497,0.06706690183974007,0.18360891172221167,0.0901829511434831,0.04882485387958893,0.11080347846918506,0.20726658923396513,0.49799820662817645,0.18592256153622472
UB0107,11.0,2.0,17.8333325,8.0,5.0,0.782227064692309,0.310054516869056,2.033380313179138,2.3435638742222715,2.265334610523397,0.1970524958436839,0.15145224094982024,0.23887570267938166,0.06361589990482583,0.06403585109753981,0.0829692689383133,0.16397199778550484,0.3407774841469662,0.10665861396513951
UB0109,17.0,2.0,23.75,6.0,2.0,0.8280247828943986,0.30665862478089767,1.5497588727923965,1.5648894235631179,1.6498617871891967,0.17987281331535654,0.1400494710268506,0.15939269266787665,0.07625642820206524,0.08551385219425452,0.10201858771321416,0.13884727480323705,0.24934554834593475,0.16144611042816936
UB0115,12.0,2.0,11.833332500000001,1.0,5.0,0.7609790450062767,0.2743762504682485,1.774863159188444,1.9091699076030126,2.051527149311526,0.22528827372528912,0.1489857432585873,0.21515023537334194,0.07042941115757972,0.08814949286816771,0.07156544678048414,0.16214486852380264,0.2638785251561434,0.2002748484261206
UB0118,10.0,1.0,9.74999925,4.0,1.0,0.6935891494645887,0.2713253546334953,1.752612951127785,1.896476544096169,1.8638382315804127,0.1355158690882451,0.11886868332211854,0.135958306197712,0.13651935998096523,0.15827640232267198,0.13883863527747348,0.19637159661342796,0.23008603361754276,0.20271793325213347
UB0119,12.0,1.0,21.166665000000002,12.0,5.0,0.7849322644734092,0.3288254216822476,2.136223526816733,2.1516579647498326,2.2152174423356326,0.18075653623855864,0.18296673108297634,0.18031602451783246,0.10563587219787476,0.1267232419601978,0.17012327903486096,0.11244315463610942,0.09225646945591673,0.08552304788766563
UB0120,12.0,1.0,15.833332500000001,0.0,4.0,0.7679252944447087,0.31063628868865,1.9935395560239768,2.056045018257384,2.016323456785834,0.11402615956770418,0.14519314583410514,0.16424022247872538,0.06875363868579423,0.08940430378950265,0.11214671565020723,0.36858161061382694,0.28768697082118455,0.2527482921446681
UB0122,8.0,1.0,10.833333249999999,0.0,0.0,0.7444211814661937,0.3252500501021232,1.977591338331854,2.2776858334543553,2.0576536374881726,0.12536865319525767,0.09137298114303774,0.17885628340959886,0.08077597978325743,0.06173702129824028,0.11392691601746227,0.28750210757022965,0.4197512055053043,0.1351661528907654
UB0124,9.0,1.0,10.66666575,10.0,6.0,0.7643963254199115,0.30262188493989817,2.21471902461872,2.3888471752348286,2.4614492549733047,0.1821178491939675,0.18186956048680744,0.18744139124265957,0.06546386621819561,0.06427129882219278,0.0748075306027161,0.10040050162707784,0.19109541517127532,0.09135023359908111
UB0126,12.0,2.0,19.4166675,2.0,5.0,0.5114546799496865,0.1597998813345482,1.8764165480001662,1.986401385794927,1.9657023653469647,0.18447927818207643,0.18893598878760276,0.17535279236525783,0.10763291618816537,0.1336964182014832,0.12847703536528476,0.15067929419698314,0.1746554116227641,0.16015595999191834
UB0127,8.0,2.0,11.50000175,21.0,4.0,0.725565112381553,0.314157357273392,2.3690821665503385,2.1980531327890023,2.3730336974975677,0.04415851649823917,0.10302062883015414,0.13657101163397628,0.051689408607148435,0.08360791195825681,0.15006866282083903,0.5561946369980637,0.3432297803419657,0.17582563685895466
UB0128,9.0,1.0,23.6666675,69.0,27.0,0.7057244866457918,0.41668517642636427,1.9371049535815756,2.059807103285632,2.0474805004394874,0.15162087134540783,0.1496152900507498,0.17800626204432385,0.12106305526741422,0.21211079419390666,0.17905943882384273,0.12866233796422383,0.13087076598636502,0.09572534713823787
UB0129,9.0,1.0,12.0,2.0,4.0,0.7365456515883598,0.3058189663864642,2.0348977901435474,2.1726476926990235,2.1145967393875997,0.1430836620687338,0.14840103890407508,0.1783798822878177,0.12359995196825355,0.2316041154895855,0.15573135831681975,0.19440963576954423,0.1487788884027062,0.13285691322062237
UB0131,8.0,2.0,12.5,2.0,1.0,0.671965818772212,0.26787150801798293,2.1211162025238606,2.0474175322099297,2.149065130565003,0.22717631543396938,0.2421381056043005,0.23656243155843137,0.08343779478091522,0.08830811340898395,0.09633492983364791,0.11127921338583324,0.08939969078169391,0.07373387317447548
UB0132,9.0,1.0,18.249997500000003,18.0,6.0,0.6122193712358055,0.3188210144741355,1.9768234152434583,2.228985888892676,2.226312004213338,0.15714972207867972,0.12089028459577582,0.19756162890579815,0.08798011066641045,0.07960813500254538,0.11466259256573991,0.2138259570917067,0.276107331700704,0.1650009946044269
UB0133,11.0,1.0,21.4166675,5.0,1.0,0.7951420247894585,0.3649017808747208,1.9762991451466054,2.024476583693891,2.0628128217587323,0.1775213938280067,0.1842333524025765,0.18115572725089685,0.10102088727565989,0.12750715008135632,0.14301308234322757,0.13199791815152245,0.13971377241684424,0.10807886099173791
UB0134,15.0,1.0,24.4166675,7.0,2.0,0.7865024993975345,0.32310148907322866,1.7911746913346,1.9213532755344676,1.9696501721085906,0.16418080250656789,0.12326797509841045,0.15763610633580089,0.14247827709216399,0.14573724824982726,0.13923861766690446,0.16900828701148762,0.2431771747120015,0.20504627409774762
UB0138,15.0,1.0,25.25,11.0,4.0,0.8119806753877388,0.2971651541556982,1.617515218490256,1.823657254482029,2.032254757050059,0.1381305183534798,0.14022646641468564,0.14125987059860426,0.15987914106431847,0.1396555931770862,0.18606014032734514,0.15486899013451078,0.15724329050310693,0.1417104342260573
UB0139,12.0,1.0,14.666667499999999,3.0,10.0,0.7079811547923683,0.2837313739400161,2.09555686408679,2.2012952463808206,2.2234738428472847,0.15305493492676975,0.17824754348306188,0.17529322368106182,0.16151511143319217,0.21890354821499947,0.22272844862520833,0.16668689064665226,0.12324027515015737,0.08868561667648381
UB0140,14.0,1.0,24.75,2.0,0.0,0.7706113024061346,0.32166427907170575,1.8050313896050572,2.150311695776714,1.9741576878189706,0.15633999192766534,0.08571903692461999,0.16622483468290622,0.1419750241872381,0.07941576890326404,0.18983409467145076,0.20332792268127947,0.34643146908730166,0.16071624691453604
UB0142,9.0,2.0,13.0,1.0,0.0,0.7490531073112442,0.2710774958167985,2.1681333130724996,2.1507385407511377,2.233274419755924,0.3629042934845506,0.368558992911925,0.3616086067206258,0.06438345730878678,0.06147585688827577,0.08648566254814546,0.08595191358813234,0.10529562558421397,0.05516805830371034
UB0143,10.0,1.0,17.833334999999998,7.0,13.0,0.5711927656524031,0.17115938908669645,1.8211836331880449,2.0004797791289337,1.8612012088378092,0.16642982918996632,0.17640160592023146,0.17098905734404984,0.07810593053453033,0.0770054564795151,0.0905587443528029,0.16583910787699266,0.18886244576764175,0.12305552082155562
UB0144,13.0,1.0,25.1666675,21.0,3.0,0.7151657086214619,0.3217659136404986,2.0364052265894186,2.3615709873062736,2.1890857733061404,0.14484669934836952,0.10137520992337658,0.1622250337104222,0.1887757860658809,0.2744618675402035,0.22869827544574778,0.1659966192618146,0.20722008958648458,0.13105140294705758
UB0147,7.0,1.0,12.833332500000001,3.0,3.0,0.761241486603369,0.3294214458405238,2.2305995092068787,1.833213348284288,2.325406771093152,0.133801463910459,0.1567119967429007,0.1871728045458337,0.08840128974548375,0.10206397388436733,0.11730167752318482,0.28153118438778435,0.21499133649749733,0.12940274719216419
UB0150,17.0,1.0,40.5833325,3.0,1.0,0.8668831541170905,0.3419874245967888,1.4468779331205095,1.825135611073505,1.7409582893831552,0.17053523128359,0.14128194623572088,0.1475559803149995,0.1754778806135116,0.3105362283510632,0.1566916995484372,0.15429528675601856,0.13700701784760236,0.1758251492529166
UB0153,11.0,2.0,20.3333325,5.0,4.0,0.8043876513642769,0.33730010796699694,1.7692732900472343,1.8426560831335945,1.8328411151965,0.13467219778952755,0.13265895725008522,0.1296256814326266,0.15009641424373132,0.1259479067064323,0.13171089553659285,0.22547324586880726,0.2811513863323162,0.2402819859988865
UB0154,13.0,1.0,25.583334999999998,4.0,6.0,0.7476269166160296,0.30775717534239083,1.5058667793830676,1.5340700128620315,1.5842026700841374,0.16856018443803739,0.1617338826870604,0.17214977957594102,0.08347652965745284,0.10244812439928014,0.12433577882531052,0.16579099767850847,0.21517962835469387,0.18353404436378337
UB0156,6.0,2.0,7.91666675,1.0,3.0,0.5987845196871101,0.30231968147573923,2.1722532138968402,2.497979633626759,2.3654027983207166,0.13565088990173518,0.08897202383950378,0.14359567451175714,0.08631520431037308,0.06540110692147452,0.09710816511650766,0.2472266994670405,0.38688906899891307,0.19281348199424692
UB0158,8.0,1.0,11.083333249999999,1.0,1.0,0.6500995628291076,0.3277332950530977,2.2975757447657137,2.2969476748761375,2.2888866963320735,0.17015090597518578,0.16104957422728117,0.22578888371281802,0.07102595910392787,0.09074404193713759,0.11521413775784785,0.20050456188548055,0.2361213273302752,0.1031526192040759
UB0161,12.0,2.0,16.0,24.0,49.0,0.7940063963170901,0.297423933747707,1.9760116725655459,1.671112875909439,2.1986539445565274,0.218770969762018,0.2047136436138658,0.22820003883229284,0.0804132976033847,0.10757473944405657,0.08389044622901297,0.11731496021671893,0.1643077315185678,0.08771723789568947
UB0162,8.0,1.0,6.16666675,1.0,0.0,0.4944541322235967,0.17631420193345446,1.8146621459405763,1.9665584492776662,2.0935494218917388,0.20241695447295055,0.1929218812339516,0.21034377764885448,0.11271344626006391,0.13526361103088386,0.21195251545485805,0.1159951835357809,0.16665966026280227,0.08584110586457869
UB0164,15.0,1.0,18.9166675,5.0,0.0,0.7940981049013197,0.32446069493233687,1.6300213166577955,1.4736452295374327,1.543290334240103,0.12534203253646203,0.15153301198210434,0.17985654055427394,0.057207390528582314,0.07544826409024782,0.09908908763425281,0.1150714394658325,0.12163862815478974,0.09692099587437161
UB0166,9.0,1.0,15.916665000000002,4.0,2.0,0.7725710905309463,0.31519308632187876,1.8495151613926293,1.8942897189997394,2.1044718915293705,0.18641888150293834,0.15602613103272162,0.197767442044819,0.09398667017358693,0.08924438228744636,0.10687255082916018,0.16178696237135043,0.22051693088931956,0.11832393859591513
UB0168,7.0,2.0,5.75000075,16.0,15.0,0.5766065062165854,0.21129109083268988,2.0266998804059053,2.334473245356552,2.0581750100652902,0.18524865689831577,0.10289667466844205,0.18740901965981338,0.10708445410910852,0.09162489075143923,0.11454079773523289,0.13837240508574877,0.3660452349065374,0.12906651647383385
UB0169,10.0,2.0,16.1666675,3.0,6.0,0.7405553100952791,0.3373042436491719,1.8678821260927294,1.889776887590172,1.9615475563963898,0.21695864676366905,0.1618933206160177,0.19935822346248197,0.12039009210078594,0.13830359451591867,0.14038021039223497,0.1810527488433581,0.2340086614444519,0.18486164853580334
UB0170,10.0,1.0,17.416665000000002,0.0,0.0,0.7573095267502061,0.2667540848379993,1.9301771861275672,2.1306003355998024,2.008302647168538,0.20865961227094193,0.11529634431343323,0.24655362939926923,0.09196437584269834,0.06409030045479727,0.12046286143836243,0.17166043963350586,0.37149440196777506,0.12428896225063885
UB0172,14.0,1.0,21.25,18.0,13.0,0.730430903472165,0.31773346925868895,1.7717208763008343,1.983069382289902,1.9008601146928923,0.12351525624057622,0.13011077039714852,0.15768389984149386,0.12062236301854147,0.11883823732717788,0.21063440972653955,0.30329299970835744,0.20118567838699636,0.19235684456246122
UB0173,7.0,1.0,11.25,3.0,0.0,0.7269328798570907,0.2694171941788562,1.9341152831975716,2.0655374048454656,1.8691753049101671,0.17530449069227183,0.13587575310515843,0.20064135365965427,0.08042234153748445,0.06989832240837685,0.09459848033727265,0.16946027221768314,0.2822376071065398,0.15180703829851094
UB0176,14.0,2.0,25.3333325,3.0,1.0,0.7423294220971473,0.25961810868748575,1.7683055994504107,1.6662598359345893,1.86361622507324,0.14859731543969484,0.1546521382051208,0.1759125091446071,0.09907859783943397,0.08689042523379203,0.11245357023372032,0.2503452934737035,0.27545462507539753,0.2325373175016641
