participant_id,all_12_finite,exact_in_memory,stage1_csv_allclose_1e-12,max_abs_diff_in_memory,max_abs_diff_stage1_csv,diff_frontal_log_broadband,diff_frontal_rel_theta,diff_frontal_rel_alpha,diff_frontal_rel_beta,diff_temporal_log_broadband,diff_temporal_rel_theta,diff_temporal_rel_alpha,diff_temporal_rel_beta,diff_posterior_log_broadband,diff_posterior_rel_theta,diff_posterior_rel_alpha,diff_posterior_rel_beta
UB0004,True,True,True,0,0,0,0,0,0,0,0,0,0,0,0,0,0
UB0007,True,True,True,0,0,0,0,0,0,0,0,0,0,0,0,0,0
UB0020,True,True,True,0,0,0,0,0,0,0,0,0,0,0,0,0,0
UB0021,True,True,True,0,0,0,0,0,0,0,0,0,0,0,0,0,0
UB0023,True,True,True,0,0,0,0,0,0,0,0,0,0,0,0,0,0
UB0024,True,True,True,0,0,0,0,0,0,0,0,0,0,0,0,0,0
UB0028,True,True,True,0,0,0,0,0,0,0,0,0,0,0,0,0,0
UB0029,True,True,True,0,0,0,0,0,0,0,0,0,0,0,0,0,0
UB0030,True,True,True,0,0,0,0,0,0,0,0,0,0,0,0,0,0
UB0032,True,True,True,0,0,0,0,0,0,0,0,0,0,0,0,0,0
UB0034,True,True,True,0,0,0,0,0,0,0,0,0,0,0,0,0,0
UB0035,True,True,True,0,0,0,0,0,0,0,0,0,0,0,0,0,0
UB0039,True,True,True,0,0,0,0,0,0,0,0,0,0,0,0,0,0
UB0042,True,True,True,0,0,0,0,0,0,0,0,0,0,0,0,0,0
UB0044,True,True,True,0,0,0,0,0,0,0,0,0,0,0,0,0,0
UB0045,True,True,True,0,0,0,0,0,0,0,0,0,0,0,0,0,0
UB0046,True,True,True,0,0,0,0,0,0,0,0,0,0,0,0,0,0
UB0047,True,True,True,0,0,0,0,0,0,0,0,0,0,0,0,0,0
UB0049,True,True,True,0,0,0,0,0,0,0,0,0,0,0,0,0,0
UB0051,True,True,True,0,0,0,0,0,0,0,0,0,0,0,0,0,0
UB0052,True,True,True,0,0,0,0,0,0,0,0,0,0,0,0,0,0
UB0053,True,True,True,0,0,0,0,0,0,0,0,0,0,0,0,0,0
UB0054,True,True,True,0,0,0,0,0,0,0,0,0,0,0,0,0,0
UB0056,True,True,True,0,0,0,0,0,0,0,0,0,0,0,0,0,0
UB0057,True,True,True,0,0,0,0,0,0,0,0,0,0,0,0,0,0
UB0059,True,True,True,0,0,0,0,0,0,0,0,0,0,0,0,0,0
UB0060,True,True,True,0,0,0,0,0,0,0,0,0,0,0,0,0,0
UB0061,True,True,True,0,0,0,0,0,0,0,0,0,0,0,0,0,0
UB0063,True,True,True,0,0,0,0,0,0,0,0,0,0,0,0,0,0
UB0065,True,True,True,0,0,0,0,0,0,0,0,0,0,0,0,0,0
UB0066,True,True,True,0,0,0,0,0,0,0,0,0,0,0,0,0,0
UB0070,True,True,True,0,0,0,0,0,0,0,0,0,0,0,0,0,0
UB0071,True,True,True,0,0,0,0,0,0,0,0,0,0,0,0,0,0
UB0072,True,True,True,0,0,0,0,0,0,0,0,0,0,0,0,0,0
UB0073,True,True,True,0,0,0,0,0,0,0,0,0,0,0,0,0,0
UB0074,True,True,True,0,0,0,0,0,0,0,0,0,0,0,0,0,0
UB0075,True,True,True,0,0,0,0,0,0,0,0,0,0,0,0,0,0
UB0077,True,True,True,0,0,0,0,0,0,0,0,0,0,0,0,0,0
UB0078,True,True,True,0,0,0,0,0,0,0,0,0,0,0,0,0,0
UB0079,True,True,True,0,0,0,0,0,0,0,0,0,0,0,0,0,0
UB0080,True,True,True,0,0,0,0,0,0,0,0,0,0,0,0,0,0
UB0081,True,True,True,0,0,0,0,0,0,0,0,0,0,0,0,0,0
UB0083,True,True,True,0,0,0,0,0,0,0,0,0,0,0,0,0,0
UB0084,True,True,True,0,0,0,0,0,0,0,0,0,0,0,0,0,0
UB0085,True,True,True,0,0,0,0,0,0,0,0,0,0,0,0,0,0
UB0086,True,True,True,0,0,0,0,0,0,0,0,0,0,0,0,0,0
UB0087,True,True,True,0,0,0,0,0,0,0,0,0,0,0,0,0,0
UB0089,True,True,True,0,0,0,0,0,0,0,0,0,0,0,0,0,0
UB0090,True,True,True,0,0,0,0,0,0,0,0,0,0,0,0,0,0
UB0091,True,True,True,0,0,0,0,0,0,0,0,0,0,0,0,0,0
UB0098,True,True,True,0,0,0,0,0,0,0,0,0,0,0,0,0,0
UB0099,True,True,True,0,0,0,0,0,0,0,0,0,0,0,0,0,0
UB0100,True,True,True,0,0,0,0,0,0,0,0,0,0,0,0,0,0
UB0102,True,True,True,0,0,0,0,0,0,0,0,0,0,0,0,0,0
UB0103,True,True,True,0,0,0,0,0,0,0,0,0,0,0,0,0,0
UB0104,True,True,True,0,0,0,0,0,0,0,0,0,0,0,0,0,0
UB0105,True,True,True,0,0,0,0,0,0,0,0,0,0,0,0,0,0
UB0106,True,True,True,0,0,0,0,0,0,0,0,0,0,0,0,0,0
UB0107,True,True,True,0,0,0,0,0,0,0,0,0,0,0,0,0,0
UB0109,True,True,True,0,0,0,0,0,0,0,0,0,0,0,0,0,0
UB0115,True,True,True,0,0,0,0,0,0,0,0,0,0,0,0,0,0
UB0118,True,True,True,0,0,0,0,0,0,0,0,0,0,0,0,0,0
UB0119,True,True,True,0,0,0,0,0,0,0,0,0,0,0,0,0,0
UB0120,True,True,True,0,0,0,0,0,0,0,0,0,0,0,0,0,0
UB0122,True,True,True,0,0,0,0,0,0,0,0,0,0,0,0,0,0
UB0124,True,True,True,0,0,0,0,0,0,0,0,0,0,0,0,0,0
UB0126,True,True,True,0,0,0,0,0,0,0,0,0,0,0,0,0,0
UB0127,True,True,True,0,0,0,0,0,0,0,0,0,0,0,0,0,0
UB0128,True,True,True,0,0,0,0,0,0,0,0,0,0,0,0,0,0
UB0129,True,True,True,0,0,0,0,0,0,0,0,0,0,0,0,0,0
UB0131,True,True,True,0,0,0,0,0,0,0,0,0,0,0,0,0,0
UB0132,True,True,True,0,0,0,0,0,0,0,0,0,0,0,0,0,0
UB0133,True,True,True,0,0,0,0,0,0,0,0,0,0,0,0,0,0
UB0134,True,True,True,0,0,0,0,0,0,0,0,0,0,0,0,0,0
UB0138,True,True,True,0,0,0,0,0,0,0,0,0,0,0,0,0,0
UB0139,True,True,True,0,0,0,0,0,0,0,0,0,0,0,0,0,0
UB0140,True,True,True,0,0,0,0,0,0,0,0,0,0,0,0,0,0
UB0142,True,True,True,0,0,0,0,0,0,0,0,0,0,0,0,0,0
UB0143,True,True,True,0,0,0,0,0,0,0,0,0,0,0,0,0,0
UB0144,True,True,True,0,0,0,0,0,0,0,0,0,0,0,0,0,0
UB0147,True,True,True,0,0,0,0,0,0,0,0,0,0,0,0,0,0
UB0150,True,True,True,0,0,0,0,0,0,0,0,0,0,0,0,0,0
UB0153,True,True,True,0,0,0,0,0,0,0,0,0,0,0,0,0,0
UB0154,True,True,True,0,0,0,0,0,0,0,0,0,0,0,0,0,0
UB0156,True,True,True,0,0,0,0,0,0,0,0,0,0,0,0,0,0
UB0158,True,True,True,0,0,0,0,0,0,0,0,0,0,0,0,0,0
UB0161,True,True,True,0,0,0,0,0,0,0,0,0,0,0,0,0,0
UB0162,True,True,True,0,0,0,0,0,0,0,0,0,0,0,0,0,0
UB0164,True,True,True,0,0,0,0,0,0,0,0,0,0,0,0,0,0
UB0166,True,True,True,0,0,0,0,0,0,0,0,0,0,0,0,0,0
UB0168,True,True,True,0,0,0,0,0,0,0,0,0,0,0,0,0,0
UB0169,True,True,True,0,0,0,0,0,0,0,0,0,0,0,0,0,0
UB0170,True,True,True,0,0,0,0,0,0,0,0,0,0,0,0,0,0
UB0172,True,True,True,0,0,0,0,0,0,0,0,0,0,0,0,0,0
UB0173,True,True,True,0,0,0,0,0,0,0,0,0,0,0,0,0,0
UB0176,True,True,True,0,0,0,0,0,0,0,0,0,0,0,0,0,0
