participant_id,frontal_spectral_entropy,temporal_spectral_entropy,posterior_spectral_entropy
UB0004,0.78829555609645774,0.90886567178027289,0.8041806179963823
UB0007,0.75691049071366956,0.80001374284679383,0.77400067047067578
UB0020,0.8207275303207906,0.90629675540023036,0.86548772950329245
UB0021,0.83701670386508364,0.90086324701756171,0.8307482535526679
UB0023,0.80600606568101085,0.85178987764782577,0.82228809409233439
UB0024,0.76324504825475459,0.75107810717843893,0.71430404461452079
UB0028,0.85666694453203762,0.84531526128902612,0.79551799664084111
UB0029,0.87383625635678219,0.92477694675412558,0.8167060462916903
UB0030,0.96912893447206117,0.98289314450052934,0.98598636797696171
UB0032,0.81762627512416275,0.87251777516764395,0.84406381782149331
UB0034,0.81688049571864707,0.86065689532169765,0.92413240066355096
UB0035,0.94200655546164225,0.89466698902370045,0.97149178986127016
UB0039,0.82853522974516558,0.85882803517608308,0.81100104783235771
UB0042,0.81772182103387803,0.93716217355131282,0.92385747935902873
UB0044,0.82746677452823902,0.87537717947987226,0.82491535564310914
UB0045,0.78299444216012071,0.98013829025055754,0.83996888932341118
UB0046,0.96469940022736644,0.92434506748271328,0.88599676229055369
UB0047,0.85896606654649721,0.97157308413200849,0.90503714966050186
UB0049,0.86845138084601592,0.91366199167848539,0.85246451851541272
UB0051,0.79898182834016329,0.81365290587545003,0.79294508793053198
UB0052,0.75785961876052366,0.8423968451416638,0.77410921538167587
UB0053,0.81028108549868116,0.88287215531000174,0.83705942797803534
UB0054,0.73507185042129164,0.84440952790525392,0.8108579252326843
UB0056,0.72717490013356489,0.85633361057403135,0.80431298444652155
UB0057,0.8923886281576211,0.95553477108768525,0.90784065888727139
UB0059,0.8835963169435318,0.92490296258106564,0.86582736843440655
UB0060,0.87510024283851506,0.8897350452307623,0.8423477306927607
UB0061,0.90300309824258873,0.87791451659332709,0.83654215663640552
UB0063,0.79729111691351551,0.83451676342857062,0.84373772550010706
UB0065,0.82651509359677044,0.82925010649230801,0.84244598283786043
UB0066,0.79537102195521014,0.79723588698193337,0.77920928999827188
UB0070,0.80803579923877111,0.91510898745864611,0.85067357169579683
UB0071,0.82457838471504386,0.8347684998241699,0.87854303087959351
UB0072,0.82742459068845842,0.92272272853241022,0.79903109247671777
UB0073,0.79264008830877908,0.84236308795489423,0.81268070286295324
UB0074,0.80187229977850139,0.84517364390144722,0.83084730521137806
UB0075,0.80567419686707753,0.81069397514314323,0.78677443549170678
UB0077,0.8165412229360407,0.84361897526491259,0.85892906534668934
UB0078,0.84095237382677124,0.87614681063576716,0.82746590232945327
UB0079,0.83179687444481398,0.83027290882381466,0.84684263870969834
UB0080,0.89377863821171544,0.95939089741000849,0.90555915357852812
UB0081,0.82786569843679758,0.8769297280979238,0.82501208237158097
UB0083,0.7754274058743279,0.80981438847111265,0.79152370574877484
UB0084,0.84001613282163246,0.84705479883983814,0.84940700682089354
UB0085,0.82463336858732617,0.72385574183366508,0.80685822562930509
UB0086,0.86089252209941525,0.74450711305862938,0.79787774755526086
UB0087,0.82191541991912054,0.88055803636380614,0.80390466015696294
UB0089,0.91165071108921369,0.9272903152432177,0.87696309332613054
UB0090,0.78421867992068672,0.7814420065019213,0.8362453936920361
UB0091,0.87169744276304917,0.95080961657437624,0.89224252910740465
UB0098,0.99349235115448287,0.99249271646302362,0.9934562043835089
UB0099,0.81533438861069307,0.82337664890369877,0.79680854839874271
UB0100,0.76444134501785888,0.78297173762646799,0.78103414208087263
UB0102,0.86691796092656881,0.88202796178683873,0.84142332762544547
UB0103,0.81800763939240972,0.82711529728753963,0.79703696408295033
UB0104,0.82131856071382181,0.84894489785627947,0.87700420167816218
UB0105,0.87382035917710077,0.97975730966423924,0.86083519903471395
UB0106,0.87913396819145051,0.97858625039300573,0.88051737958638776
UB0107,0.83434639934223098,0.91995699252012986,0.76459314851528193
UB0109,0.81582235326138508,0.90266399402493691,0.81363382318194988
UB0115,0.81526740398380748,0.88706819856740771,0.81435705941990666
UB0118,0.83409716857585425,0.86327326405451821,0.84900799840943175
UB0119,0.79075441806272428,0.78514271603005859,0.77893761812793316
UB0120,0.9003983914849979,0.88571362109673191,0.86497381824564379
UB0122,0.87949897950545119,0.95628600828840693,0.80441679717331627
UB0124,0.73971807713136073,0.8082969485727709,0.72890904011310986
UB0126,0.82985012743438757,0.84983459839606257,0.82906509784754634
UB0127,0.96914727109942966,0.92979316722679972,0.84832197862976066
UB0128,0.83769969402979005,0.83774992810909044,0.80087925427670104
UB0129,0.85954805896231123,0.85341995478406596,0.82732140852300717
UB0131,0.78728219945225508,0.75651212661914913,0.74803780242913553
UB0132,0.83504087520319137,0.85688889137437096,0.82086010011318533
UB0133,0.78726472966835714,0.82657256641937893,0.79660125969472373
UB0134,0.83006696572479333,0.84852070086572984,0.83451077141943442
UB0138,0.81983031844989329,0.81504884148688783,0.81002529059005801
UB0139,0.84550404469239548,0.82731804607458315,0.79612025521479302
UB0140,0.86453273103347794,0.92991412180622057,0.85080230851690397
UB0142,0.77017480511934588,0.79573114791933652,0.74823358309001797
UB0143,0.81884397864616187,0.82547089072457136,0.77269194720195244
UB0144,0.82423579629864363,0.83659419823863834,0.82648241777514764
UB0147,0.91073762230491595,0.85574551786700981,0.80425752451854848
UB0150,0.85269258207018883,0.84889269012216251,0.86565101409531287
UB0153,0.87291602664457324,0.90227428408018939,0.89402649893898534
UB0154,0.81159099249241162,0.86610602180573359,0.85642885374053812
UB0156,0.84371785703401481,0.93947171973305466,0.83173139038962685
UB0158,0.882051428707331,0.88855808333062725,0.8035208340071226
UB0161,0.79545114562323793,0.82939116705795224,0.75948017068547524
UB0162,0.79187299076570972,0.84198135758029014,0.77742393770311391
UB0164,0.69284839811163845,0.75953420717474884,0.75880436965891895
UB0166,0.82168039609537169,0.84490797225955594,0.80256281994623724
UB0168,0.81806673317964818,0.96294032713690525,0.79820107435385479
UB0169,0.84824477022407374,0.8939691885995843,0.87049283739214078
UB0170,0.8327406433604817,0.95824179525602471,0.81416076500308221
UB0172,0.90486718966503465,0.84455063579754786,0.86334535005330593
UB0173,0.81104225271702779,0.88404052349901452,0.80694584183160833
UB0176,0.89738511546094002,0.910270961679989,0.88221383924754126
