participant_id,frontal_iqr_log_broadband,frontal_iqr_log_rel_delta,frontal_iqr_log_rel_theta,frontal_iqr_log_rel_alpha,frontal_iqr_log_rel_beta,temporal_iqr_log_broadband,temporal_iqr_log_rel_delta,temporal_iqr_log_rel_theta,temporal_iqr_log_rel_alpha,temporal_iqr_log_rel_beta,posterior_iqr_log_broadband,posterior_iqr_log_rel_delta,posterior_iqr_log_rel_theta,posterior_iqr_log_rel_alpha,posterior_iqr_log_rel_beta
UB0004,0.20706771847575034,0.17958309202410644,0.18669080363371404,0.18921148876584848,0.20704147720438815,0.21247202579835855,0.26002899201681628,0.2228035912780435,0.23118244349684125,0.16917159649565472,0.22351388864487953,0.2409949264044684,0.20853551498192369,0.22759872407477966,0.23446787753597143
UB0007,0.45761702785861935,0.26058982551783677,0.31738462734717654,0.4649087450247269,0.3000237052610315,0.44234324000878811,0.35915518864719598,0.3590763062531257,0.44499382921511677,0.43821175769294318,0.21783981025084076,0.21471660444067431,0.23037466439660537,0.23693263777123175,0.22097061156778519
UB0020,0.14377855448920496,0.20214741315929091,0.20917052155418792,0.18879137166810556,0.19307725873233861,0.24403467416456426,0.31509579530735687,0.26061965892486882,0.31884404636946884,0.18904105400069665,0.12067458238200546,0.23622117491750949,0.18647760297565108,0.25204730839271206,0.18391575296343432
UB0021,0.15993266364187075,0.19496138657280682,0.1748524957787041,0.1716237992308165,0.15154320069587768,0.25754822998573079,0.30953807697849633,0.29836788425259353,0.29252615277178262,0.21993105851905725,0.17698231299724965,0.2187820007731528,0.20721087344964828,0.2170796782672193,0.17909805424900704
UB0023,0.16440040845618697,0.21396452970595115,0.20381212746495658,0.17510133392707283,0.24243358038897733,0.21775721946454207,0.23633424633343059,0.241584059247405,0.23267864096597857,0.24443866233789513,0.17656656431031514,0.20061881849018542,0.24229802212907503,0.19520149698884715,0.16306560835196127
UB0024,0.13870000698184781,0.19659598276028595,0.19312122245132957,0.21985305134298017,0.19531549123512904,0.19421626491259136,0.27835402816295479,0.23220251632161137,0.26853195099547711,0.21173111433851122,0.19210297009962396,0.21090278952543023,0.19614405186872158,0.23568356604124752,0.23465680609553563
UB0028,0.24087881848909043,0.24317441788623828,0.25443480565471721,0.22578784380092132,0.21304072701093724,0.20425537614394829,0.22926645235485354,0.23651803378815284,0.22135921065418185,0.21193158258535827,0.18956220918210165,0.26552171848948153,0.23738062522995507,0.19689922939125182,0.17988315419693246
UB0029,0.13427536729594336,0.24258699905480519,0.22506909740105008,0.17668418080663262,0.15013744448739297,0.23663405500291868,0.2701404769802106,0.30187845264494739,0.25153270350242751,0.20669295629601669,0.17223010440299924,0.22428365505677161,0.18190975084354399,0.19334295156547876,0.21344163231790336
UB0030,0.13253418489983759,0.2361704134274204,0.22400136692826478,0.22716598847496006,0.091481190080670238,0.13953500101489924,0.33880768704759801,0.32249449527984431,0.24857728763872688,0.082166588766717896,0.1412339021490534,0.35682466332662521,0.25547700191042244,0.26325477515879259,0.072165856798496908
UB0032,0.12685852779509599,0.16437914392937591,0.15182798956199361,0.18393645892846999,0.13162021595870532,0.15396379001394989,0.22591989028650483,0.19243821444555809,0.21262547885131244,0.15462248953161684,0.16661867725353652,0.23874623710040094,0.22563158821757578,0.21384488204049723,0.13810494202612167
UB0034,0.15368977174377196,0.18191281095664691,0.17958227457791698,0.1889974388016773,0.15103803915392722,0.14117510879547268,0.21392505803621026,0.24272486715095876,0.22715788183506369,0.15272603156508502,0.18144494213648299,0.31584403289372021,0.23479314459763301,0.20830607612874497,0.15302073429833818
UB0035,0.12017703351260911,0.25529965224836371,0.21398659748405691,0.19979946459302633,0.10968448806091591,0.11623814072329952,0.25165949073794502,0.23299637035311016,0.26154102520716838,0.13354042218757722,0.15800816375388305,0.26294432139306179,0.2340643733065666,0.20262364384787324,0.10464175606010895
UB0039,0.19612920884697305,0.16921885202719172,0.16086036814257354,0.21748067092276946,0.18721268067261387,0.2482441122449075,0.24626715244451597,0.23389127276109489,0.33182619245083433,0.22428300519458721,0.2586750746825488,0.23540242013631851,0.20281425188464886,0.29895277801754438,0.24525278919547511
UB0042,0.21093672062752855,0.20323261110427671,0.2035380603365351,0.1803977283198297,0.16787010069209851,0.16358010209911655,0.30367411928592714,0.26281282573739295,0.25171903719284416,0.15233599812124987,0.13889762791205262,0.26575647637843391,0.2286958087250589,0.19096334704619589,0.12861754248460383
UB0044,0.18569766186942926,0.18684737591127304,0.16778167170191427,0.19577460854132522,0.19796611346753767,0.22292351470237559,0.29657430330477752,0.22643623554478565,0.28088074292766396,0.1821447486309854,0.21273408788161063,0.25886900619096465,0.21274330113158546,0.22232418741229598,0.22850004581331451
UB0045,0.13812548112399647,0.17111686705442736,0.17776829355066404,0.16284928213309269,0.18777546938583167,0.36744273979327091,0.41261221641252721,0.28545541190465618,0.26874570859105895,0.11422163544754654,0.11435906066633428,0.16928562554848015,0.20298223685014793,0.17815507951978771,0.16715678476477946
UB0046,0.22500395703790188,0.31276192469603137,0.25509160954797538,0.22034127309634766,0.1114892914744135,0.26493480030134542,0.29129110450767259,0.27271927729370637,0.258574072090209,0.16612845313672409,0.17183661666493522,0.28276648177645736,0.22218493226972003,0.250477447111491,0.17870875397633657
UB0047,0.15048923699734207,0.19262660084267824,0.16586176588445889,0.19230836670698381,0.1362108673745589,0.18868197293366706,0.31217674400541018,0.27977389885438742,0.39338745226533434,0.14910090694971384,0.12491675010680758,0.21780830276701213,0.22278498169299987,0.24134945495610549,0.14362070329029419
UB0049,0.15699654483994241,0.18858842823626043,0.20405274263172102,0.16451406949442227,0.15758459199036579,0.16476520959439056,0.22926970335316432,0.23898186764148588,0.29597627877079646,0.16443908824789366,0.1345751529406114,0.20511531518445242,0.19193045757043858,0.18962648272722671,0.19976565316884376
UB0051,0.21584851389851578,0.1807255974154543,0.16559194349377893,0.22089146522891201,0.17519232277259111,0.29775385886576955,0.2827435977289528,0.28492193927364728,0.29743803845467975,0.29642700735754612,0.20466176876198938,0.25312009432320637,0.21179098840007504,0.27374332243971367,0.19458664519925761
UB0052,0.13131369171552487,0.15358547867191791,0.18479846592303184,0.16794536735323518,0.14641590012903727,0.12974146579459589,0.21199113568977596,0.261292396755052,0.20604004889594907,0.229357586161267,0.1481618947497001,0.19140934933726472,0.1621732643322028,0.18422194974136319,0.16151496888041716
UB0053,0.1983649743760858,0.18919010414322385,0.18570118547567172,0.19414854190214992,0.19425678968564652,0.1658468249124454,0.25391186732022764,0.25192416176245747,0.24517285217854035,0.20225797270698331,0.14923659101961939,0.22419279299481976,0.22279162263138452,0.19611605135973886,0.17767204006001647
UB0054,0.57724192743343394,0.21633225025819541,0.31563476894304865,0.38690607805546584,0.23890661636986821,0.71307204187138673,0.31926179090687107,0.32686040914997094,0.40600247651999788,0.31750082235331734,0.45412697389693157,0.30727509904099948,0.28494095019374788,0.3297834874675134,0.28295847773314886
UB0056,0.16346510964072491,0.1019496309624135,0.17324723991052693,0.21920123813698189,0.14867623002970554,0.22800901474740409,0.19218911932330274,0.23077019127469445,0.24466593283076021,0.16135089790614199,0.14601696099379669,0.15714414348766359,0.20631996170354139,0.27093025095865386,0.15810038290224548
UB0057,0.1764817324957404,0.23248862602965437,0.21814855750906537,0.24104298409068536,0.15149936557553778,0.25985945933020371,0.46293201845542509,0.35747406544928118,0.2937465600511735,0.11208723970435996,0.1981352334447446,0.2730712416814961,0.24298850489684964,0.2388852670371151,0.16761334710617493
UB0059,0.16217908340523612,0.22222872574064612,0.19188544443590805,0.19622061977510263,0.15408116882829559,0.15907907310041081,0.27380643971370122,0.30132094078598348,0.24366069572920779,0.16085872783611271,0.16776592665316414,0.24857516829069326,0.19072201760556873,0.22876561736352419,0.16710063741337244
UB0060,0.13989605800843141,0.19933338352297081,0.20662119363064479,0.19935901203904649,0.16680045001243227,0.20112372866422978,0.32340053860968743,0.28066194296812053,0.24716637372760908,0.1898622657670701,0.14676931347134436,0.21643388912752837,0.18261035629277989,0.21254516432215265,0.16815514268258946
UB0061,0.12103660360495461,0.23731064412762526,0.20149817387808722,0.17308874393425033,0.13651929418173692,0.20067303018689153,0.27173366829084916,0.25159855001253439,0.26816050080738041,0.20143484933548006,0.21044086793779204,0.27391681122553518,0.2371191370098964,0.25131558248736363,0.21466025231019403
UB0063,0.14063291361499863,0.17715986525801902,0.19237228972066445,0.22495095901843476,0.17647496682601949,0.16802509424798484,0.26850396554700495,0.26848344867775964,0.25072652577031729,0.17683599546690909,0.11901728305950465,0.22716644195386448,0.19868790522060986,0.1959745773043905,0.16913575997589492
UB0065,0.13749941699251056,0.18793460915584626,0.15541547199307892,0.1683728214736403,0.12200094689354768,0.17866754254991557,0.27934884720332342,0.29626216053250709,0.25478701705570084,0.18601704572514755,0.15548609773641298,0.21309069256289914,0.22228611325091319,0.17813716282872671,0.156720627914406
UB0066,0.1955767122808334,0.17723404530923603,0.21020192006037719,0.20905483088032595,0.20140820687678063,0.23157834117028164,0.29148213534708323,0.27192539458661363,0.24963100695883633,0.27214209480056373,0.19097866324007029,0.21853377906969046,0.21748106449091509,0.25080830933037102,0.1691862750719777
UB0070,0.3185458675941506,0.2582922657291512,0.24995483198120516,0.21429648109271948,0.25727020366036102,0.2191707158608529,0.28090482846192799,0.28667831577465275,0.24734829078260934,0.19883681746923454,0.2051551876388622,0.28927929743486469,0.24658278141997847,0.20247953088389314,0.20208935979033416
UB0071,0.22207922893350163,0.1980738990818538,0.15578324919540065,0.20298202793229903,0.16873517173421104,0.27245803019606729,0.272785855388336,0.2288065067071019,0.21599532829642426,0.25915334238661203,0.17222427840907661,0.25052712491489648,0.20281576323263217,0.19874578054790115,0.16698302039308732
UB0072,0.15731660467576503,0.20682113765222465,0.20891311723170225,0.22204170400249723,0.17874415221454731,0.25531325188628795,0.3194111927972918,0.35577643176960749,0.38399339722542325,0.19039985516960589,0.13045377308393125,0.19725912140903501,0.1913375500022475,0.21521675122404438,0.15996668293575667
UB0073,0.14603354786274858,0.16343645059333134,0.16943374950201573,0.20087591136900551,0.15585545660137368,0.17747832363885219,0.21982194725847048,0.24664809196665349,0.21412173023238723,0.18812758845958122,0.16674939349753637,0.21301381715403533,0.18953493246097108,0.20782929680505591,0.14683264212547498
UB0074,0.18495412621913032,0.20320813297043061,0.17660153239305532,0.16507205626764909,0.20832907643124399,0.20129732598607819,0.22624233154552587,0.20905428136700388,0.24390039714030032,0.19789047763810141,0.19462155689763372,0.27173411894747146,0.17670249026034734,0.2132484419271059,0.20135792380282047
UB0075,0.22706471336669098,0.28162183879391822,0.24661767133855711,0.15511301186477477,0.18629281686067478,0.26075750205247106,0.3400132083830526,0.25093095794432024,0.25207259820061656,0.22175887433062214,0.19822332340711668,0.3003107868235394,0.27559165891602833,0.25998118649411273,0.19776825054008407
UB0077,0.21099661109136081,0.18705667088910838,0.21475151659271141,0.21318843007971511,0.21900975210498697,0.20929881016281326,0.25131033293103056,0.2293010894384141,0.24200015132171959,0.22229668511059375,0.17053447386157838,0.27975681547342746,0.22978792198890674,0.23982023851287981,0.19484829287172523
UB0078,0.22049233052665773,0.22529562821171961,0.22676143126492132,0.23635417511826851,0.201045169297281,0.19525065295371502,0.27515317235027226,0.24590037028330902,0.25769530776225191,0.16527533135794936,0.20802529106946199,0.27710152068387195,0.27475335908686105,0.23226741664255579,0.20008600694042178
UB0079,0.16193369124330559,0.19809603655952424,0.16988436487929837,0.22579282638744536,0.14191259925327304,0.16911103415033835,0.2613765467864454,0.20446069555407465,0.19768397313591235,0.15046790973664836,0.22261869365616072,0.219429324345771,0.19126578380659742,0.19920729895239353,0.15644500362617064
UB0080,0.14506711331929556,0.24239451689930258,0.18203511179366738,0.18617302468438557,0.13980799634296015,0.10701350480234417,0.27245700522728789,0.22912260571929477,0.25251984726581433,0.11926767982792941,0.11256958966610719,0.22382020177243156,0.19633614401692479,0.19085763728190586,0.12401161478263023
UB0081,0.14176384435738543,0.18034777586644768,0.18033203973074596,0.23991097196037259,0.15481462208112107,0.1396786858624397,0.23582141315311422,0.23351069568409877,0.30585674175391564,0.15837901468028259,0.13432296327039994,0.21728525962862399,0.20187160095596623,0.21870455976176006,0.14090141809072254
UB0083,0.13329637757683344,0.15536774504531536,0.19233970176523107,0.18615289328194828,0.15993529375471649,0.15324393291677207,0.20918905746746597,0.22460480310870823,0.25217686790110094,0.18228816045335927,0.14031983784927338,0.19037113279510604,0.193192674253435,0.21856935870653171,0.1529399828596455
UB0084,0.14529941345947006,0.18510855238778712,0.17584544302984939,0.17428999561947822,0.15158238565322768,0.1780804101205804,0.21026555831338489,0.21109271633361082,0.20174240100228591,0.18048698085704318,0.13791579117403541,0.21200139692663478,0.21029000503537287,0.1946706951006768,0.13188907020536544
UB0085,0.14804270557211918,0.17402396976267931,0.16496654834215407,0.17595410507285969,0.15815329729172922,0.39993552726963522,0.23902802338031578,0.30823143946520615,0.43537224329176349,0.3571758828906817,0.18678500068557424,0.18061142384200668,0.20890981328617242,0.1887045772115169,0.16408373034274892
UB0086,0.1225724728352986,0.18034723821765913,0.1734435357145071,0.21133994705991532,0.16114697748762319,0.12483102656848377,0.15246780425952122,0.19794744809524956,0.2033727251468973,0.15736405663029607,0.16679934525612694,0.17871600701505697,0.19718177773307444,0.20448265362494,0.1791828192830075
UB0087,0.1462794755730763,0.24354771428027666,0.18630739677357877,0.1695751938210216,0.17112337534527211,0.12830425486782193,0.24477056654998974,0.21257245642338041,0.19071918827036016,0.20092502681728952,0.15653397606705832,0.19008171048218758,0.2038365812718137,0.17651719345393896,0.15533247183841392
UB0089,0.18956431042634536,0.19955145991944312,0.1820275964189948,0.17801681568963423,0.12762415440016311,0.15891841487554603,0.31528583670915156,0.26218500649782539,0.22376994579518517,0.18164156531888431,0.13400554622438721,0.24740666266826056,0.19977552126302833,0.25049798066429019,0.14990765091315172
UB0090,0.30997634106601657,0.3189017035946915,0.20325032416587396,0.20564411422745377,0.23598742381657567,0.33266086881568158,0.33472173658163129,0.26007279579753295,0.24132409009269873,0.30750054043852737,0.20480230046317538,0.28823526607468619,0.25124151454683019,0.19526917382642028,0.20288475027899655
UB0091,0.1876019210119213,0.21033657604452671,0.21559860718060087,0.28299167696306204,0.16180979851257704,0.1290321378059005,0.30374706817969355,0.23644898274004178,0.35253676156306735,0.17437461251805669,0.11685243303056136,0.26257349354016446,0.21668680857302702,0.21625657508012819,0.14262554304853747
UB0098,0.058879813183417506,0.17111006366845838,0.11691928668029705,0.11038719221563353,0.047668914757843239,0.078135240828743457,0.25958070704522829,0.22604897002430935,0.18047970895197141,0.082801866538041502,0.091472108567895394,0.1966596951341073,0.17142094182298506,0.14780332324628287,0.054914474300523319
UB0099,0.10149413934193285,0.21251032044397666,0.17780460921368546,0.16131678777127406,0.13736186254629401,0.11452513147556553,0.28563072902586251,0.21607962045532969,0.22827644547014397,0.1540622920192275,0.12036261367621259,0.22479108678100157,0.20111469823047523,0.22337547605717301,0.14674620943626682
UB0100,0.1821840464192177,0.19455377779745064,0.19521732653545865,0.20713715893078066,0.1937794579430292,0.2065734952079552,0.24571282455111693,0.21936737769335668,0.27899366084870114,0.2032987741234713,0.15553043716320358,0.19202545252099013,0.19278112589006802,0.2073823527076224,0.19401512679841582
UB0102,0.17643276105735373,0.2302272705394155,0.21947341006994336,0.19250998394765118,0.163500795327708,0.24475122338339972,0.28707443549784883,0.26328118371111076,0.29193838117386917,0.18454517728008824,0.15776583075786998,0.22618806927441976,0.19143521928890639,0.2001543023142407,0.16095793389201218
UB0103,0.13021971747149363,0.16405616464766981,0.18032002002188618,0.17524068061754317,0.12768489066580657,0.15079518769095257,0.21324855599013071,0.20891877473330356,0.23637981064153213,0.20404072275719998,0.13897359910568952,0.22452155973290788,0.20241117859143853,0.19414386149964935,0.15701448737387991
UB0104,0.12318344746607668,0.16858598573249978,0.17066388935924037,0.18506703175552452,0.15764564138353954,0.18138626463154717,0.19339350634274649,0.22017485072947263,0.24924153258630488,0.19008889598278222,0.13124127459504686,0.2516106108098447,0.21531071751967978,0.20475317354121192,0.1609142510179703
UB0105,0.16819726869772533,0.18397369783120265,0.15976981658207889,0.20579172906666088,0.1518671103284005,0.18577084098498231,0.38034644888634661,0.26935543287489239,0.23682294035394813,0.13419920749695102,0.1374990234436082,0.2428135549170985,0.19942965368352727,0.20721121726791558,0.16312707976262342
UB0106,0.12766051576476767,0.1954372638880495,0.21012434454158979,0.16069859376942008,0.14544798398517145,0.1219715023196819,0.33899628827483785,0.26298513199266593,0.22097365161089177,0.096801969044900016,0.13539166750554843,0.26137874458791899,0.20426183784889429,0.24715302340648471,0.17080576069845188
UB0107,0.16820085154305264,0.18270384194291645,0.20286647569256644,0.16985979790271122,0.22677781604198222,0.20130234868247587,0.30584826426700151,0.25375853942374549,0.29871783186698275,0.18292953305293713,0.20113053801465197,0.23210941499970883,0.2009125894701248,0.22805908750809323,0.20525910629963862
UB0109,0.17319707235891335,0.17194913626434627,0.15570722444160179,0.17246908017694196,0.16676181484540842,0.32783682229304634,0.33797294317951632,0.30539750089144779,0.29528910129121289,0.23813316160874998,0.17904060941675626,0.21882416266653665,0.20370882597566187,0.20629624259414459,0.2185364933090177
UB0115,0.18793030054832238,0.19580994127056128,0.192186193263572,0.19743128807621124,0.15938325623715643,0.25141255128921358,0.31077243284979639,0.26045711613555378,0.33310488985999698,0.20224801197395459,0.22747974411842753,0.24573046352814487,0.21961289103869996,0.24792755991654358,0.2179961821414349
UB0118,0.13220617653846833,0.18657354731921871,0.15180002379928981,0.19357064558452275,0.12202246476326684,0.18410888875580755,0.26837632604059658,0.24896421306157146,0.27357612898294714,0.19348479620101622,0.12148256596051765,0.20975598823017627,0.20732518206315653,0.25158126289897387,0.16413475846109415
UB0119,0.2684795519025196,0.20901684073706861,0.24019525596153524,0.22051810274154326,0.22333724133593236,0.29223673030507324,0.34373083199329113,0.29054340493644959,0.3301321012912618,0.28218578643873382,0.248671827525627,0.26520487232958923,0.21770141602845128,0.24306917411970574,0.18954598864109917
UB0120,0.1923837878192669,0.27628954269838446,0.24788515273630796,0.25664445525060842,0.1849539638479728,0.26372896038475124,0.37941376793454229,0.27318626380103983,0.30279874364118808,0.2397716682685499,0.17981237513002357,0.34210465960444936,0.2054339677119511,0.27123561286250519,0.21007849670640766
UB0122,0.11970244586073231,0.23220069046741709,0.20634838871684602,0.17964999828670547,0.15623981939328802,0.16632697884463932,0.29657832289066166,0.26244170152967827,0.21227578757276699,0.11664009874673292,0.14423432730758745,0.2079539498404494,0.22955191133968533,0.22611436419360065,0.14998446944380661
UB0124,0.1644908987583471,0.15975806891929079,0.17315472621565065,0.21604406872724047,0.17051979487714952,0.17076387277547589,0.18964948327874726,0.20441964496549669,0.26662193607143436,0.19796644707424049,0.17618704479663627,0.17378477064726355,0.17384821004996032,0.25493438547265557,0.21221456027204122
UB0126,0.15120145880535074,0.16132482090761802,0.17056778219938895,0.18873450364923017,0.14282839576241635,0.17466003860795665,0.22475825374911862,0.2114191053469463,0.27230089988574446,0.2060941809558372,0.13041170328232488,0.2399802761988582,0.18315586922506577,0.18849072163008107,0.18269631220513927
UB0127,0.13114207340138195,0.31611301994900409,0.21568306219953604,0.20745935566636597,0.074960448304463384,0.20769480857016331,0.28225897276349521,0.26170215276379249,0.29193299267855388,0.14963147045637221,0.16126788578895956,0.22751017455467437,0.21369597622810288,0.25804866144822458,0.21065689199340021
UB0128,0.18405438360459314,0.21338694402622538,0.21262218321735404,0.19021643062235405,0.28092530397191884,0.21754628943659271,0.280436767565717,0.21163327234483242,0.28761694022455864,0.30955894848962462,0.1783229810132112,0.22152738017365714,0.2039193844481636,0.1948668170280401,0.21395159915595219
UB0129,0.15120640915074701,0.21771376476123216,0.18334598574450345,0.20485089564058012,0.23280770625235414,0.23293707299005373,0.26015126873214489,0.23695654743264061,0.31322450687254155,0.22447217917166118,0.16133702312223352,0.25418964107163472,0.22039141267090379,0.2295300472785331,0.18073986460117719
UB0131,0.12420796494222008,0.17273597324644147,0.21282789773352739,0.1931498898107249,0.21573279987600791,0.15637315112505501,0.22018221483586659,0.22530024741545929,0.22278541117436124,0.22688801785394819,0.16128346326758258,0.19728433796642708,0.21433547569301092,0.23983454767344581,0.19142610206337918
UB0132,0.15388241252569212,0.20597622615931638,0.18563959837228339,0.1970916437992638,0.16595883479787732,0.22082246749383927,0.3074023508144933,0.24363912326791171,0.29293370118236839,0.24847086639317828,0.15501166310939896,0.20377612841886672,0.21155687431262016,0.21617887799304714,0.17789510184990076
UB0133,0.13238982035907965,0.15641567837969483,0.21342048346277354,0.19339930089931112,0.16947675017754238,0.16673221605840105,0.26573297281408925,0.22818338835632512,0.28477228968233459,0.19633792630949543,0.14815055602346616,0.20949013231524383,0.21170868509613416,0.25157746369579159,0.17756077072593635
UB0134,0.19628815876578298,0.20269972380034229,0.17476439668726962,0.24854682683289853,0.15377153247598008,0.27941338533303961,0.24160180860904945,0.24513366083679689,0.36610634376867179,0.22336790805552276,0.19663130885894642,0.21115872818575676,0.20538502373389589,0.23530055879971334,0.16359400773284194
UB0138,0.16367637972097593,0.1962000115844606,0.18759199517425262,0.23520497635137039,0.15810353755580364,0.23416718402684378,0.27491447111976414,0.2375343713296596,0.33601583670014223,0.19193558769309083,0.18262791329789541,0.18218764621917388,0.2067393738207548,0.24557372429594848,0.16667421614760503
UB0139,0.23583959859925052,0.19662770088322712,0.21646419687802054,0.18231659224888408,0.20483031515210903,0.22840785995679846,0.28484013647766071,0.23121222450445134,0.23866924622824848,0.24687008887187889,0.19619422270257925,0.21464746272988178,0.18905666992452907,0.20633924882039478,0.20082292586696016
UB0140,0.10421554481285211,0.2204819687228603,0.16058621726361033,0.20865913067363162,0.1214130103771669,0.12945175105550044,0.29699147449889052,0.23712476912295188,0.23010081382475334,0.16658348924670296,0.14149814818343676,0.23269496954168745,0.19616250431882154,0.17566054076711868,0.14831056140331977
UB0142,0.44559522902549542,0.36256359882776767,0.41284243339001686,0.32354968007814899,0.39634194476282913,0.38255398318695577,0.39247992830475287,0.32511407313900409,0.34495934057696953,0.38705804008088851,0.29576434689905673,0.31543412172897456,0.3203551492031953,0.2792019418135866,0.28858083310818006
UB0143,0.17427359419024602,0.19571040147956714,0.15582073755311565,0.20288988426172194,0.17786759515615536,0.2004244852101269,0.26730848521654665,0.23315131907160813,0.25524219399446735,0.23290407429246107,0.16781497894011066,0.21568198660272941,0.22430716815025131,0.25049968865894501,0.17650455035272894
UB0144,0.392380717760626,0.25586783195107521,0.29295412682057209,0.25331336394142412,0.25643146589686605,0.34215561327547617,0.34202412385987879,0.29444101886564866,0.28561545469841854,0.2889662042579928,0.3232443528125124,0.3379396782091586,0.25008630248758001,0.2151476310063265,0.18629515745099834
UB0147,0.17195345954533892,0.1790394093194303,0.19019799503887724,0.19798297861351077,0.15190540747536097,0.16453879489506251,0.22955486329883851,0.24340654082997237,0.26372037502117573,0.18208649528244325,0.15490353134327339,0.21281875529874983,0.20832507562798763,0.23563031006400337,0.17715614592445228
UB0150,0.18401949981277266,0.19335189760698712,0.17126903677900396,0.20819467740105269,0.1576241345340087,0.27306636406349005,0.29719438108660901,0.2692036452749329,0.21561401071415354,0.24647816208574203,0.19682522737676655,0.2271524358698096,0.20127546568105592,0.1771952734114246,0.16853681230501227
UB0153,0.10630630700131016,0.19844606887061289,0.1829933048027913,0.21005341767104857,0.14250824539111528,0.18387108895088611,0.30897573529541078,0.22111314443842678,0.23999926496358204,0.18369151127978911,0.17231878834239467,0.26935515096476392,0.22926154323774428,0.2420316505220842,0.14578197187909858
UB0154,0.11850562183059798,0.14969965377885008,0.180743241648054,0.14167246316259274,0.14257697721789786,0.14123800056582647,0.19864269973515025,0.20952761712737811,0.22460370957019637,0.1493436973651121,0.11903622985599394,0.22674991599376704,0.22904098205203693,0.19391983622462905,0.15383381381908245
UB0156,0.14636619518163041,0.21703088542736049,0.21057585140747026,0.20910398785031103,0.20061954855433306,0.16112340297675898,0.30067641306855797,0.30873603998224142,0.25605488817388911,0.174829393912729,0.22480520170953877,0.22104786918384273,0.21497353874082481,0.23280464305118698,0.18951493474647441
UB0158,0.23167696498723522,0.28650132150958785,0.24811510909825707,0.25155357778916065,0.22543941846422111,0.19053987843590425,0.26226094098835973,0.25401600944675395,0.23544956470078959,0.18526750773812495,0.25254441137373229,0.30281867722327549,0.22485338912069119,0.33152432709117607,0.20937630571909938
UB0161,0.1719926889809722,0.21470451497321924,0.19867144692645244,0.19774789840490459,0.17981124819329097,0.18222753817026538,0.25772157670515761,0.26103309096819283,0.27208819158544872,0.31692173875274487,0.17209492512062852,0.24292717468961267,0.18174548275238689,0.24478146536208667,0.20559588145528451
UB0162,0.14131380271609228,0.18188107267491455,0.17582936751816547,0.22078898862412566,0.15436345284308839,0.1450581975800449,0.22226300170951219,0.26087289093879407,0.22815375740858168,0.22369613061017646,0.14492307714153041,0.20355708723121652,0.19748773934176278,0.23365834134706387,0.15983815214697916
UB0164,0.29013127385269466,0.15009655325813448,0.19886189131813725,0.249502008766189,0.29471218917112063,0.30910688566426692,0.19563748402337561,0.21933752959308928,0.32086760302647577,0.25381151019745873,0.25605894668436813,0.19211879020118849,0.19389434344488721,0.29537417446349568,0.19933069400453562
UB0166,0.12370091451194543,0.20233887386889737,0.16846188646162474,0.1745478696663374,0.12922659230528055,0.15134525245443764,0.24184809928529061,0.20376958622545338,0.25911927123486056,0.15005947208630299,0.12116773482465426,0.20033477444860409,0.16624667723381337,0.20653416765978583,0.15550506263340791
UB0168,0.14358877453599117,0.18435798305163842,0.17972005832633031,0.21658305003008882,0.15404904733839619,0.2004290609679007,0.33461746056602848,0.23638114961453771,0.23254227565856089,0.15152352105547917,0.13225357174189822,0.18222074750245731,0.19569670809263351,0.21471497261088146,0.17847984004103368
UB0169,0.15751953940687491,0.20782673373121963,0.17659038937896365,0.2062726776182765,0.15175363038715561,0.18188617479214741,0.25443218896995823,0.2601937551882374,0.25777135234744863,0.18514632491293503,0.11550014296932054,0.2324155054982483,0.21634237690291913,0.20271980399664824,0.16020301646520896
UB0170,0.12656718215158458,0.18510894814917789,0.16208780205956874,0.17399218281317808,0.1768080430986686,0.16957093397918621,0.33947812226290375,0.23966490267494356,0.24281964282465718,0.13469450694288787,0.13989710257879118,0.21001497752993925,0.18521887980871143,0.21212794037265115,0.14441387080450896
UB0172,0.12721665217860312,0.19670251111579773,0.22877864800882775,0.2217704909734276,0.13432625392849723,0.21835195040922528,0.27388431578397648,0.21550302580165837,0.27284656765697091,0.22851127965875118,0.15925326842008847,0.25137834256304292,0.22292674811724311,0.20848370949944994,0.15824170913620694
UB0173,0.11990270475305609,0.17989162108918566,0.14135168920837426,0.1690628045420639,0.162554145042483,0.14617545041092361,0.26450788104797984,0.22931021578636357,0.23205258920404015,0.20663059412830187,0.16465684647273449,0.19837363290259125,0.22287114481389714,0.21109427298242467,0.17178014882714077
UB0176,0.14022577794314151,0.17494049463737049,0.1808964186225912,0.17089293911097747,0.098397737320040646,0.14496434845968498,0.26551001707128319,0.26757606422245106,0.1972976158306996,0.14265803386048692,0.14066711763125439,0.23158088515748076,0.23158975461996367,0.20534587604065047,0.12201733852544239
