participant_id,band,window_count,oas_shrinkage_min,oas_shrinkage_max,trace,min_eigenvalue,max_eigenvalue,symmetric_max_abs_error,finite,spd
UB0004,theta,246,0.0094850574166504258,0.039912774392949865,1.0000000000000004,0.0048086893722272981,0.43871598283101276,0,True,True
UB0004,alpha,246,0.013355370283331718,0.041644033090647903,1.0000000000000002,0.0061892541945990399,0.43603533486942148,0,True,True
UB0004,beta,246,0.032010192058871581,0.071200265938407836,1.0000000000000002,0.015549579712026546,0.25308252025445704,0,True,True
UB0007,theta,212,0.0090531509348106224,0.034465762397011733,1,0.0044585458028433937,0.29495690593089507,0,True,True
UB0007,alpha,212,0.014934824194739207,0.036282575431174635,1,0.0043421740094040052,0.37296160358817448,0,True,True
UB0007,beta,212,0.0087260904910050254,0.083600195441626543,1.0000000000000002,0.010041805317027454,0.28980731473336196,0,True,True
UB0020,theta,216,0.011896305016944326,0.036353233838436569,1,0.0039955401143968996,0.3754334354546674,0,True,True
UB0020,alpha,216,0.015945953091679354,0.045087873935245909,1.0000000000000002,0.0045337868177814638,0.31534776218009231,0,True,True
UB0020,beta,216,0.022461417824362818,0.074574838771367766,1,0.0060386146382554705,0.29318922931877506,0,True,True
UB0021,theta,289,0.010770558373913358,0.033713476430571099,1,0.0024827124469239906,0.35944543597316247,0,True,True
UB0021,alpha,289,0.015196579381629329,0.04321493774549616,1,0.0028454894436757247,0.28834997640403087,0,True,True
UB0021,beta,289,0.012067621221520289,0.05920961968246749,0.99999999999999989,0.0030832657716449515,0.30026770283309434,0,True,True
UB0023,theta,227,0.013606176604608892,0.045097080281483792,1.0000000000000002,0.0040629494480871773,0.37487502900374314,0,True,True
UB0023,alpha,227,0.011445124578031689,0.047690528015676609,1,0.0055766095597858866,0.30656145276145264,0,True,True
UB0023,beta,227,0.02005668205241164,0.076040545161306788,1.0000000000000002,0.0097785455813757475,0.22817353925013995,0,True,True
UB0024,theta,254,0.011702454803781024,0.036749532533184068,0.99999999999999978,0.0034441666383658717,0.44818551740074875,0,True,True
UB0024,alpha,254,0.017066263825691416,0.042433700052891959,1,0.0074076566931869326,0.35659909847452675,0,True,True
UB0024,beta,254,0.023949063931054379,0.090829954837729862,1,0.016666476965865852,0.21772763898674874,0,True,True
UB0028,theta,206,0.01175675469530511,0.033716416900095608,0.99999999999999989,0.0039258808683235438,0.45000971924446104,0,True,True
UB0028,alpha,206,0.015417105568276638,0.038646130854898798,0.99999999999999989,0.0043696343451546217,0.31475728364481725,0,True,True
UB0028,beta,206,0.016198314861461754,0.064650252989578647,0.99999999999999967,0.0056277743462692644,0.34024508793603836,0,True,True
UB0029,theta,227,0.013436884321449287,0.035431910530077555,0.99999999999999978,0.0035623872039361191,0.38272899844587049,0,True,True
UB0029,alpha,227,0.017269770957151404,0.042429293933503351,1,0.0044333394717960507,0.34046515113253556,0,True,True
UB0029,beta,227,0.028864361370613927,0.075282657955695914,0.99999999999999989,0.0081113376679946246,0.23742825767581763,0,True,True
UB0030,theta,250,0.012315599755068027,0.036183319511039702,0.99999999999999978,0.0054447628139273731,0.40240944283182145,0,True,True
UB0030,alpha,250,0.012762999087251264,0.036252098853119231,1,0.0052131936747873498,0.45531664134923688,0,True,True
UB0030,beta,250,0.016077506611983011,0.045566435415306521,1,0.0045184469429207993,0.42354221935455461,0,True,True
UB0032,theta,180,0.015985273821838744,0.03800376405352017,1.0000000000000002,0.0060958768209603414,0.37252667092298947,0,True,True
UB0032,alpha,180,0.014347651531588597,0.046531920306608007,1.0000000000000002,0.0082326410125015074,0.29954334115791947,0,True,True
UB0032,beta,180,0.026954709140224877,0.061443945474492744,1,0.015147143444016265,0.28992118660385313,0,True,True
UB0034,theta,251,0.012468543250330085,0.037656075269644401,1.0000000000000002,0.0078590049876189148,0.40794380879553388,0,True,True
UB0034,alpha,251,0.013039941173156004,0.043962360816050171,1,0.012005935801265027,0.37736946944330746,0,True,True
UB0034,beta,251,0.018336870947346443,0.093029130914501879,1.0000000000000002,0.018963093305304594,0.31172647693065103,0,True,True
UB0035,theta,269,0.0099868643758315098,0.038512541195765762,1.0000000000000002,0.0078389501897297518,0.40776527359018455,0,True,True
UB0035,alpha,269,0.014738803605732827,0.045943579101579098,0.99999999999999989,0.012324633388861916,0.35293506643767308,0,True,True
UB0035,beta,269,0.039041327130342154,0.10438406905671381,1,0.016722674794165632,0.21512105559371247,0,True,True
UB0039,theta,239,0.010116416651687051,0.037252652328082343,1,0.0057156774230776161,0.44106119571062519,0,True,True
UB0039,alpha,239,0.012318109388292083,0.047329467480593287,1,0.0087160972613912896,0.43686847739679247,0,True,True
UB0039,beta,239,0.029543017168817562,0.090673624404377998,1.0000000000000002,0.019331389825251559,0.28962151855252205,0,True,True
UB0042,theta,224,0.0093564417752608695,0.03022533959936731,1.0000000000000002,0.0049210008889170398,0.50109734093591085,0,True,True
UB0042,alpha,224,0.012738369003750388,0.032391383382057062,1,0.0060574211295843861,0.39298820813227381,0,True,True
UB0042,beta,224,0.021678772255086749,0.050322587930366626,1,0.0086733876678369848,0.31781589238264601,0,True,True
UB0044,theta,251,0.012353502061275771,0.032397119963731437,1.0000000000000002,0.0047298670202219877,0.36321507090483818,0,True,True
UB0044,alpha,251,0.012521881555480081,0.038513409356171174,1,0.008169237784039534,0.3349419733034108,0,True,True
UB0044,beta,251,0.042683969370940683,0.092808848869895919,1,0.015374267831251868,0.21643903265096426,0,True,True
UB0045,theta,202,0.013137074250134438,0.045149640811587788,1,0.0091880813307155095,0.28885589322062305,0,True,True
UB0045,alpha,202,0.016847029764761358,0.054686658689174536,0.99999999999999978,0.013379753362911591,0.29303791712831434,0,True,True
UB0045,beta,202,0.016605399785077437,0.06904094643723957,1,0.013139151633710816,0.30230472970693173,0,True,True
UB0046,theta,254,0.0098892059404484811,0.040052589610415641,0.99999999999999978,0.0077592796791910506,0.41134219154546259,0,True,True
UB0046,alpha,254,0.014080972552796351,0.050440961200587713,0.99999999999999989,0.010413590827663508,0.34971821551945209,0,True,True
UB0046,beta,254,0.015928554390267406,0.082123925537961051,0.99999999999999989,0.009972737486301465,0.38439317167156284,0,True,True
UB0047,theta,224,0.010192779503892387,0.039306314313104343,0.99999999999999989,0.008752331567407786,0.3914223966254341,0,True,True
UB0047,alpha,224,0.012617981657676611,0.051033470644848818,1,0.0096596765358861244,0.36683468748543591,0,True,True
UB0047,beta,224,0.015071014087052687,0.063006404073388297,1.0000000000000002,0.013931844398228345,0.42594205025617238,0,True,True
UB0049,theta,235,0.010559951202672214,0.042701336493854894,1,0.0072168383628169941,0.42816383949104259,0,True,True
UB0049,alpha,235,0.011810304863129872,0.042300218532514568,0.99999999999999978,0.0099168444269423974,0.38475893448533727,0,True,True
UB0049,beta,235,0.034859947652279767,0.072836860970022357,1,0.015737207213186541,0.23067882730051784,0,True,True
UB0051,theta,257,0.011246547500549401,0.038321713567803561,1.0000000000000002,0.0022299128409564656,0.47418140385533641,0,True,True
UB0051,alpha,257,0.012688207574251964,0.042604789836424274,0.99999999999999989,0.0022737425574681628,0.4290526586440907,0,True,True
UB0051,beta,257,0.021599841147392437,0.076757092645027392,0.99999999999999978,0.0037883951818569474,0.26246799273565208,0,True,True
UB0052,theta,228,0.014781864490756131,0.040635221714635433,1.0000000000000002,0.006918673415865397,0.39655218305843049,0,True,True
UB0052,alpha,228,0.017243278794845735,0.050916794392582933,1,0.010142160056726319,0.31617536449452249,0,True,True
UB0052,beta,228,0.045411830161164811,0.099709023316034012,1.0000000000000002,0.01679320374820505,0.19481091040708767,0,True,True
UB0053,theta,260,0.012782562076060202,0.04101800701138282,1,0.0065137604909506243,0.38150574612257993,0,True,True
UB0053,alpha,260,0.014056686515100428,0.032877579837719467,1.0000000000000002,0.0053842741240701791,0.36535492833153105,0,True,True
UB0053,beta,260,0.030464892851330139,0.076830656952784113,1,0.014061123528917339,0.26380162988508499,0,True,True
UB0054,theta,261,0.01069923924511672,0.029814699236871103,1,0.0025800308666263489,0.36790941370560426,0,True,True
UB0054,alpha,261,0.011148016739341763,0.033918990973218384,0.99999999999999978,0.0025585066449474729,0.31541568890279859,0,True,True
UB0054,beta,261,0.013170909266283479,0.058723805648873056,1.0000000000000002,0.0030694711595620622,0.23170390353790243,0,True,True
UB0056,theta,212,0.0095131726718893465,0.035860212051656716,1,0.002771744370894664,0.34747216870705788,0,True,True
UB0056,alpha,212,0.011912620466100844,0.049967903288705005,1.0000000000000002,0.0027610411985211896,0.31867937274546071,0,True,True
UB0056,beta,212,0.020799601541914091,0.068501558039445229,0.99999999999999989,0.0041574578086011121,0.26641232026828343,0,True,True
UB0057,theta,334,0.01356684820237776,0.04252077949548555,1,0.0071006958754432047,0.38143927017463397,0,True,True
UB0057,alpha,334,0.014252461499691197,0.057280753453401341,1.0000000000000002,0.010020193920666325,0.295871585388358,0,True,True
UB0057,beta,334,0.015183922504804822,0.054840105040976465,0.99999999999999978,0.0058046358503986116,0.33765350126570104,0,True,True
UB0059,theta,284,0.012898323176201217,0.038155562553449394,1,0.0053572154113488285,0.34642400657456823,0,True,True
UB0059,alpha,284,0.015890736141083453,0.03913199504190807,1,0.0071050976259879588,0.39607493675742067,0,True,True
UB0059,beta,284,0.022723114081473532,0.089879534486055318,1,0.014904383169946286,0.20742326993898247,0,True,True
UB0060,theta,258,0.01387278754725349,0.034612997186688706,1,0.0024451065127648196,0.34651944923729416,0,True,True
UB0060,alpha,258,0.013474488757790679,0.041205313634822764,0.99999999999999989,0.0024530259945931129,0.39273185613435246,0,True,True
UB0060,beta,258,0.025566046193262009,0.081993959789192383,1.0000000000000002,0.0041308218470929962,0.26145602222003061,0,True,True
UB0061,theta,284,0.011203981386372642,0.0348504233473255,0.99999999999999978,0.0049307908391982378,0.50191749106949568,0,True,True
UB0061,alpha,284,0.012841388760765864,0.051882642277072837,1,0.01091488675147816,0.33363569371584678,0,True,True
UB0061,beta,284,0.025747801688163801,0.09691185553003627,1,0.015033631800521346,0.18998404383819895,0,True,True
UB0063,theta,200,0.013449655428910662,0.044373596453072886,1,0.0072309153096112048,0.38173252962588677,0,True,True
UB0063,alpha,200,0.014809169943329882,0.046652343082503413,1,0.0084697015306902605,0.39668594250215161,0,True,True
UB0063,beta,200,0.03396121658322885,0.090591767594229988,1,0.024176698857866188,0.26671608769545779,0,True,True
UB0065,theta,243,0.012453107219282292,0.0341787879518941,1,0.0052845447224979863,0.45161373179100867,0,True,True
UB0065,alpha,243,0.015371431492276197,0.0444433193777094,0.99999999999999989,0.006293997393773113,0.40569414265637965,0,True,True
UB0065,beta,243,0.022248033263111668,0.053806103788612773,1,0.012591902540123765,0.34272813193180685,0,True,True
UB0066,theta,299,0.0087714893263686512,0.036063076153530042,0.99999999999999989,0.0051541719875872975,0.32619848401221746,0,True,True
UB0066,alpha,299,0.0091796419591941483,0.040016884991210436,1.0000000000000002,0.0065052495113720743,0.31794709724211112,0,True,True
UB0066,beta,299,0.0098783704784389612,0.088411636749649206,1,0.016319077229490848,0.23054188109479901,0,True,True
UB0070,theta,275,0.011762637581908755,0.032729547954839802,0.99999999999999989,0.002157330594626593,0.43351819085742194,0,True,True
UB0070,alpha,275,0.011844977824371997,0.032123933025984749,1,0.0019796982082888252,0.48749413603714464,0,True,True
UB0070,beta,275,0.012866640176361341,0.061066414976410792,1,0.0028699688937666675,0.34603968476155589,0,True,True
UB0071,theta,284,0.010145533128291615,0.050430518734871463,0.99999999999999978,0.0059540734162115867,0.33074587506968178,0,True,True
UB0071,alpha,284,0.01231229521705721,0.030598307749670511,1,0.0034853717265885382,0.50415753158265031,0,True,True
UB0071,beta,284,0.020164323963194019,0.070611108788731808,0.99999999999999989,0.012357089814391682,0.25535182715773386,0,True,True
UB0072,theta,250,0.014003562380956555,0.043158971568780909,1,0.0068928749688139546,0.38253414335047259,0,True,True
UB0072,alpha,250,0.015039748339600799,0.051848094314236232,1,0.0071414649122208615,0.38396236179828069,0,True,True
UB0072,beta,250,0.016393021867581663,0.062685609773558748,1.0000000000000002,0.0090674055470211668,0.33863792387262803,0,True,True
UB0073,theta,256,0.012481590380674911,0.037585858768242178,0.99999999999999989,0.0065645557353074101,0.45970803746104993,0,True,True
UB0073,alpha,256,0.012920494858121688,0.037400354418036137,0.99999999999999989,0.0071031110493575585,0.3962461402980762,0,True,True
UB0073,beta,256,0.021411908330804082,0.05919178501251867,1,0.01407962931533076,0.34361943922088967,0,True,True
UB0074,theta,250,0.011819959229624585,0.03762368972617746,1,0.0071047375212209621,0.49577347692632739,0,True,True
UB0074,alpha,250,0.016327627446402829,0.038715470236809595,1,0.0087051470384377789,0.43682050759464286,0,True,True
UB0074,beta,250,0.02617355459567253,0.086688852794412311,0.99999999999999978,0.019330341752815571,0.22912176035087492,0,True,True
UB0075,theta,254,0.010666053984703678,0.034776430126730262,1,0.0030426113969399,0.53394689647797766,0,True,True
UB0075,alpha,254,0.012898723847908545,0.038967570944639623,0.99999999999999978,0.0057548933766369608,0.44218788644401552,0,True,True
UB0075,beta,254,0.027284209408634099,0.07396784529531357,1.0000000000000002,0.013110478788059286,0.27095026479851569,0,True,True
UB0077,theta,260,0.010083288952114973,0.035082315228063668,1,0.0056928131340646627,0.48876294683117705,0,True,True
UB0077,alpha,260,0.012893754530247199,0.042860278640433645,0.99999999999999978,0.010112077745531575,0.40789697374160505,0,True,True
UB0077,beta,260,0.018697528933051641,0.083145943156348032,1,0.021747313089820721,0.28471998848385899,0,True,True
UB0078,theta,251,0.011228323711723998,0.036017735498331559,1,0.0052646368735479385,0.49443580443613511,0,True,True
UB0078,alpha,251,0.01259733181131243,0.0455067962744896,0.99999999999999978,0.0077177407836848946,0.37776255095882649,0,True,True
UB0078,beta,251,0.025922081569319723,0.076481881392948786,0.99999999999999989,0.018086705648689812,0.25038529574162044,0,True,True
UB0079,theta,264,0.010808867651725737,0.029919520718307644,1,0.0021701917284994441,0.4455737035657828,0,True,True
UB0079,alpha,264,0.013329169197810978,0.036369721833014831,1,0.0022000739829705022,0.44000391006746997,0,True,True
UB0079,beta,264,0.025927366275204287,0.053230002902471839,1,0.0030844079573578353,0.32779098570464638,0,True,True
UB0080,theta,237,0.011780020670652386,0.034597415755996078,0.99999999999999978,0.0067169010959571658,0.43132852797466192,0,True,True
UB0080,alpha,237,0.014374071617140801,0.050152498573214736,1,0.0080233741090294207,0.30164733601903115,0,True,True
UB0080,beta,237,0.024564868192132154,0.055871450265712136,1,0.0081104048547268551,0.34286325371400628,0,True,True
UB0081,theta,269,0.014459740980213605,0.043228675509044322,0.99999999999999978,0.0027910117056860009,0.38555799995759998,0,True,True
UB0081,alpha,269,0.015331060801361504,0.044531548568951841,1,0.0027931195423323467,0.31666755114344591,0,True,True
UB0081,beta,269,0.022803232531666977,0.068346248103944088,1,0.0040040126362179233,0.26659170401550342,0,True,True
UB0083,theta,183,0.012158189934226717,0.036859270804368446,1,0.0051595295541385566,0.4921556025931163,0,True,True
UB0083,alpha,183,0.013463493526829497,0.041278274134984048,1,0.0059992808355965356,0.49796601119388895,0,True,True
UB0083,beta,183,0.021923049913652858,0.055216270195323061,1.0000000000000002,0.014722608817362389,0.37080445053731337,0,True,True
UB0084,theta,269,0.013847897359076012,0.042498954138406909,1.0000000000000002,0.0057658518257715707,0.4146942297838887,0,True,True
UB0084,alpha,269,0.012352788437234374,0.037005308075463303,0.99999999999999989,0.0062179955972793029,0.46610436671967748,0,True,True
UB0084,beta,269,0.017676900686120284,0.083135874321148259,1,0.015985022214172064,0.29238309575523541,0,True,True
UB0085,theta,176,0.013077883589793973,0.040900098432808139,1.0000000000000002,0.0078725675906104742,0.43387278260805662,0,True,True
UB0085,alpha,176,0.016381499557731119,0.047976930241157893,1.0000000000000002,0.008689105708014842,0.37248008009954858,0,True,True
UB0085,beta,176,0.026146957378131674,0.062221877179703455,1,0.010476551768515968,0.27525030584063831,0,True,True
UB0086,theta,296,0.013874195789561826,0.046158939835921127,1,0.0031291885342241144,0.37955727526036998,0,True,True
UB0086,alpha,296,0.014267380580687291,0.048179669787946015,1,0.0030788191469746334,0.36556017010964159,0,True,True
UB0086,beta,296,0.025555811834520818,0.073938828515202892,1,0.0040293794493074528,0.29758847237576846,0,True,True
UB0087,theta,278,0.010887510302601395,0.037113072596851281,1,0.002283248459967325,0.45187221619856177,0,True,True
UB0087,alpha,278,0.013483536625341111,0.030390447680579451,1,0.002093373512752004,0.37512277676533651,0,True,True
UB0087,beta,278,0.021705807773404723,0.062027782763763036,1,0.0035361363638796639,0.28266368225512367,0,True,True
UB0089,theta,248,0.0091163750720459121,0.033559399658977661,0.99999999999999989,0.0023211002412055039,0.44236632326140263,0,True,True
UB0089,alpha,248,0.0093669763377350283,0.040359251638912123,1,0.0023796068987894008,0.41891149010026385,0,True,True
UB0089,beta,248,0.020750813899884191,0.056267448574497163,0.99999999999999978,0.0026466329432882976,0.38669013338489738,0,True,True
UB0090,theta,266,0.012025507233112388,0.03257075787172653,0.99999999999999978,0.0038157511106824285,0.44321179767528091,0,True,True
UB0090,alpha,266,0.012474896555814916,0.029357105088368335,1,0.0047743560323481281,0.43740238422065686,0,True,True
UB0090,beta,266,0.024030952588253197,0.055368448130193086,1.0000000000000002,0.011201876878038353,0.30122579405412381,0,True,True
UB0091,theta,211,0.010881500091335605,0.039675576128352694,1,0.0060588960654346675,0.37010583702607591,0,True,True
UB0091,alpha,211,0.013106659907766563,0.041095170053006065,0.99999999999999989,0.0056274123358105357,0.46215008341424046,0,True,True
UB0091,beta,211,0.029005135747374091,0.074829329216757182,1,0.013760715644704387,0.25768469281643569,0,True,True
UB0098,theta,276,0.021436967038099181,0.063510375651207374,0.99999999999999989,0.028706545164244292,0.16671287056988404,0,True,True
UB0098,alpha,276,0.030563587434708429,0.098563068290831723,1,0.030545801077376845,0.17202606488974875,0,True,True
UB0098,beta,276,0.074884340620763282,0.17582993793060492,1,0.032696482005333642,0.14842636779484022,0,True,True
UB0099,theta,274,0.013842674043883917,0.042582988695773663,1,0.0025153081178230811,0.44421842752174501,0,True,True
UB0099,alpha,274,0.011371254810964541,0.036899687286730938,1,0.0020713409467428725,0.38008019410292843,0,True,True
UB0099,beta,274,0.024724544110057069,0.063451893150143754,1,0.0036585807330935219,0.28441445003407756,0,True,True
UB0100,theta,232,0.015287164291165277,0.039408012380638797,1,0.0025654776415443173,0.38041274722188473,0,True,True
UB0100,alpha,232,0.016587948784670639,0.045457400096860605,0.99999999999999989,0.0029738234209165716,0.3206107930613088,0,True,True
UB0100,beta,232,0.018009231955142084,0.070466872775781911,1.0000000000000002,0.0039644540525651988,0.27101078164085579,0,True,True
UB0102,theta,259,0.013593522926566392,0.03929801613219458,1.0000000000000002,0.0027574733718775143,0.34409662225141402,0,True,True
UB0102,alpha,259,0.012078792091289873,0.044198518147331507,1,0.0025922665791797968,0.38640778637756484,0,True,True
UB0102,beta,259,0.018914740555083492,0.061337113478378773,1.0000000000000002,0.0030614684514498249,0.29581060214486649,0,True,True
UB0103,theta,266,0.013382233111772585,0.042376186313544319,1,0.0055137095781856507,0.43712108612927525,0,True,True
UB0103,alpha,266,0.015081113319132399,0.043934667707997151,1,0.0069506943392834966,0.4152447989980706,0,True,True
UB0103,beta,266,0.029304321401863075,0.095250270502964668,1,0.020815088274809587,0.2348350905908316,0,True,True
UB0104,theta,244,0.013369825093947732,0.037048239678125004,1,0.002614105739608197,0.42671182187919776,0,True,True
UB0104,alpha,244,0.019529679562630881,0.046669660697984137,1,0.0031048163560832825,0.32668670558092733,0,True,True
UB0104,beta,244,0.017656172791803103,0.083515404649502592,1,0.0044476099940307231,0.24554410433437959,0,True,True
UB0105,theta,263,0.012513624406643165,0.037230061738198955,0.99999999999999989,0.0058625302701428069,0.42133471899259994,0,True,True
UB0105,alpha,263,0.013879314974470867,0.050675341485849644,1,0.0070893286021551996,0.39503220537098838,0,True,True
UB0105,beta,263,0.019792196803028256,0.068074024170994646,1,0.013569289806025611,0.37705311257204038,0,True,True
UB0106,theta,231,0.010696177407759341,0.035558557827412428,1,0.0039818336060204618,0.48861874666270066,0,True,True
UB0106,alpha,231,0.014033402444477544,0.040252234456158026,1,0.005504583011226789,0.39811258277203421,0,True,True
UB0106,beta,231,0.030617954897995816,0.050846526024358032,1,0.0077130575674847421,0.26042909623963295,0,True,True
UB0107,theta,195,0.010471200786199328,0.034945940745976622,0.99999999999999978,0.0042800770402055483,0.47281492970869954,0,True,True
UB0107,alpha,195,0.016246738506600307,0.052588277130796397,1,0.0068291204414425658,0.35588717930234998,0,True,True
UB0107,beta,195,0.029289400663446555,0.075046757633967884,1,0.012880545279149579,0.26282804798435383,0,True,True
UB0109,theta,207,0.010534232813745119,0.04102252821575602,1.0000000000000002,0.0060496927645992283,0.52944657261764694,0,True,True
UB0109,alpha,207,0.013901861174821223,0.04950838747236587,1,0.0086521028664174691,0.41117198113617526,0,True,True
UB0109,beta,207,0.020754077332219987,0.084049318477820906,1.0000000000000002,0.017670781444682034,0.23541992256915925,0,True,True
UB0115,theta,240,0.010817264109624445,0.039784478920280822,1,0.0040779346423847384,0.49443498656411189,0,True,True
UB0115,alpha,240,0.011318208732257038,0.050846407121520137,1,0.0077579539260567059,0.32769580380600155,0,True,True
UB0115,beta,240,0.018166112966624667,0.079643789303805307,0.99999999999999989,0.010228569781090834,0.25175248137624584,0,True,True
UB0118,theta,228,0.012046707248284966,0.039140730062042058,0.99999999999999978,0.0084482377221262225,0.4035034050620967,0,True,True
UB0118,alpha,228,0.015349422402906883,0.040905680252037425,1.0000000000000002,0.0077440491838106041,0.32181852285956491,0,True,True
UB0118,beta,228,0.026251563960243408,0.068556664585914417,0.99999999999999989,0.017190746629607734,0.30803624167029076,0,True,True
UB0119,theta,156,0.010670722271829166,0.033606498361721443,1,0.0045692152755121935,0.43774585335088878,0,True,True
UB0119,alpha,156,0.015683104624674735,0.037992913265359876,0.99999999999999978,0.005595280793855034,0.35055223770192256,0,True,True
UB0119,beta,156,0.029492625595107808,0.084157875285149328,1,0.017853991548519941,0.23400406975795682,0,True,True
UB0120,theta,207,0.010514583810310762,0.040336041258283918,0.99999999999999978,0.0051329651869245797,0.42082194105559689,0,True,True
UB0120,alpha,207,0.013476356144634478,0.034589582668451635,1,0.0064460340301575759,0.36888805768736432,0,True,True
UB0120,beta,207,0.017932192060254062,0.059619381138958524,0.99999999999999989,0.0083010610496695777,0.33230597484968893,0,True,True
UB0122,theta,225,0.012795629727020913,0.034642155897455215,1,0.0023540101736684105,0.48395890805187158,0,True,True
UB0122,alpha,225,0.014986795214536398,0.055430670177236775,1.0000000000000002,0.0026776732300600138,0.41158281816041986,0,True,True
UB0122,beta,225,0.025638965312150177,0.058993417043011351,0.99999999999999989,0.003541872779462898,0.26295049194564446,0,True,True
UB0124,theta,247,0.013204258014430868,0.038314829208509191,0.99999999999999989,0.0048577737078294618,0.46179766917794218,0,True,True
UB0124,alpha,247,0.016259993715157697,0.048577543377088056,1.0000000000000002,0.007838244089236503,0.32942708386043051,0,True,True
UB0124,beta,247,0.030272673299249295,0.085589176610956344,0.99999999999999989,0.013149234764009542,0.22138398295497685,0,True,True
UB0126,theta,193,0.013719648370741524,0.039074573530296308,1.0000000000000002,0.0048971762604404466,0.40804121459472054,0,True,True
UB0126,alpha,193,0.015819397446897157,0.037639607474285922,1,0.0055453555570642533,0.35905458298676307,0,True,True
UB0126,beta,193,0.032099705818811414,0.083283267277386691,1,0.012959431717482374,0.25568632129990304,0,True,True
UB0127,theta,214,0.013057588137615877,0.042226630061311478,1,0.0067512345598044303,0.45263683056101556,0,True,True
UB0127,alpha,214,0.014702080115821987,0.048293984526845045,0.99999999999999989,0.0070643297890383957,0.41166473087712635,0,True,True
UB0127,beta,214,0.013082468907215145,0.031929242882270392,1,0.0034525030840911151,0.55543204845248773,0,True,True
UB0128,theta,235,0.012449255132772069,0.042266591257912371,1,0.0059665711362989118,0.42015181363372256,0,True,True
UB0128,alpha,235,0.014381350360630525,0.039540994550290892,0.99999999999999989,0.0062294811363010115,0.32399575859889668,0,True,True
UB0128,beta,235,0.01964083394691065,0.059677556021353481,0.99999999999999978,0.012673632001564003,0.41895917921545867,0,True,True
UB0129,theta,234,0.013042269774404291,0.038980613905138871,1,0.0070557664887703269,0.45383230194378643,0,True,True
UB0129,alpha,234,0.013696381103723249,0.042190941454855579,1,0.0073829234594059755,0.35462382476143062,0,True,True
UB0129,beta,234,0.044805899156481421,0.11084106803032565,0.99999999999999978,0.020273752609582713,0.19256481233955794,0,True,True
UB0131,theta,231,0.012131720568546797,0.039874755653203635,1.0000000000000002,0.0046089795815696865,0.49328458710333645,0,True,True
UB0131,alpha,231,0.013005330267809128,0.055923168171022344,0.99999999999999989,0.0074159487614567548,0.47203298089014561,0,True,True
UB0131,beta,231,0.029289683574136818,0.092195283600251865,1,0.022097523991023896,0.25168586200487936,0,True,True
UB0132,theta,196,0.013009392719122095,0.040821949480831815,1.0000000000000002,0.0053613199834494502,0.44381301163029896,0,True,True
UB0132,alpha,196,0.015164738246766216,0.043761242762276643,1,0.0065503421304945802,0.36538943651637668,0,True,True
UB0132,beta,196,0.026428238815643473,0.077188413049791363,0.99999999999999989,0.011901767784789343,0.24470512376328543,0,True,True
UB0133,theta,203,0.013337829957901863,0.037406708495726748,1.0000000000000002,0.0067462659131685924,0.37948663946445094,0,True,True
UB0133,alpha,203,0.013873298507419718,0.042039626565690595,0.99999999999999989,0.0075088489849380116,0.37174348031939231,0,True,True
UB0133,beta,203,0.024419126956535982,0.079042392447870577,0.99999999999999978,0.016340782339458265,0.23268021090581564,0,True,True
UB0134,theta,244,0.012034749369998977,0.034475259564383326,1,0.0056169141121571817,0.38944421136621293,0,True,True
UB0134,alpha,244,0.011843233565174303,0.037747901240604891,1,0.0056229126380317315,0.41171888883271529,0,True,True
UB0134,beta,244,0.018388292743373804,0.058494491207785236,1,0.012782970475295315,0.3239726164736777,0,True,True
UB0138,theta,211,0.011358463406278718,0.037208901545764561,0.99999999999999989,0.0050763358826176773,0.34899227050933995,0,True,True
UB0138,alpha,211,0.012511010525018162,0.031815193108942992,1,0.0041228306070928934,0.49121331418785885,0,True,True
UB0138,beta,211,0.024230428626602123,0.056894857044348504,1,0.011391611748524868,0.29252941282679235,0,True,True
UB0139,theta,213,0.010716506589940685,0.042975092247976611,0.99999999999999978,0.0059364716246115123,0.41528918017240091,0,True,True
UB0139,alpha,213,0.014562344159554957,0.036021455860873908,0.99999999999999978,0.0066108292889307798,0.37924148181383571,0,True,True
UB0139,beta,213,0.033748679250101145,0.089526792375878739,0.99999999999999989,0.017048667565655571,0.22286544841717959,0,True,True
UB0140,theta,213,0.011756912671361985,0.035035174364721422,1,0.0055934657429876807,0.45746767029586499,0,True,True
UB0140,alpha,213,0.011879739971421808,0.033525015089540554,1.0000000000000002,0.0053496395428778909,0.59631309579087466,0,True,True
UB0140,beta,213,0.024735084706264475,0.063817875020385523,1.0000000000000002,0.013022610461104003,0.26255737239903854,0,True,True
UB0142,theta,248,0.0092989433948389311,0.031070130476330348,1,0.0028241782580209359,0.69398459685953529,0,True,True
UB0142,alpha,248,0.015116974554311987,0.04315283100716736,1,0.0081617041028561564,0.4178906094144389,0,True,True
UB0142,beta,248,0.033191690322273835,0.11730674712143628,1,0.01897749281796874,0.19971497547489087,0,True,True
UB0143,theta,190,0.011032955208233766,0.037185136757715939,0.99999999999999989,0.0063680160011829207,0.34402670841747313,0,True,True
UB0143,alpha,190,0.011358843605739525,0.042752888184413113,0.99999999999999967,0.0093613174421332233,0.32493166563192399,0,True,True
UB0143,beta,190,0.018094792328428862,0.061677131157819004,0.99999999999999989,0.011623773676678051,0.3366444778680549,0,True,True
UB0144,theta,215,0.0099176255732092034,0.035464673427829989,1,0.0021503341416579248,0.49648646728154566,0,True,True
UB0144,alpha,215,0.010300852993214963,0.039068480676266462,1,0.0021400046332886026,0.47711006313644516,0,True,True
UB0144,beta,215,0.015136990804473695,0.043798255923781747,1,0.0025871886231474744,0.32912367239306445,0,True,True
UB0147,theta,234,0.01110790288940857,0.042730545966721732,1.0000000000000002,0.0024903571893461506,0.47616872491624818,0,True,True
UB0147,alpha,234,0.013005301098447298,0.04433348422944413,1,0.0025154392115072691,0.44348744875916679,0,True,True
UB0147,beta,234,0.024762576810966819,0.086898381189158214,0.99999999999999989,0.0039906169340950051,0.2571320076420181,0,True,True
UB0150,theta,239,0.01292775158856254,0.036878683669231992,1,0.0087103928998595436,0.36479368532056355,0,True,True
UB0150,alpha,239,0.010281188308390003,0.034973731283764395,1.0000000000000002,0.0051681454710144183,0.61615784619931224,0,True,True
UB0150,beta,239,0.025553382719442318,0.076222076855105556,1,0.020885740099914531,0.30547551503008824,0,True,True
UB0153,theta,239,0.01219326855441951,0.033028060316803033,1,0.0023924243914222026,0.42759735441996788,0,True,True
UB0153,alpha,239,0.013495642799026493,0.03295716389797243,1,0.0022971884083010465,0.41133162568109172,0,True,True
UB0153,beta,239,0.024697699679162206,0.066277026620932669,1.0000000000000002,0.0037653650242877481,0.26475632988687425,0,True,True
UB0154,theta,241,0.013192867750287836,0.041192938819650936,1,0.0066883025532070255,0.39844765965259854,0,True,True
UB0154,alpha,241,0.015375513821512119,0.043157316432606188,1,0.010188652429774831,0.35888786008450202,0,True,True
UB0154,beta,241,0.033639896808277718,0.069273195400044105,1,0.022042482531807326,0.2491585964461244,0,True,True
UB0156,theta,185,0.011960759688761854,0.040723168842302773,0.99999999999999978,0.0025789790233827839,0.49027537546400723,0,True,True
UB0156,alpha,185,0.013413619661134987,0.045683513993440256,1,0.0029055910941087337,0.38335362281621266,0,True,True
UB0156,beta,185,0.020683484947330428,0.062866904402174129,0.99999999999999989,0.0036478025265468403,0.27715984230614998,0,True,True
UB0158,theta,213,0.011480252476583883,0.037519310477386512,1,0.0060931458812475926,0.52789916859980923,0,True,True
UB0158,alpha,213,0.011576393492261691,0.055685918832486567,1,0.010498256289902655,0.43721216855056511,0,True,True
UB0158,beta,213,0.025441975773892147,0.10330754409042453,1,0.012932451696678898,0.23368948012549534,0,True,True
UB0161,theta,246,0.01414432578020091,0.04003952820633918,0.99999999999999978,0.0025109071339483899,0.41016544632667923,0,True,True
UB0161,alpha,246,0.018140987133645647,0.04377404023725287,1,0.0028698536525620494,0.3209327589554582,0,True,True
UB0161,beta,246,0.038813231340236433,0.08425438744623133,0.99999999999999978,0.0051652657950019753,0.20474955633322675,0,True,True
UB0162,theta,215,0.014257148190613434,0.033664742177201584,1.0000000000000004,0.0024415103217559457,0.37186748046922247,0,True,True
UB0162,alpha,215,0.012054397262524599,0.033935256326315028,1.0000000000000002,0.0020194382154730011,0.42829503634202626,0,True,True
UB0162,beta,215,0.029134951470756065,0.071634940068112718,1,0.0042304769062084099,0.22112644327618597,0,True,True
UB0164,theta,212,0.0092045779747193628,0.03711232878519042,0.99999999999999989,0.0058852926785047414,0.38577270672069758,0,True,True
UB0164,alpha,212,0.011566972177460102,0.04421876341283941,0.99999999999999989,0.0094021956478086283,0.32427685689127228,0,True,True
UB0164,beta,212,0.02020377601366578,0.074819238388200468,0.99999999999999989,0.018864023249352008,0.25583009513394694,0,True,True
UB0166,theta,240,0.012080748525372475,0.03877442687251318,1,0.0057103792799465362,0.48432129335634144,0,True,True
UB0166,alpha,240,0.016072174875849683,0.046984954160729314,1,0.0073440683958946726,0.37011390430317265,0,True,True
UB0166,beta,240,0.033307840484013113,0.082182191100509575,1,0.014854082164870453,0.22859111086262268,0,True,True
UB0168,theta,208,0.015434515523121035,0.040961418636457768,1,0.0068314658618225874,0.37913003129415102,0,True,True
UB0168,alpha,208,0.016496874158276716,0.043943232381633619,1,0.0080651337559173777,0.3381245127771586,0,True,True
UB0168,beta,208,0.020734111931201331,0.0620229286840039,0.99999999999999989,0.012236834334446417,0.31962029524792918,0,True,True
UB0169,theta,192,0.011348320622263201,0.03455839395462236,1,0.0054668996820653806,0.42394970111071872,0,True,True
UB0169,alpha,192,0.013664315565906386,0.040120417000462621,1,0.0070271346072100643,0.35572349209050202,0,True,True
UB0169,beta,192,0.032795491437203061,0.078453996577036778,1,0.017040551945046126,0.25012379832625509,0,True,True
UB0170,theta,200,0.015259164138619573,0.037498756391844079,0.99999999999999978,0.0058467207461684722,0.40887581419418673,0,True,True
UB0170,alpha,200,0.016202377326766746,0.050042813121344669,1.0000000000000002,0.0089800525893182249,0.37783850655340212,0,True,True
UB0170,beta,200,0.02063542399658003,0.083561508405447321,1,0.016150247200047048,0.28644812428960242,0,True,True
UB0172,theta,244,0.012432203273642303,0.036669913588891372,0.99999999999999989,0.0026983811834745655,0.36887530562825455,0,True,True
UB0172,alpha,244,0.014362265613551058,0.033894188741176202,1.0000000000000002,0.0022374834440702473,0.41286970163385073,0,True,True
UB0172,beta,244,0.018966622253069589,0.047965319275437457,1.0000000000000002,0.0025333381610243163,0.39284150892603553,0,True,True
UB0173,theta,229,0.014683902524690136,0.044681907865774653,1,0.0068867557624110939,0.39206394277035606,0,True,True
UB0173,alpha,229,0.016767666100757021,0.051943925224387691,0.99999999999999989,0.01107213188887354,0.28744157657711084,0,True,True
UB0173,beta,229,0.036203920965081259,0.077980120047892232,1.0000000000000002,0.015131542771904623,0.24406983940227239,0,True,True
UB0176,theta,213,0.012625601029994108,0.039260502411600846,1.0000000000000002,0.003078792093744022,0.45815530056377496,0,True,True
UB0176,alpha,213,0.014762506905143837,0.04115105165362222,1.0000000000000002,0.0038202950675904073,0.35729333170651484,0,True,True
UB0176,beta,213,0.017694043309367663,0.075822950259954974,1,0.0057948202177342794,0.29728399832202812,0,True,True
