participant_index,participant_id,theta_index,alpha_index,beta_index
0,UB0004,0,1,2
1,UB0007,3,4,5
2,UB0020,6,7,8
3,UB0021,9,10,11
4,UB0023,12,13,14
5,UB0024,15,16,17
6,UB0028,18,19,20
7,UB0029,21,22,23
8,UB0030,24,25,26
9,UB0032,27,28,29
10,UB0034,30,31,32
11,UB0035,33,34,35
12,UB0039,36,37,38
13,UB0042,39,40,41
14,UB0044,42,43,44
15,UB0045,45,46,47
16,UB0046,48,49,50
17,UB0047,51,52,53
18,UB0049,54,55,56
19,UB0051,57,58,59
20,UB0052,60,61,62
21,UB0053,63,64,65
22,UB0054,66,67,68
23,UB0056,69,70,71
24,UB0057,72,73,74
25,UB0059,75,76,77
26,UB0060,78,79,80
27,UB0061,81,82,83
28,UB0063,84,85,86
29,UB0065,87,88,89
30,UB0066,90,91,92
31,UB0070,93,94,95
32,UB0071,96,97,98
33,UB0072,99,100,101
34,UB0073,102,103,104
35,UB0074,105,106,107
36,UB0075,108,109,110
37,UB0077,111,112,113
38,UB0078,114,115,116
39,UB0079,117,118,119
40,UB0080,120,121,122
41,UB0081,123,124,125
42,UB0083,126,127,128
43,UB0084,129,130,131
44,UB0085,132,133,134
45,UB0086,135,136,137
46,UB0087,138,139,140
47,UB0089,141,142,143
48,UB0090,144,145,146
49,UB0091,147,148,149
50,UB0098,150,151,152
51,UB0099,153,154,155
52,UB0100,156,157,158
53,UB0102,159,160,161
54,UB0103,162,163,164
55,UB0104,165,166,167
56,UB0105,168,169,170
57,UB0106,171,172,173
58,UB0107,174,175,176
59,UB0109,177,178,179
60,UB0115,180,181,182
61,UB0118,183,184,185
62,UB0119,186,187,188
63,UB0120,189,190,191
64,UB0122,192,193,194
65,UB0124,195,196,197
66,UB0126,198,199,200
67,UB0127,201,202,203
68,UB0128,204,205,206
69,UB0129,207,208,209
70,UB0131,210,211,212
71,UB0132,213,214,215
72,UB0133,216,217,218
73,UB0134,219,220,221
74,UB0138,222,223,224
75,UB0139,225,226,227
76,UB0140,228,229,230
77,UB0142,231,232,233
78,UB0143,234,235,236
79,UB0144,237,238,239
80,UB0147,240,241,242
81,UB0150,243,244,245
82,UB0153,246,247,248
83,UB0154,249,250,251
84,UB0156,252,253,254
85,UB0158,255,256,257
86,UB0161,258,259,260
87,UB0162,261,262,263
88,UB0164,264,265,266
89,UB0166,267,268,269
90,UB0168,270,271,272
91,UB0169,273,274,275
92,UB0170,276,277,278
93,UB0172,279,280,281
94,UB0173,282,283,284
95,UB0176,285,286,287
