family,repeat,outer_fold,C,pooled_inner_logloss,valid,selected
E5,0,0,0.01,0.63968641628645828,True,False
E5,0,0,0.10000000000000001,0.57338213540096439,True,True
E5,0,0,1,0.57910672624224024,True,False
E5,0,0,10,0.70301911644474713,True,False
E5,0,0,100,0.86355049250975568,True,False
E5,0,1,0.01,0.6703677788646879,True,False
E5,0,1,0.10000000000000001,0.65872387661538268,True,True
E5,0,1,1,0.70701513309939024,True,False
E5,0,1,10,0.83019536719046583,True,False
E5,0,1,100,0.8860172074464312,True,False
E5,0,2,0.01,0.6887829195917532,True,True
E5,0,2,0.10000000000000001,0.72064465743685646,True,False
E5,0,2,1,0.82661136996139573,True,False
E5,0,2,10,1.0085543703061304,True,False
E5,0,2,100,1.0920590098930525,True,False
E5,0,3,0.01,0.66396813753001049,True,False
E5,0,3,0.10000000000000001,0.64070559509844316,True,True
E5,0,3,1,0.75429661528521452,True,False
E5,0,3,10,1.1131467933187513,True,False
E5,0,3,100,1.5647036609296445,True,False
E5,0,4,0.01,0.65089325473193149,True,False
E5,0,4,0.10000000000000001,0.5828953441634831,True,True
E5,0,4,1,0.58967570569308581,True,False
E5,0,4,10,0.71124699610661279,True,False
E5,0,4,100,0.78637171405495743,True,False
E5,1,0,0.01,0.65694028349628208,True,False
E5,1,0,0.10000000000000001,0.61556412047999376,True,True
E5,1,0,1,0.64691591318511543,True,False
E5,1,0,10,0.83450930197572926,True,False
E5,1,0,100,1.0505034215839046,True,False
E5,1,1,0.01,0.66381571882963164,True,False
E5,1,1,0.10000000000000001,0.61843038607298551,True,False
E5,1,1,1,0.58242042827817941,True,True
E5,1,1,10,0.62372080684840003,True,False
E5,1,1,100,0.65605736755017319,True,False
E5,1,2,0.01,0.65617143683145307,True,False
E5,1,2,0.10000000000000001,0.61096603769326763,True,True
E5,1,2,1,0.65848253766331666,True,False
E5,1,2,10,0.81952122877494393,True,False
E5,1,2,100,0.88419402981874406,True,False
E5,1,3,0.01,0.65212103273426836,True,False
E5,1,3,0.10000000000000001,0.60842382815818208,True,True
E5,1,3,1,0.67493650649900172,True,False
E5,1,3,10,0.91757516595274291,True,False
E5,1,3,100,1.140876052520043,True,False
E5,1,4,0.01,0.65868087349782389,True,False
E5,1,4,0.10000000000000001,0.6283033306159852,True,True
E5,1,4,1,0.72317365326901029,True,False
E5,1,4,10,0.91225157024915215,True,False
E5,1,4,100,0.99560885655716347,True,False
E5,2,0,0.01,0.65036976067934404,True,False
E5,2,0,0.10000000000000001,0.58393933901135275,True,True
E5,2,0,1,0.59946295900895163,True,False
E5,2,0,10,0.80574586552054617,True,False
E5,2,0,100,1.1151546999323874,True,False
E5,2,1,0.01,0.65921476427037062,True,False
E5,2,1,0.10000000000000001,0.61727590503561935,True,True
E5,2,1,1,0.68320797658064825,True,False
E5,2,1,10,0.92167219919612775,True,False
E5,2,1,100,1.3048040519361488,True,False
E5,2,2,0.01,0.66508671439064071,True,False
E5,2,2,0.10000000000000001,0.63170068881857866,True,True
E5,2,2,1,0.65371228274077298,True,False
E5,2,2,10,0.76569382634101912,True,False
E5,2,2,100,0.85686255560495295,True,False
E5,2,3,0.01,0.67289013471892634,True,True
E5,2,3,0.10000000000000001,0.68553112020930496,True,False
E5,2,3,1,0.78303153819727844,True,False
E5,2,3,10,0.96792619837322758,True,False
E5,2,3,100,1.0733198126070098,True,False
E5,2,4,0.01,0.66328534737504308,True,False
E5,2,4,0.10000000000000001,0.64135395386683913,True,True
E5,2,4,1,0.79171688173717913,True,False
E5,2,4,10,1.0374666812796824,True,False
E5,2,4,100,1.1350623507161643,True,False
E5,3,0,0.01,0.65793641400178549,True,False
E5,3,0,0.10000000000000001,0.59628496471844528,True,True
E5,3,0,1,0.60095082299186098,True,False
E5,3,0,10,0.84664128020343588,True,False
E5,3,0,100,1.2690995174249422,True,False
E5,3,1,0.01,0.65828484093066941,True,False
E5,3,1,0.10000000000000001,0.62798431417401779,True,True
E5,3,1,1,0.75761551129183502,True,False
E5,3,1,10,0.94343486183728109,True,False
E5,3,1,100,1.0272389818141596,True,False
E5,3,2,0.01,0.6550520870097799,True,False
E5,3,2,0.10000000000000001,0.6005636055180561,True,True
E5,3,2,1,0.66453155809758313,True,False
E5,3,2,10,0.92563360227017377,True,False
E5,3,2,100,1.0742981874975848,True,False
E5,3,3,0.01,0.67467419851650245,True,False
E5,3,3,0.10000000000000001,0.66379779931681493,True,True
E5,3,3,1,0.7538692778318552,True,False
E5,3,3,10,1.0428874087478144,True,False
E5,3,3,100,1.2215892716093195,True,False
E5,3,4,0.01,0.64966577674222448,True,False
E5,3,4,0.10000000000000001,0.61319761110315996,True,True
E5,3,4,1,0.67207136533860723,True,False
E5,3,4,10,0.87273127951394369,True,False
E5,3,4,100,1.0103594706769057,True,False
E5,4,0,0.01,0.64229131155951047,True,False
E5,4,0,0.10000000000000001,0.59578898775454381,True,True
E5,4,0,1,0.64175939115721359,True,False
E5,4,0,10,0.78241186521707662,True,False
E5,4,0,100,0.86375131715851128,True,False
E5,4,1,0.01,0.65773294843672814,True,False
E5,4,1,0.10000000000000001,0.61514345040918039,True,True
E5,4,1,1,0.64442032946519923,True,False
E5,4,1,10,0.78261465416808385,True,False
E5,4,1,100,0.89389331623489654,True,False
E5,4,2,0.01,0.66894427660216904,True,False
E5,4,2,0.10000000000000001,0.65546328868100101,True,True
E5,4,2,1,0.77475094865582517,True,False
E5,4,2,10,1.0798986172096279,True,False
E5,4,2,100,1.3343158963707584,True,False
E5,4,3,0.01,0.65824799766482245,True,False
E5,4,3,0.10000000000000001,0.61588139902351779,True,True
E5,4,3,1,0.6503117711311649,True,False
E5,4,3,10,0.80897218980616992,True,False
E5,4,3,100,0.93856608234996963,True,False
E5,4,4,0.01,0.6725231509286651,True,False
E5,4,4,0.10000000000000001,0.65201970584142366,True,True
E5,4,4,1,0.7100921222256289,True,False
E5,4,4,10,0.8360383145126371,True,False
E5,4,4,100,0.88637388505129788,True,False
E5,5,0,0.01,0.66902142605976567,True,False
E5,5,0,0.10000000000000001,0.65437564907442236,True,False
E5,5,0,1,0.64431434940546051,True,True
E5,5,0,10,0.68361912625067434,True,False
E5,5,0,100,0.70826144489989717,True,False
E5,5,1,0.01,0.64613133919441068,True,False
E5,5,1,0.10000000000000001,0.57374312050279486,True,True
E5,5,1,1,0.62033508515678726,True,False
E5,5,1,10,0.81851436822116974,True,False
E5,5,1,100,0.94787532763829452,True,False
E5,5,2,0.01,0.65201774774453825,True,False
E5,5,2,0.10000000000000001,0.60113345850547373,True,True
E5,5,2,1,0.61794121913180144,True,False
E5,5,2,10,0.73083409630866358,True,False
E5,5,2,100,0.80711885364350522,True,False
E5,5,3,0.01,0.67348712283485834,True,False
E5,5,3,0.10000000000000001,0.66554365135465687,True,True
E5,5,3,1,0.73904249058500115,True,False
E5,5,3,10,0.86527247350688952,True,False
E5,5,3,100,0.9222716012147143,True,False
E5,5,4,0.01,0.65712280154647362,True,False
E5,5,4,0.10000000000000001,0.64630526761999707,True,True
E5,5,4,1,0.74963630521874269,True,False
E5,5,4,10,0.91061483660708309,True,False
E5,5,4,100,0.97585713364869675,True,False
E5,6,0,0.01,0.6576145625315708,True,False
E5,6,0,0.10000000000000001,0.62566080284933567,True,True
E5,6,0,1,0.70702876149043259,True,False
E5,6,0,10,0.89733306217763664,True,False
E5,6,0,100,1.0186858655279787,True,False
E5,6,1,0.01,0.66100716286397099,True,False
E5,6,1,0.10000000000000001,0.63602570031085504,True,True
E5,6,1,1,0.71511521245230425,True,False
E5,6,1,10,0.86876373913928318,True,False
E5,6,1,100,0.92637478498521231,True,False
E5,6,2,0.01,0.66875817975961094,True,False
E5,6,2,0.10000000000000001,0.66495935067580203,True,True
E5,6,2,1,0.73155858708574539,True,False
E5,6,2,10,0.90959604216608103,True,False
E5,6,2,100,1.0445330485576614,True,False
E5,6,3,0.01,0.65390705662491477,True,False
E5,6,3,0.10000000000000001,0.59705796456754823,True,False
E5,6,3,1,0.59385102973659132,True,True
E5,6,3,10,0.73926080817886619,True,False
E5,6,3,100,0.84104551674108186,True,False
E5,6,4,0.01,0.65931971052984928,True,False
E5,6,4,0.10000000000000001,0.62674900812164824,True,True
E5,6,4,1,0.67344284865994586,True,False
E5,6,4,10,0.8174873300062192,True,False
E5,6,4,100,0.89697703920997462,True,False
E5,7,0,0.01,0.65988614169543169,True,False
E5,7,0,0.10000000000000001,0.59796364771491672,True,False
E5,7,0,1,0.56843415922539808,True,True
E5,7,0,10,0.87944941927854248,True,False
E5,7,0,100,1.6072047914763554,True,False
E5,7,1,0.01,0.65798201978852222,True,False
E5,7,1,0.10000000000000001,0.61526041242455987,True,True
E5,7,1,1,0.6387394508542984,True,False
E5,7,1,10,0.77662197433806357,True,False
E5,7,1,100,0.8993043293515095,True,False
E5,7,2,0.01,0.66321875782076545,True,False
E5,7,2,0.10000000000000001,0.62467352189762659,True,True
E5,7,2,1,0.68414012113817724,True,False
E5,7,2,10,0.89153898452053215,True,False
E5,7,2,100,1.0020616986286057,True,False
E5,7,3,0.01,0.66008342691268806,True,False
E5,7,3,0.10000000000000001,0.6250876002539919,True,True
E5,7,3,1,0.67259770087709558,True,False
E5,7,3,10,0.76599453240310267,True,False
E5,7,3,100,0.80039072393374355,True,False
E5,7,4,0.01,0.66070739423913349,True,False
E5,7,4,0.10000000000000001,0.65379436955276282,True,True
E5,7,4,1,0.77911633598706964,True,False
E5,7,4,10,1.0415974597849527,True,False
E5,7,4,100,1.1763744933053133,True,False
E5,8,0,0.01,0.6583498901612892,True,False
E5,8,0,0.10000000000000001,0.6315160465935199,True,True
E5,8,0,1,0.719809459631788,True,False
E5,8,0,10,0.92839613815965905,True,False
E5,8,0,100,1.0363689653158275,True,False
E5,8,1,0.01,0.67867452418676533,True,True
E5,8,1,0.10000000000000001,0.70828928337014552,True,False
E5,8,1,1,0.81374300669402544,True,False
E5,8,1,10,1.0313593611080649,True,False
E5,8,1,100,1.1372309543408106,True,False
E5,8,2,0.01,0.66108212002574318,True,False
E5,8,2,0.10000000000000001,0.62637670919512056,True,True
E5,8,2,1,0.67844533704427323,True,False
E5,8,2,10,0.88080266663440876,True,False
E5,8,2,100,1.0370120397310356,True,False
E5,8,3,0.01,0.67080878514784137,True,False
E5,8,3,0.10000000000000001,0.66334772850453327,True,True
E5,8,3,1,0.7156210912232881,True,False
E5,8,3,10,0.81877410444270615,True,False
E5,8,3,100,0.87359690056644268,True,False
E5,8,4,0.01,0.66131581447325705,True,False
E5,8,4,0.10000000000000001,0.60839486984869373,True,True
E5,8,4,1,0.63957846593536105,True,False
E5,8,4,10,0.85557014112133956,True,False
E5,8,4,100,1.1473186749960143,True,False
E5,9,0,0.01,0.67747293589690383,True,False
E5,9,0,0.10000000000000001,0.65482959088403203,True,True
E5,9,0,1,0.67386663485652754,True,False
E5,9,0,10,0.92770077927107353,True,False
E5,9,0,100,1.1440414145708317,True,False
E5,9,1,0.01,0.63992728191474912,True,False
E5,9,1,0.10000000000000001,0.55759812721758006,True,False
E5,9,1,1,0.54347874202394997,True,True
E5,9,1,10,0.69377738899078278,True,False
E5,9,1,100,0.94434032608495999,True,False
E5,9,2,0.01,0.66258506230278402,True,False
E5,9,2,0.10000000000000001,0.64155418622858473,True,True
E5,9,2,1,0.70215361008371935,True,False
E5,9,2,10,0.86586270930009523,True,False
E5,9,2,100,0.95055344479680159,True,False
E5,9,3,0.01,0.66604466811616037,True,False
E5,9,3,0.10000000000000001,0.63874454907280309,True,True
E5,9,3,1,0.68342086803044411,True,False
E5,9,3,10,0.89921311964979156,True,False
E5,9,3,100,1.1547111849897036,True,False
E5,9,4,0.01,0.64632191097906033,True,False
E5,9,4,0.10000000000000001,0.61572121098641319,True,True
E5,9,4,1,0.74241966489439826,True,False
E5,9,4,10,0.94934677000770618,True,False
E5,9,4,100,1.0434896865665095,True,False
