family,repeat,n,m2_logloss,m2_auroc,m2_brier,eeg_logloss,eeg_auroc,eeg_brier,delta_ll,delta_auroc,delta_brier
E5,0,96,0.61831118301887877,0.72727272727272729,0.21116688836624772,0.64265987456952278,0.67272727272727273,0.22535198198942843,-0.024348691550644008,-0.054545454545454564,-0.014185093623180711
E5,1,96,0.6037089725756366,0.72416851441241681,0.20869541931777347,0.62347367466242787,0.70288248337028825,0.21602000332135693,-0.019764702086791264,-0.021286031042128561,-0.007324584003583462
E5,2,96,0.62450336856335875,0.71574279379157424,0.21406360148431525,0.6334731496103595,0.68425720620842567,0.22107389830359891,-0.0089697810470007466,-0.031485587583148567,-0.0070102968192836679
E5,3,96,0.62907800103927436,0.70199556541019958,0.21942256543036795,0.63820336812360656,0.66297117516629711,0.22588746074497815,-0.0091253670843322032,-0.039024390243902474,-0.0064648953146101973
E5,4,96,0.62074189774509891,0.72771618625277157,0.21245151155155353,0.61971575441366289,0.71086474501108643,0.21672775040353062,0.0010261433314360247,-0.016851441241685139,-0.0042762388519770878
E5,5,96,0.6514343496811944,0.70554323725055434,0.22298310497938578,0.57864151742091918,0.73658536585365852,0.20089985711251504,0.07279283226027522,0.03104212860310418,0.022083247866870742
E5,6,96,0.60485390387551441,0.74722838137472281,0.20738189118937009,0.61674725427062649,0.70776053215077606,0.21221558873368984,-0.011893350395112079,-0.039467849223946749,-0.0048336975443197538
E5,7,96,0.62378774970847684,0.70066518847006654,0.21900433225477034,0.68404333483567525,0.6607538802660754,0.23543564736660394,-0.060255585127198419,-0.039911308203991136,-0.0164313151118336
E5,8,96,0.60313870975464279,0.7219512195121951,0.20843213164348803,0.63161240044324829,0.69223946784922397,0.22175380344064469,-0.028473690688605502,-0.029711751662971131,-0.013321671797156653
E5,9,96,0.66423490592811696,0.66696230598669626,0.23380915165763438,0.66833579958454514,0.65232815964523283,0.23303113075375723,-0.0041008936564281839,-0.014634146341463428,0.00077802090387715794
