participant_id,frontal_perm_entropy,frontal_hjorth_mobility,frontal_hjorth_complexity,temporal_perm_entropy,temporal_hjorth_mobility,temporal_hjorth_complexity,posterior_perm_entropy,posterior_hjorth_mobility,posterior_hjorth_complexity
UB0004,0.788411688635437,0.5260825160359359,2.191099790237651,0.7949021650649624,0.7546921215225305,1.6349447102794192,0.7704766132957076,0.4973154641844303,2.18772631052174
UB0007,0.7452394678891545,0.4473213749874748,2.375460922098733,0.7681281244787117,0.52936150306229,2.115660243955076,0.7555734590317499,0.47794068347331853,2.2342446025009144
UB0020,0.7644034004755859,0.6078466908845881,1.845130580712227,0.7855035411916229,0.7673784619792826,1.5046776541195603,0.7579282185273872,0.6285932808552519,1.7548375704764867
UB0021,0.7875259173483552,0.5601999540438889,2.100140520607999,0.8011127180518863,0.699300460709281,1.720119063906448,0.7741713459700454,0.5416568272634462,2.056002800033531
UB0023,0.7809990741095589,0.5307059465837509,2.1764252891879066,0.7808759057915123,0.5940261765340178,1.9392817579617452,0.761493979107529,0.5219713089233327,2.0559863925570707
UB0024,0.7502084778933766,0.4130123987185504,2.457124079144225,0.7785900381961821,0.4683677998234715,2.479078484308725,0.7260720609560405,0.3490916729129917,2.712559556682269
UB0028,0.7833578288482121,0.6226412779843239,1.8627611477701687,0.7818476551874303,0.6124221371574257,1.9218775659793705,0.7457710287814653,0.4670676495766106,2.192392252145927
UB0029,0.7966118873880752,0.6853389570383137,1.7844858724953085,0.7955511535399329,0.8449919152724956,1.514223868417335,0.7654105539582217,0.5029593499913203,2.1576838319640013
UB0030,0.7951661328014789,0.8804659096233567,1.4034693121198814,0.8048629535657141,1.0518492814302136,1.2139444545957394,0.8026326342565295,1.030102627219265,1.2536493830692164
UB0032,0.7850547437916567,0.5429735096629882,2.0906308887278238,0.7915288166162833,0.6318240472621862,1.8541604007296042,0.7933707622201178,0.6169553825245508,1.9141291385100736
UB0034,0.8106411750213809,0.6097231563859562,2.0539641552303465,0.8121876112442943,0.6655789154773477,1.9091856988832299,0.8146410714838357,0.8075844848435564,1.5896551966940393
UB0035,0.8016090772068878,0.7879436250294807,1.5744379664647932,0.7987143947568573,0.7541555176948602,1.651376170300999,0.812445035948455,0.9222100808580462,1.4101934685981976
UB0039,0.8073431583240172,0.6587336237619218,1.9196968087403377,0.8051991995688912,0.656228557684345,1.8650698689225185,0.7944365098475549,0.5557060887271519,2.1023335451843788
UB0042,0.7926650303865883,0.5784315911815057,2.0675737809395454,0.8063172159051815,0.8169503678179693,1.5509544277547573,0.8046813844681087,0.7729029687892064,1.6091400601394783
UB0044,0.79003523295866,0.529237240185257,2.2058954249396976,0.8043767943606988,0.6672678832870613,1.8326871856699682,0.7819747104129462,0.5315096993144515,2.1699266237853747
UB0045,0.80870901253344,0.5830789291279148,2.1401400192668785,0.8112094081849894,0.9737049536969251,1.3278740540899105,0.8024900146780776,0.6254801885440495,1.9550624088252944
UB0046,0.8014218487780673,0.9559971664080826,1.342663276629653,0.8049411121745838,0.7974228571747377,1.5848615110289375,0.7980524928683537,0.6802179026932914,1.7793905522584468
UB0047,0.803329844207977,0.6226109132591755,1.9285669416874898,0.8044558399627078,0.9034471280832375,1.4223677142542612,0.7998599720193106,0.6689296053543298,1.779095700914681
UB0049,0.7969457840675807,0.6388236111836838,1.8859971826902793,0.8019614681509337,0.7535963771068261,1.653388132996275,0.7983186890222314,0.6177140172660194,1.9734540417100916
UB0051,0.7830300437884081,0.5068309792893231,2.1941641082364685,0.7896466725778218,0.5481147199806584,2.096461070488033,0.7713849032290017,0.49524709278564805,2.2023606187509492
UB0052,0.7703726295983686,0.4327424808863498,2.5218771928988817,0.7948425843739104,0.6209987981837707,1.9250956141209756,0.7637970365544,0.4659999243478189,2.37334377448939
UB0053,0.7488455139939847,0.4782927159282348,2.1018745227033926,0.7745806868203255,0.6221644235435808,1.806931374777383,0.7648660122515588,0.5306216467705136,2.013110267032349
UB0054,0.787308226496031,0.49023378949150165,2.3984252708152694,0.8077182023465614,0.6655764371908981,1.8847050771320826,0.8082984020537629,0.6220681158313905,1.9913742906545615
UB0056,0.7916421881390676,0.5276633443602241,2.271999019726497,0.794450201648677,0.6815061273032635,1.803572734182147,0.7922248141711159,0.559202527619806,2.0855706541241723
UB0057,0.7960053066847983,0.7132809324489785,1.7116529789226425,0.7948033581597411,1.1419996005333757,1.1616817293796116,0.7984070519514901,0.8270775489229714,1.5513426668356902
UB0059,0.7835689690302278,0.6206650396466362,1.8519741960442433,0.7935185063297299,0.7375752952819661,1.6346186991405518,0.762722759224062,0.55804235518308,1.879204390466669
UB0060,0.7701199892918889,0.6193274100535656,1.7836906943436128,0.7628129574179827,0.7057119746482954,1.581484903865702,0.7659036796475065,0.5331486141858044,1.9919256022963854
UB0061,0.7965023746539479,0.6981859621812225,1.725705077181971,0.805841872309661,0.7305067984271494,1.7065425379252048,0.7894167688787077,0.6040395592876813,1.9767104483246245
UB0063,0.7852226989817535,0.5172869217669407,2.1701044255527497,0.8061319125296519,0.605300581132452,2.0214626064249623,0.8033801586217317,0.6233847351584124,1.9766456966459653
UB0065,0.7671824457796403,0.5166763059957035,2.024882286671607,0.7752789828355902,0.5459075502233713,2.0548575175521577,0.7757778683140246,0.5494121456970702,2.0129097268599585
UB0066,0.7676436039197687,0.48885352102800794,2.1873949762390064,0.7422640194907961,0.46796260611860174,2.184091813664804,0.7149247984776905,0.42908630939592074,2.1851410702337364
UB0070,0.7383357806239013,0.4774139997259178,2.066311370896579,0.7879702435400173,0.7303637071300058,1.646565526390618,0.7741879043096895,0.5585270512899696,1.9748310796158406
UB0071,0.736902746563927,0.5095150945692881,1.9579913184901319,0.7339718068513175,0.5573133226639164,1.765783827850116,0.7807280612061342,0.612837192092538,1.83178416119856
UB0072,0.761545015844295,0.5028360215318128,2.0472469378936173,0.7909751325315217,0.7788564691553825,1.5504854141600077,0.7401065759341167,0.4554622912635914,2.1605999544577745
UB0073,0.7609769763032415,0.49057519445510045,2.1689896301715494,0.7667118307763018,0.5592220804077914,1.9346882593253716,0.7632368696433917,0.5096600321147933,2.1231197154686563
UB0074,0.7887393967915213,0.49224562954107004,2.2468774139827445,0.7914438858879366,0.597344206080935,1.9669150814061611,0.7912222529435359,0.5474364432827982,2.125417501236657
UB0075,0.7574021874191037,0.47856963277377174,2.158512372757405,0.7515617156305193,0.48403190192507795,2.1410952778947467,0.73466314166997,0.4403669955670355,2.2195812045122656
UB0077,0.7899735351429433,0.5438844688092623,2.1455661874244143,0.7862430054537949,0.5735615860233708,1.9985764259166352,0.7915564750454668,0.6001005516918829,1.9504050289829955
UB0078,0.7685011234145886,0.5233769184262473,1.9940925384909887,0.7771870906513809,0.5965247904719153,1.8820680673134875,0.762282699490348,0.5001481663158119,2.089053451245328
UB0079,0.7742820510102528,0.5344909069079515,2.0620023198099044,0.775948696473038,0.5364912236313983,2.0724271708604047,0.7903213659295054,0.584221981197623,1.9404266207936611
UB0080,0.7967814280397923,0.6280874211482184,1.9030803483715792,0.8076742788225675,0.8260292721578764,1.4985651676620813,0.8021276291170183,0.7127189353259702,1.7251536091835011
UB0081,0.7469047559789963,0.532153858537223,1.9142045429646246,0.7667205985700694,0.6101354687255545,1.7705127884127223,0.7584743311094604,0.5195140806065458,2.055849067535371
UB0083,0.7559454878831626,0.4593478432480634,2.2505757096851147,0.7549393731028631,0.4906927296050857,2.149205802505061,0.7476245681246957,0.4499794367504728,2.2104482240527594
UB0084,0.7819702678711835,0.5298640775553682,2.0730253614242358,0.7826606178166997,0.5705949573390539,1.9906126440590763,0.7746007951920211,0.5441217946595058,2.034321833258875
UB0085,0.7659061929779557,0.590133767749832,1.9261129818834322,0.7643976887486987,0.4030870269658669,2.8230441134296496,0.7567167166548874,0.4945540360423204,2.163778204749108
UB0086,0.7901631928085605,0.6163067871273813,1.9055040136788488,0.793772725942244,0.5685742481062407,2.197448799413751,0.7822373528666376,0.5304990677397374,2.1423779583667626
UB0087,0.7152668047945577,0.4719544681165615,1.925584893508023,0.7739444928701049,0.6310582397775779,1.76534476475265,0.7090534878696848,0.4569667458883248,1.980775200070263
UB0089,0.7949714985256197,0.7526623241374212,1.6501840651320219,0.8018167483753615,0.8166155009162397,1.562236222208987,0.7935330639113094,0.6761792863995815,1.7817978949716795
UB0090,0.7430877033315194,0.47696301953064046,2.0872656949444277,0.7459785446152152,0.5657998835470588,1.858478310141876,0.7488965128971754,0.5209724114836918,2.0225041056401425
UB0091,0.7874492375603412,0.6609263580706801,1.78309334654386,0.799275945647565,0.7960414636632398,1.5377533017658582,0.769346097866842,0.618432288445567,1.7516533504683434
UB0098,0.8213195180198932,1.0301784026444165,1.2853186672513994,0.8196149683616477,0.9929552060444854,1.3045554269312052,0.8200477071259094,1.0337578890129826,1.273838329490073
UB0099,0.7322957071997723,0.5089691081531679,1.9320991452996934,0.7512586032892303,0.5740267965343273,1.8109005586387878,0.6995894328251391,0.48585550282049994,1.8688146918927258
UB0100,0.7685765740950439,0.44022344490631005,2.442336657996743,0.7735938684595118,0.4739583994329801,2.3316632151821493,0.743953710515372,0.44378873883586734,2.2929449331252156
UB0102,0.7348503570667453,0.602092934828399,1.6847697501609684,0.7502985150242767,0.6227392850054438,1.6603188582351394,0.7275337825571146,0.5282021263887071,1.8832133868625156
UB0103,0.7657373763320479,0.4990034316607219,2.1104591464150846,0.7786874716403598,0.5462818157864238,2.0645920580008217,0.7222143652103579,0.448649167479238,2.1274688601502953
UB0104,0.7900330911369206,0.5799636488991737,2.061478844236434,0.8012646553377345,0.632967307008954,1.938662381067131,0.8017460990043951,0.640608527477514,1.902211602436294
UB0105,0.7955100923980585,0.6254690205478897,1.8786525506634133,0.8116499726789905,0.9684343325235476,1.3553456832272102,0.7945116885974266,0.6123971208574912,1.929603029687275
UB0106,0.7992317956975638,0.6720030984602603,1.8458285468360132,0.8030503692787284,1.0115445998778365,1.2716943946656807,0.7927543358395075,0.6416123051397138,1.862586660997996
UB0107,0.7898356590104985,0.5522620183439229,2.132392481878573,0.7866393341100644,0.7632240465079958,1.595372498657798,0.7256371512696522,0.4113812990673156,2.3361509064248427
UB0109,0.7894397517225062,0.5282793792608897,2.1854470048079966,0.8050976097221073,0.7103306573177861,1.742115653168879,0.7857454295888846,0.5229373393866725,2.147233096252399
UB0115,0.7664550911960516,0.5123526768660498,2.1457008277843017,0.7837245059218417,0.668454477538961,1.675299363878533,0.7425970879811863,0.5116282847306675,1.9618253525551022
UB0118,0.7607600742118423,0.5513630386565218,1.9555280975174503,0.7360303630117735,0.5742851347505971,1.7309115765032563,0.764077925002968,0.5707487589587087,1.9142939390650109
UB0119,0.7617206235373468,0.44754217162742516,2.231997890100649,0.7479997397220417,0.44682683736412965,2.230855659720505,0.702712565613075,0.4183167263213068,2.1388747055249615
UB0120,0.7503878976246574,0.7065823790523077,1.5215766298547542,0.7739672731213352,0.6629167408042556,1.686728401097993,0.7581172139211625,0.6016839220511027,1.8029346953316838
UB0122,0.7911640594933598,0.70389363122766,1.708591398101051,0.8043413596285236,0.8822604332232807,1.4242149807165378,0.77772405182857,0.5127972615200427,2.202608557758013
UB0124,0.7507685094945189,0.4018292337755083,2.4931681767904124,0.7817838830390977,0.5678621757077595,2.0826812281479583,0.7151712878905918,0.3780002377949131,2.412617008428792
UB0126,0.763538876861489,0.49541037320262704,2.0807210571199057,0.7684169361661068,0.557414731056159,1.9481185777412584,0.7649502540050284,0.5293507564121779,2.0481564699356682
UB0127,0.7846227070577836,1.018120864112717,1.2316674413471533,0.7967642294419327,0.790610622225803,1.5434109787754702,0.791130124312958,0.6136921002578379,1.9111119402222518
UB0128,0.7668413033942441,0.500901226599869,2.0957322052404783,0.7475204385452427,0.5136343102853566,1.911128496522685,0.7300829754520561,0.4517288011900374,2.1427290610364738
UB0129,0.7851077950522846,0.6094022671903241,1.8975037786540376,0.7682068306375911,0.5637564830474683,1.904519269525919,0.7584446539947702,0.510383390128803,2.088647539964021
UB0131,0.7660144128432497,0.4528691608911158,2.3087336337451267,0.744413953715169,0.4118294309037693,2.4713277115517425,0.7392058250290772,0.399857759235291,2.5122777119007993
UB0132,0.7490507274880962,0.5434362398731363,1.9213265874560634,0.7691621940673435,0.635211515401171,1.8285012026626795,0.7348265076243445,0.49339179291466007,2.029305567326489
UB0133,0.7545982049821911,0.48737898627659376,2.2073698519237217,0.7868863249200526,0.5555688378510834,2.0714785922802554,0.7661018886846634,0.4960626646045901,2.1558532373372925
UB0134,0.7392695450287247,0.5122185147730562,1.984641102347793,0.7208050981591536,0.5539358958348828,1.6754379167971574,0.7165605935972427,0.5117794726424377,1.8666549765043472
UB0138,0.7628087463843276,0.5215083023921094,2.058931227437311,0.7483956179454971,0.4925098597292133,2.053291743611598,0.7388395832130619,0.49485758221018944,1.999640651631192
UB0139,0.7533809286274348,0.5307391690591429,1.919028170514474,0.7400216940263519,0.4929423561266781,2.0033767391818413,0.7003749308895229,0.4414373280862515,2.0802178012413917
UB0140,0.7876144266186091,0.6414243540223767,1.854760051427687,0.8035423748868646,0.8427982505190197,1.5071266405619728,0.7799723733763111,0.5837783056504662,1.9455351658611302
UB0142,0.7429268390641942,0.43119112949429855,2.149103338276343,0.7555695718566402,0.4848707305867588,2.1650210450218967,0.7030241303087773,0.37469381373286453,2.361902419224483
UB0143,0.7856172461029166,0.5412990263364128,2.158502417606796,0.7858867321604468,0.587513219965693,2.0652432855152068,0.7742139855362432,0.479629332506626,2.3139999841792886
UB0144,0.7236566190936754,0.49776338491713956,1.8373139724809855,0.7586886548057499,0.6350674909751898,1.6816116439866566,0.7289800455899711,0.4962219633775836,1.910904380198862
UB0147,0.7893348301571106,0.7055322272709015,1.6722616096627738,0.7860936920968064,0.6380552528584653,1.8457231994881356,0.7560140362038517,0.48664072128380986,2.190752984549999
UB0150,0.7795355658540816,0.5732856710862677,1.9696148500461894,0.7487423270453236,0.5611244874561435,1.826157782137431,0.7890054625600575,0.6031635381242227,1.9097817411709905
UB0153,0.7697477937521475,0.5976533403115172,1.8152422599716742,0.7816342839428829,0.6706689854635759,1.7162067492060635,0.7957479795655615,0.6881969437200506,1.7452519243064926
UB0154,0.7894175393516388,0.5559323963845564,2.0978928523208733,0.7923015788729288,0.6240274859447,1.891587194978124,0.786279748515626,0.5949301903865241,1.9378417930342349
UB0156,0.7849913476849963,0.6429634427960182,1.8218344995659808,0.7959478159332529,0.8344340749479312,1.494664102859109,0.7929947072392809,0.6116524125418641,1.9700123726583274
UB0158,0.7978962890234765,0.6281763299351648,1.9339121539033188,0.8006115663290028,0.6917122932532191,1.7684992875891514,0.7649414091100479,0.4587367139456101,2.240754438818523
UB0161,0.7749944394744934,0.4825318114415763,2.297765684978894,0.7835530166651867,0.5878700645290172,1.9870801330216779,0.7424424432097843,0.41746275685040285,2.430916025698435
UB0162,0.769234069585889,0.4809713374779393,2.3373716625868997,0.7883048861702526,0.5921086614672064,1.9886031551669907,0.7182914925200826,0.43421021766327866,2.1701508815684267
UB0164,0.7982539719616664,0.48118666023784373,2.4996919195681677,0.7977245298959812,0.5074468780214795,2.3469664405981296,0.7766382785907421,0.45825818318769856,2.4110262724191203
UB0166,0.768930552174778,0.5303122947928726,2.0837992268362173,0.7758146237972454,0.5973586704293812,1.8949983151201766,0.769429681027513,0.4845062240242755,2.261501863429753
UB0168,0.7583511125339741,0.4843056326941091,2.114985394099726,0.8022895538223795,0.8651772391817105,1.4554359758434467,0.7680662477343305,0.5076785126328054,2.171784055729213
UB0169,0.7619115843295812,0.539327766604606,1.9735253293618569,0.7863824506362476,0.6473952430464593,1.7799456296578988,0.7732729331748418,0.5769557332011424,1.9224982428471462
UB0170,0.7775432002117608,0.5526038406789735,2.0657828191832306,0.8057338779865272,0.8678667463125209,1.4625723027730677,0.7629969314782385,0.4903397133404951,2.162538217972347
UB0172,0.7589724431181847,0.6596416114276098,1.6763821544927846,0.7569452519580633,0.5262456295832526,2.0428298279784762,0.7498999970253251,0.5561296687464601,1.8631591606937177
UB0173,0.761711667303208,0.5126366686611654,2.0915015387037696,0.7799938701092382,0.680480897618419,1.7138558203197882,0.7581283414356182,0.488880805072142,2.149699705906163
UB0176,0.7965079225004863,0.6945791942642181,1.7322331630014107,0.8016046935067827,0.7361555013310096,1.679742744572372,0.7963560297706939,0.668199269104683,1.7918872868302635
