family,repeat,n,m2_logloss,eeg_logloss,delta_ll,m2_auroc,eeg_auroc,delta_auroc,m2_brier,eeg_brier,delta_brier
E3,0,96,0.6183111830188789,0.5879398622053887,0.030371320813490005,0.7272727272727272,0.7525498891352549,0.02527716186252771,0.21116688836624772,0.20268249118451243,0.00848439718173529
E3,1,96,0.6037089725756366,0.5831168790419405,0.020592093533696038,0.7241685144124169,0.7392461197339246,0.015077605321507703,0.20869541931777347,0.20166199760209058,0.007033421715682909
E3,2,96,0.6245033685633588,0.5904767640172205,0.03402660454613824,0.7157427937915743,0.7365853658536585,0.020842572062084175,0.21406360148431525,0.20462882812128924,0.009434773363025983
E3,3,96,0.6290780010392744,0.6541118648031553,-0.02503386376388102,0.7019955654101996,0.6656319290465632,-0.036363636363636376,0.2194225654303679,0.22775454042288393,-0.008331974992516021
E3,4,96,0.6207418977450989,0.6077618769240759,0.012980020821023038,0.7277161862527717,0.726829268292683,-0.0008869179600886623,0.21245151155155353,0.20854101936978262,0.003910492181770918
E3,5,96,0.6514343496811944,0.612813212370079,0.038621137311115446,0.7055432372505542,0.7254988913525499,0.019955654101995624,0.22298310497938578,0.21251876129244082,0.010464343686944948
E3,6,96,0.6048539038755144,0.6423484939141476,-0.03749459003863333,0.7472283813747229,0.6913525498891352,-0.055875831485587724,0.20738189118937012,0.22242418003863337,-0.01504228884926327
E3,7,96,0.6237877497084768,0.5960234496548708,0.027764300053606167,0.7006651884700664,0.7250554323725055,0.024390243902439046,0.21900433225477034,0.20718879794026615,0.011815534314504177
E3,8,96,0.6031387097546428,0.6099130163763876,-0.006774306621744778,0.7219512195121952,0.7419068736141906,0.0199556541019954,0.20843213164348798,0.21153548674748976,-0.003103355104001741
E3,9,96,0.664234905928117,0.6325045200342637,0.03173038589385324,0.6669623059866961,0.6656319290465633,-0.001330376940132827,0.23380915165763438,0.22343204900680866,0.010377102650825733
E4,0,96,0.6183111830188789,0.5945095622968698,0.02380162072200905,0.7272727272727272,0.7343680709534368,0.0070953436807096315,0.21116688836624772,0.2062788555661134,0.004888032800134311
E4,1,96,0.6037089725756366,0.574526361552349,0.02918261102328755,0.7241685144124169,0.7583148558758315,0.03414634146341455,0.20869541931777347,0.1979536251669977,0.010741794150775773
E4,2,96,0.6245033685633588,0.596572810389655,0.027930558173703667,0.7157427937915743,0.7197339246119734,0.003991130820399036,0.21406360148431525,0.20835779815805125,0.005705803326263952
E4,3,96,0.6290780010392744,0.6012133783280164,0.027864622711258002,0.7019955654101996,0.7250554323725055,0.023059866962305886,0.2194225654303679,0.20984561996755333,0.009576945462814597
E4,4,96,0.6207418977450989,0.607738010813819,0.013003886931279995,0.7277161862527717,0.7117516629711752,-0.015964523281596477,0.21245151155155353,0.21267761442372532,-0.00022610287217177463
E4,5,96,0.6514343496811944,0.6090285175111146,0.042405832170079795,0.7055432372505542,0.7197339246119734,0.014190687361419152,0.22298310497938578,0.21278332599411565,0.01019977898527013
E4,6,96,0.6048539038755144,0.5724937326097209,0.0323601712657935,0.7472283813747229,0.7729490022172949,0.025720620842571984,0.20738189118937012,0.1959415041053647,0.01144038708400535
E4,7,96,0.6237877497084768,0.6025186552881193,0.021269094420357477,0.7006651884700664,0.7228381374722839,0.022172949002217446,0.21900433225477034,0.21066282228550248,0.008341509969267866
E4,8,96,0.6031387097546428,0.5770778707762058,0.026060838978437046,0.7219512195121952,0.7556541019955654,0.03370288248337017,0.20843213164348798,0.19823882127350897,0.010193310369979036
E4,9,96,0.664234905928117,0.6413317366937048,0.022903169234412147,0.6669623059866961,0.6709534368070954,0.003991130820399258,0.23380915165763438,0.22732802648950642,0.006481125168127956
