participant_id,session_id,preprocessing_status,candidate_window_count,rejected_window_count,accepted_window_count,clean_window_fraction,clean_seconds,segment_count,e0_max_abs_difference,e0_reproduced_within_1e-12
UB0004,1686235332,PASS,311,65,246,0.7909967845659164,263.0,1,8.326672684688674e-17,True
UB0007,1704733791,PASS,228,16,212,0.9298245614035088,243.0,32,5.551115123125783e-17,True
UB0020,1675439893,PASS,287,71,216,0.7526132404181185,237.0,1,2.220446049250313e-16,True
UB0021,1675705139,PASS,299,10,289,0.9665551839464883,294.0,1,4.440892098500626e-16,True
UB0023,1677525314,PASS,284,57,227,0.7992957746478874,249.0,2,4.440892098500626e-16,True
UB0024,1682701240,PASS,293,39,254,0.8668941979522184,267.0,1,4.440892098500626e-16,True
UB0028,1683560048,PASS,283,77,206,0.7279151943462897,228.0,1,8.326672684688674e-17,True
UB0029,1683301512,PASS,282,55,227,0.8049645390070922,247.0,2,6.938893903907228e-17,True
UB0030,1684154729,PASS,292,42,250,0.8561643835616438,267.0,1,4.440892098500626e-16,True
UB0032,1685460434,PASS,279,99,180,0.6451612903225806,210.0,4,2.220446049250313e-16,True
UB0034,1685114692,PASS,313,62,251,0.8019169329073482,272.0,1,8.326672684688674e-17,True
UB0035,1684767892,PASS,312,43,269,0.8621794871794872,288.0,1,6.938893903907228e-17,True
UB0039,1684512941,PASS,284,45,239,0.8415492957746479,259.0,2,2.220446049250313e-16,True
UB0042,1685104887,PASS,295,71,224,0.7593220338983051,253.0,1,2.220446049250313e-16,True
UB0044,1685631574,PASS,287,36,251,0.8745644599303136,265.0,1,2.220446049250313e-16,True
UB0045,1685118161,PASS,313,111,202,0.645367412140575,235.0,1,8.326672684688674e-17,True
UB0046,1685529276,PASS,303,49,254,0.8382838283828383,271.0,2,2.220446049250313e-16,True
UB0047,1685532875,PASS,280,56,224,0.8,249.0,5,9.71445146547012e-17,True
UB0049,1685719003,PASS,288,53,235,0.8159722222222222,256.0,1,2.220446049250313e-16,True
UB0051,1685725755,PASS,293,36,257,0.8771331058020477,271.0,1,5.551115123125783e-17,True
UB0052,1685372379,PASS,284,56,228,0.8028169014084507,255.0,2,8.326672684688674e-17,True
UB0053,1685383014,PASS,315,55,260,0.8253968253968254,280.0,2,8.326672684688674e-17,True
UB0054,1687197098,PASS,280,19,261,0.9321428571428572,271.0,3,4.440892098500626e-16,True
UB0056,1687190564,PASS,299,87,212,0.7090301003344481,237.0,2,8.326672684688674e-17,True
UB0057,1686233959,PASS,359,25,334,0.9303621169916435,345.0,1,6.938893903907228e-17,True
UB0059,1686670263,PASS,304,20,284,0.9342105263157895,291.0,1,2.220446049250313e-16,True
UB0060,1686924472,PASS,284,26,258,0.9084507042253521,271.0,3,4.440892098500626e-16,True
UB0061,1686753195,PASS,301,17,284,0.9435215946843853,288.0,1,8.326672684688674e-17,True
UB0063,1689613877,PASS,281,81,200,0.7117437722419929,228.0,3,2.220446049250313e-16,True
UB0065,1688719795,PASS,283,40,243,0.8586572438162544,258.0,2,2.220446049250313e-16,True
UB0066,1688463692,PASS,384,85,299,0.7786458333333334,325.0,3,8.326672684688674e-17,True
UB0070,1689953025,PASS,294,19,275,0.935374149659864,283.0,1,2.220446049250313e-16,True
UB0071,1688983232,PASS,302,18,284,0.9403973509933775,292.0,1,2.220446049250313e-16,True
UB0072,1689156902,PASS,301,51,250,0.8305647840531561,267.0,3,4.440892098500626e-16,True
UB0073,1689760942,PASS,297,41,256,0.8619528619528619,267.0,1,2.220446049250313e-16,True
UB0074,1689767752,PASS,292,42,250,0.8561643835616438,265.0,1,8.326672684688674e-17,True
UB0075,1690217211,PASS,291,37,254,0.872852233676976,264.0,1,4.440892098500626e-16,True
UB0077,1689939480,PASS,304,44,260,0.8552631578947368,277.0,1,2.220446049250313e-16,True
UB0078,1689608980,PASS,297,46,251,0.8451178451178452,272.0,1,2.220446049250313e-16,True
UB0079,1689871205,PASS,289,25,264,0.9134948096885813,277.0,1,2.220446049250313e-16,True
UB0080,1696521458,PASS,297,60,237,0.797979797979798,261.0,3,8.326672684688674e-17,True
UB0081,1690197703,PASS,292,23,269,0.9212328767123288,279.0,1,8.326672684688674e-17,True
UB0083,1693841279,PASS,296,113,183,0.6182432432432432,212.0,4,4.440892098500626e-16,True
UB0084,1693847512,PASS,298,29,269,0.9026845637583892,282.0,2,6.938893903907228e-17,True
UB0085,1694187414,PASS,286,110,176,0.6153846153846154,206.0,1,4.440892098500626e-16,True
UB0086,1694704680,PASS,300,4,296,0.9866666666666667,299.0,1,2.220446049250313e-16,True
UB0087,1695049873,PASS,292,14,278,0.952054794520548,284.0,1,5.551115123125783e-17,True
UB0089,1695054933,PASS,297,49,248,0.835016835016835,266.0,1,5.551115123125783e-17,True
UB0090,1695229846,PASS,292,26,266,0.910958904109589,277.0,3,4.440892098500626e-16,True
UB0091,1701711629,PASS,246,35,211,0.8577235772357723,244.0,32,2.220446049250313e-16,True
UB0098,1696950715,PASS,278,2,276,0.9928057553956835,278.0,1,9.71445146547012e-17,True
UB0099,1697212000,PASS,293,19,274,0.9351535836177475,281.0,1,4.440892098500626e-16,True
UB0100,1697472944,PASS,282,50,232,0.8226950354609929,248.0,1,5.551115123125783e-17,True
UB0102,1697477852,PASS,285,26,259,0.9087719298245615,270.0,1,4.440892098500626e-16,True
UB0103,1698683183,PASS,306,40,266,0.869281045751634,281.0,5,4.440892098500626e-16,True
UB0104,1697561944,PASS,280,36,244,0.8714285714285714,260.0,2,8.326672684688674e-17,True
UB0105,1698076315,PASS,289,26,263,0.9100346020761245,274.0,1,2.220446049250313e-16,True
UB0106,1700501223,PASS,251,20,231,0.9203187250996016,258.0,24,2.220446049250313e-16,True
UB0107,1699889103,PASS,251,56,195,0.7768924302788844,233.0,27,5.551115123125783e-17,True
UB0109,1698403223,PASS,266,59,207,0.7781954887218046,237.0,16,2.220446049250313e-16,True
UB0115,1700666262,PASS,261,21,240,0.9195402298850575,272.0,27,2.220446049250313e-16,True
UB0118,1705339594,PASS,255,27,228,0.8941176470588236,260.0,29,8.326672684688674e-17,True
UB0119,1699895572,PASS,182,26,156,0.8571428571428571,194.0,38,4.440892098500626e-16,True
UB0120,1700490392,PASS,256,49,207,0.80859375,242.0,22,8.326672684688674e-17,True
UB0122,1703005095,PASS,237,12,225,0.9493670886075949,262.0,35,4.440892098500626e-16,True
UB0124,1701449069,PASS,266,19,247,0.9285714285714286,283.0,34,8.326672684688674e-17,True
UB0126,1700585562,PASS,201,8,193,0.9601990049751243,240.0,45,2.220446049250313e-16,True
UB0127,1700845957,PASS,242,28,214,0.8842975206611571,247.0,31,4.440892098500626e-16,True
UB0128,1701102249,PASS,250,15,235,0.94,263.0,26,4.440892098500626e-16,True
UB0129,1706544787,PASS,257,23,234,0.9105058365758755,272.0,35,4.440892098500626e-16,True
UB0131,1702921953,PASS,242,11,231,0.9545454545454546,262.0,27,4.440892098500626e-16,True
UB0132,1703247549,PASS,233,37,196,0.8412017167381974,232.0,31,2.220446049250313e-16,True
UB0133,1702485424,PASS,255,52,203,0.796078431372549,240.0,29,2.220446049250313e-16,True
UB0134,1702657018,PASS,254,10,244,0.9606299212598425,269.0,23,4.440892098500626e-16,True
UB0138,1706894463,PASS,234,23,211,0.9017094017094017,246.0,32,8.326672684688674e-17,True
UB0139,1707154997,PASS,237,24,213,0.8987341772151899,242.0,25,8.326672684688674e-17,True
UB0140,1707300923,PASS,230,17,213,0.9260869565217391,245.0,27,4.440892098500626e-16,True
UB0142,1708100703,PASS,253,5,248,0.9802371541501976,278.0,28,4.440892098500626e-16,True
UB0143,1709548893,PASS,231,41,190,0.8225108225108225,227.0,27,4.440892098500626e-16,True
UB0144,1711124683,PASS,222,7,215,0.9684684684684685,247.0,32,8.326672684688674e-17,True
UB0147,1714144611,PASS,260,26,234,0.9,266.0,27,8.326672684688674e-17,True
UB0150,1715005587,PASS,247,8,239,0.9676113360323887,270.0,30,8.326672684688674e-17,True
UB0153,1716370907,PASS,269,30,239,0.8884758364312267,266.0,23,2.220446049250313e-16,True
UB0154,1716971045,PASS,282,41,241,0.8546099290780141,259.0,3,2.220446049250313e-16,True
UB0156,1717427530,PASS,205,20,185,0.9024390243902439,233.0,45,4.440892098500626e-16,True
UB0158,1717772915,PASS,256,43,213,0.83203125,244.0,19,4.440892098500626e-16,True
UB0161,1719401541,PASS,268,22,246,0.917910447761194,281.0,28,2.220446049250313e-16,True
UB0162,1720002490,PASS,236,21,215,0.9110169491525424,247.0,29,2.220446049250313e-16,True
UB0164,1720609711,PASS,253,41,212,0.8379446640316206,249.0,30,2.220446049250313e-16,True
UB0166,1726052310,PASS,257,17,240,0.933852140077821,274.0,31,2.220446049250313e-16,True
UB0168,1726479260,PASS,243,35,208,0.8559670781893004,237.0,22,8.326672684688674e-17,True
UB0169,1726657190,PASS,234,42,192,0.8205128205128205,228.0,31,2.220446049250313e-16,True
UB0170,1729257596,PASS,234,34,200,0.8547008547008547,235.0,31,6.938893903907228e-17,True
UB0172,1730117374,PASS,261,17,244,0.9348659003831418,267.0,20,2.220446049250313e-16,True
UB0173,1731088564,PASS,245,16,229,0.9346938775510204,263.0,30,4.440892098500626e-16,True
UB0176,1734087033,PASS,231,18,213,0.922077922077922,246.0,32,2.220446049250313e-16,True
