outcome,model,repeat,record_type,intercept,slope,citl,bin,n,mean_probability,observed_rate,failure_code
group,M2,0,scalar,,,,,,,,CALIBRATION_FAILURE
group,M2,0,reliability_bin,,,,0,24,0.17908071523455205,0.16666666666666666,
group,M2,0,reliability_bin,,,,1,24,0.33578792632582477,0.2916666666666667,
group,M2,0,reliability_bin,,,,2,24,0.5031563719577008,0.625,
group,M2,0,reliability_bin,,,,3,24,0.6902476174903552,0.625,
group,M2,1,scalar,,,,,,,,CALIBRATION_FAILURE
group,M2,1,reliability_bin,,,,0,24,0.24329982292112962,0.16666666666666666,
group,M2,1,reliability_bin,,,,1,24,0.35006261345619977,0.2916666666666667,
group,M2,1,reliability_bin,,,,2,24,0.4834327761528103,0.6666666666666666,
group,M2,1,reliability_bin,,,,3,24,0.6268058535944514,0.5833333333333334,
group,M2,2,scalar,,,,,,,,CALIBRATION_FAILURE
group,M2,2,reliability_bin,,,,0,24,0.22352742624080754,0.16666666666666666,
group,M2,2,reliability_bin,,,,1,24,0.3564556599799356,0.2916666666666667,
group,M2,2,reliability_bin,,,,2,24,0.4856738163504261,0.75,
group,M2,2,reliability_bin,,,,3,24,0.6595885789384267,0.5,
group,M2,3,scalar,-0.01927917342510149,0.9386596523782563,-0.002444523132658975,,,,,
group,M2,3,reliability_bin,,,,0,24,0.2300442076822858,0.125,
group,M2,3,reliability_bin,,,,1,24,0.3475343125399412,0.3333333333333333,
group,M2,3,reliability_bin,,,,2,24,0.4860534981695109,0.7083333333333334,
group,M2,3,reliability_bin,,,,3,24,0.6468232484254749,0.5416666666666666,
group,M2,4,scalar,,,,,,,,CALIBRATION_FAILURE
group,M2,4,reliability_bin,,,,0,24,0.20481544284687056,0.20833333333333334,
group,M2,4,reliability_bin,,,,1,24,0.3566884047920185,0.20833333333333334,
group,M2,4,reliability_bin,,,,2,24,0.5019299857800471,0.6666666666666666,
group,M2,4,reliability_bin,,,,3,24,0.7186825784445438,0.625,
group,M2,5,scalar,-0.04654965517063072,0.6563401702911211,0.0576834283898952,,,,,
group,M2,5,reliability_bin,,,,0,24,0.18679964703076188,0.25,
group,M2,5,reliability_bin,,,,1,24,0.35459175527137216,0.16666666666666666,
group,M2,5,reliability_bin,,,,2,24,0.48225665504417686,0.75,
group,M2,5,reliability_bin,,,,3,24,0.6360089006197778,0.5416666666666666,
group,M2,6,scalar,0.001541704105522601,0.9465896811512301,0.01755151193635021,,,,,
group,M2,6,reliability_bin,,,,0,24,0.19189839369175798,0.125,
group,M2,6,reliability_bin,,,,1,24,0.3386738354892846,0.25,
group,M2,6,reliability_bin,,,,2,24,0.47934626847509837,0.75,
group,M2,6,reliability_bin,,,,3,24,0.683932049361907,0.5833333333333334,
group,M2,7,scalar,0.009301627757431673,0.8137084638004377,0.07414766450210615,,,,,
group,M2,7,reliability_bin,,,,0,24,0.1833464437191872,0.25,
group,M2,7,reliability_bin,,,,1,24,0.32652211203341386,0.20833333333333334,
group,M2,7,reliability_bin,,,,2,24,0.4669806908289367,0.6666666666666666,
group,M2,7,reliability_bin,,,,3,24,0.670340229264378,0.5833333333333334,
group,M2,8,scalar,0.04893019653519224,1.246333319806933,-0.012873497801149674,,,,,
group,M2,8,reliability_bin,,,,0,24,0.23373501847242548,0.16666666666666666,
group,M2,8,reliability_bin,,,,1,24,0.3491190492121281,0.20833333333333334,
group,M2,8,reliability_bin,,,,2,24,0.49505406993837875,0.75,
group,M2,8,reliability_bin,,,,3,24,0.6416585028588222,0.5833333333333334,
group,M2,9,scalar,,,,,,,,CALIBRATION_FAILURE
group,M2,9,reliability_bin,,,,0,24,0.21043766915533882,0.20833333333333334,
group,M2,9,reliability_bin,,,,1,24,0.36688832427913526,0.2916666666666667,
group,M2,9,reliability_bin,,,,2,24,0.4723830396784128,0.75,
group,M2,9,reliability_bin,,,,3,24,0.6608330197262725,0.4583333333333333,
group,adaptive_M3,0,scalar,,,,,,,,CALIBRATION_FAILURE
group,adaptive_M3,0,reliability_bin,,,,0,24,0.19623433625058725,0.20833333333333334,
group,adaptive_M3,0,reliability_bin,,,,1,24,0.3627217887642485,0.375,
group,adaptive_M3,0,reliability_bin,,,,2,24,0.48034702333654494,0.5,
group,adaptive_M3,0,reliability_bin,,,,3,24,0.648103872413568,0.625,
group,adaptive_M3,1,scalar,,,,,,,,CALIBRATION_FAILURE
group,adaptive_M3,1,reliability_bin,,,,0,24,0.1825933262079494,0.20833333333333334,
group,adaptive_M3,1,reliability_bin,,,,1,24,0.36448331702341097,0.375,
group,adaptive_M3,1,reliability_bin,,,,2,24,0.5034256339802049,0.4583333333333333,
group,adaptive_M3,1,reliability_bin,,,,3,24,0.7046926681499777,0.6666666666666666,
group,adaptive_M3,2,scalar,-0.03515343172847806,0.7736262756457829,0.03271226811082017,,,,,
group,adaptive_M3,2,reliability_bin,,,,0,24,0.1936034866851506,0.20833333333333334,
group,adaptive_M3,2,reliability_bin,,,,1,24,0.3640805199915744,0.4583333333333333,
group,adaptive_M3,2,reliability_bin,,,,2,24,0.48920810983978996,0.5416666666666666,
group,adaptive_M3,2,reliability_bin,,,,3,24,0.6336440388699318,0.5,
group,adaptive_M3,3,scalar,-0.06807996090092407,0.9036562145293358,-0.0469032421398491,,,,,
group,adaptive_M3,3,reliability_bin,,,,0,24,0.24141733184977476,0.16666666666666666,
group,adaptive_M3,3,reliability_bin,,,,1,24,0.39562760004137104,0.4583333333333333,
group,adaptive_M3,3,reliability_bin,,,,2,24,0.4874533453819116,0.5,
group,adaptive_M3,3,reliability_bin,,,,3,24,0.6255983874798066,0.5833333333333334,
group,adaptive_M3,4,scalar,,,,,,,,CALIBRATION_FAILURE
group,adaptive_M3,4,reliability_bin,,,,0,24,0.14043111932042088,0.16666666666666666,
group,adaptive_M3,4,reliability_bin,,,,1,24,0.34444095853867224,0.375,
group,adaptive_M3,4,reliability_bin,,,,2,24,0.4860779447459202,0.6666666666666666,
group,adaptive_M3,4,reliability_bin,,,,3,24,0.7310725074312141,0.5,
group,adaptive_M3,5,scalar,-0.03543871844884067,0.6446493334698428,0.09484961597850707,,,,,
group,adaptive_M3,5,reliability_bin,,,,0,24,0.17571751953517353,0.20833333333333334,
group,adaptive_M3,5,reliability_bin,,,,1,24,0.3499673568671948,0.4166666666666667,
group,adaptive_M3,5,reliability_bin,,,,2,24,0.461518157755391,0.5833333333333334,
group,adaptive_M3,5,reliability_bin,,,,3,24,0.6421053457644846,0.5,
group,adaptive_M3,6,scalar,,,,,,,,CALIBRATION_FAILURE
group,adaptive_M3,6,reliability_bin,,,,0,24,0.2000649297575682,0.20833333333333334,
group,adaptive_M3,6,reliability_bin,,,,1,24,0.3828734740637527,0.4166666666666667,
group,adaptive_M3,6,reliability_bin,,,,2,24,0.4763956097064246,0.5833333333333334,
group,adaptive_M3,6,reliability_bin,,,,3,24,0.6482414636883896,0.5,
group,adaptive_M3,7,scalar,,,,,,,,CALIBRATION_FAILURE
group,adaptive_M3,7,reliability_bin,,,,0,24,0.17866084389213077,0.20833333333333334,
group,adaptive_M3,7,reliability_bin,,,,1,24,0.35468356316518035,0.5,
group,adaptive_M3,7,reliability_bin,,,,2,24,0.5076010966012113,0.4583333333333333,
group,adaptive_M3,7,reliability_bin,,,,3,24,0.6725594133205309,0.5416666666666666,
group,adaptive_M3,8,scalar,-0.03736116331308812,0.8788211960292801,-0.009265272351145151,,,,,
group,adaptive_M3,8,reliability_bin,,,,0,24,0.1981752582886939,0.20833333333333334,
group,adaptive_M3,8,reliability_bin,,,,1,24,0.37983786287779586,0.375,
group,adaptive_M3,8,reliability_bin,,,,2,24,0.49746091935753795,0.5416666666666666,
group,adaptive_M3,8,reliability_bin,,,,3,24,0.640839395685309,0.5833333333333334,
group,adaptive_M3,9,scalar,-0.16390888801102083,0.4750081599841048,-0.05277193939696444,,,,,
group,adaptive_M3,9,reliability_bin,,,,0,24,0.1638863630685942,0.2916666666666667,
group,adaptive_M3,9,reliability_bin,,,,1,24,0.36653824520252964,0.3333333333333333,
group,adaptive_M3,9,reliability_bin,,,,2,24,0.5027558233940433,0.6666666666666666,
group,adaptive_M3,9,reliability_bin,,,,3,24,0.7174267679672491,0.4166666666666667,
