outcome,model_family,repeat,outer_fold,representation,C,pooled_logloss,rounded_pooled_logloss,valid,rank,selected_initial,fallback_rank
group,adaptive_M3_SELECTED,0,0,E0,0.1,0.6118582045029658,0.611858204503,True,1,False,
group,adaptive_M3_SELECTED,0,1,E2,0.01,0.642196762535596,0.642196762536,True,1,False,
group,adaptive_M3_SELECTED,0,2,E2,0.1,0.6039962604445603,0.603996260445,True,1,False,
group,adaptive_M3_SELECTED,0,3,E2,0.01,0.6496226525532164,0.649622652553,True,1,False,
group,adaptive_M3_SELECTED,0,4,E0,0.1,0.5755706476666961,0.575570647667,True,1,False,
group,adaptive_M3_SELECTED,1,0,E0,0.1,0.631062607850558,0.631062607851,True,1,False,
group,adaptive_M3_SELECTED,1,1,E0,0.1,0.6098906127643737,0.609890612764,True,1,False,
group,adaptive_M3_SELECTED,1,2,E2,0.1,0.6005901542528008,0.600590154253,True,1,False,
group,adaptive_M3_SELECTED,1,3,E2,0.01,0.6293469806736188,0.629346980674,True,1,False,
group,adaptive_M3_SELECTED,1,4,E2,0.1,0.5848861797548527,0.584886179755,True,1,False,
group,adaptive_M3_SELECTED,2,0,E2,0.1,0.5648295821747957,0.564829582175,True,1,False,
group,adaptive_M3_SELECTED,2,1,E0,0.1,0.6109543064246569,0.610954306425,True,1,False,
group,adaptive_M3_SELECTED,2,2,E0,0.1,0.6105243452324101,0.610524345232,True,1,False,
group,adaptive_M3_SELECTED,2,3,E2,0.01,0.6599659788913332,0.659965978891,True,1,False,
group,adaptive_M3_SELECTED,2,4,E2,0.01,0.6273294232363723,0.627329423236,True,1,False,
group,adaptive_M3_SELECTED,3,0,E2,0.01,0.6314101672098128,0.63141016721,True,1,False,
group,adaptive_M3_SELECTED,3,1,E2,0.01,0.6451686678525289,0.645168667853,True,1,False,
group,adaptive_M3_SELECTED,3,2,E0,0.1,0.5809717939160414,0.580971793916,True,1,False,
group,adaptive_M3_SELECTED,3,3,E2,0.01,0.6405256886460297,0.640525688646,True,1,False,
group,adaptive_M3_SELECTED,3,4,E0,0.1,0.5921420513115897,0.592142051312,True,1,False,
group,adaptive_M3_SELECTED,4,0,E2,0.1,0.5497925468925314,0.549792546893,True,1,False,
group,adaptive_M3_SELECTED,4,1,E0,0.1,0.6216176319951727,0.621617631995,True,1,False,
group,adaptive_M3_SELECTED,4,2,E2,0.01,0.6447143594398289,0.64471435944,True,1,False,
group,adaptive_M3_SELECTED,4,3,E2,1.0,0.5169915409042117,0.516991540904,True,1,False,
group,adaptive_M3_SELECTED,4,4,E0,0.1,0.6487161916598265,0.64871619166,True,1,False,
group,adaptive_M3_SELECTED,5,0,E2,0.01,0.6139380711194647,0.613938071119,True,1,False,
group,adaptive_M3_SELECTED,5,1,E0,0.1,0.5652866087362562,0.565286608736,True,1,False,
group,adaptive_M3_SELECTED,5,2,E2,0.1,0.6116485147397278,0.61164851474,True,1,False,
group,adaptive_M3_SELECTED,5,3,E0,0.1,0.6489388955469484,0.648938895547,True,1,False,
group,adaptive_M3_SELECTED,5,4,E0,0.1,0.6117697967363349,0.611769796736,True,1,False,
group,adaptive_M3_SELECTED,6,0,E2,0.01,0.6343372048025707,0.634337204803,True,1,False,
group,adaptive_M3_SELECTED,6,1,E2,0.1,0.5891470601462434,0.589147060146,True,1,False,
group,adaptive_M3_SELECTED,6,2,E2,0.01,0.6394162611320127,0.639416261132,True,1,False,
group,adaptive_M3_SELECTED,6,3,E0,0.1,0.5583050985354678,0.558305098535,True,1,False,
group,adaptive_M3_SELECTED,6,4,E0,0.1,0.6466760560901158,0.64667605609,True,1,False,
group,adaptive_M3_SELECTED,7,0,E0,0.1,0.6398145217748736,0.639814521775,True,1,False,
group,adaptive_M3_SELECTED,7,1,E2,0.01,0.626012853548473,0.626012853548,True,1,False,
group,adaptive_M3_SELECTED,7,2,E0,0.1,0.6197680115106133,0.619768011511,True,1,False,
group,adaptive_M3_SELECTED,7,3,E2,0.1,0.5431559678215296,0.543155967822,True,1,False,
group,adaptive_M3_SELECTED,7,4,E0,0.1,0.6108281286254434,0.610828128625,True,1,False,
group,adaptive_M3_SELECTED,8,0,E0,0.1,0.5828077387332835,0.582807738733,True,1,False,
group,adaptive_M3_SELECTED,8,1,E2,0.01,0.6395100294936797,0.639510029494,True,1,False,
group,adaptive_M3_SELECTED,8,2,E0,0.1,0.6170732617738998,0.617073261774,True,1,False,
group,adaptive_M3_SELECTED,8,3,E2,0.01,0.6522055796185885,0.652205579619,True,1,False,
group,adaptive_M3_SELECTED,8,4,E2,0.1,0.6149851653985957,0.614985165399,True,1,False,
group,adaptive_M3_SELECTED,9,0,E2,0.1,0.6181263134941923,0.618126313494,True,1,False,
group,adaptive_M3_SELECTED,9,1,E0,0.1,0.5747496737945029,0.574749673795,True,1,False,
group,adaptive_M3_SELECTED,9,2,E2,0.01,0.6416915146727841,0.641691514673,True,1,False,
group,adaptive_M3_SELECTED,9,3,E0,0.1,0.597036915502581,0.597036915503,True,1,False,
group,adaptive_M3_SELECTED,9,4,E2,0.1,0.6172009328354527,0.617200932835,True,1,False,
