model,repeat,logloss,brier,auroc
M0,0,0.6389914738604129,0.2234448611715354,0.6882483370288248
M0,1,0.6356044848930434,0.22250078776153293,0.6804878048780487
M0,2,0.6366520914286635,0.22268814352726793,0.6798226164079822
M0,3,0.642644679303671,0.2258852129733309,0.6592017738359203
M0,4,0.6591400411551301,0.23182214676249724,0.6707317073170731
M0,5,0.6622763931858718,0.23149864680821097,0.6509977827050998
M0,6,0.6382477447430658,0.22258331286109403,0.6773835920177383
M0,7,0.6365407606317768,0.22346245461659642,0.6614190687361419
M0,8,0.6411916066430011,0.22422543794110047,0.6767184035476718
M0,9,0.6698128533519329,0.2356550444568881,0.6470066518847006
M1,0,0.6288257329481319,0.21251221842562587,0.7339246119733924
M1,1,0.605581329043808,0.2094116811803799,0.7281596452328161
M1,2,0.6477857079098797,0.21787099093968143,0.7068736141906874
M1,3,0.6315346150107785,0.21927370918991831,0.6891352549889135
M1,4,0.6124183819481162,0.21155825906287626,0.7232815964523281
M1,5,0.6473125838362738,0.21962261302203845,0.7028824833702882
M1,6,0.6167122791830831,0.21156587836867305,0.7254988913525499
M1,7,0.6165189933915357,0.21313986487597014,0.7144124168514412
M1,8,0.6017546051101682,0.2068684336039235,0.7339246119733925
M1,9,0.6472012132168933,0.223789581948035,0.7024390243902439
M2,0,0.6183111830188789,0.21116688836624772,0.7272727272727272
M2,1,0.6037089725756366,0.20869541931777347,0.7241685144124169
M2,2,0.6245033685633588,0.21406360148431527,0.7157427937915743
M2,3,0.6290780010392742,0.21942256543036795,0.7019955654101996
M2,4,0.6207418977450989,0.2124515115515535,0.7277161862527717
M2,5,0.6514343496811944,0.22298310497938578,0.7055432372505542
M2,6,0.6048539038755144,0.2073818911893701,0.7472283813747229
M2,7,0.6237877497084768,0.21900433225477034,0.7006651884700664
M2,8,0.6031387097546429,0.20843213164348798,0.7219512195121952
M2,9,0.664234905928117,0.23380915165763438,0.6669623059866961
