participant_id,group_raw,group_y,diagnosed_raw,diagnosed_y,age,gender,metadata_source
UB0004,2,0,no,0,11,2,dataset/users_demographics.json
UB0007,2,0,undetermined,,10,1,dataset/users_demographics.json
UB0020,2,0,no,0,8,1,dataset/users_demographics.json
UB0021,1,1,yes,1,10,1,dataset/users_demographics.json
UB0023,1,1,yes,1,9,1,dataset/users_demographics.json
UB0024,1,1,yes,1,7,1,dataset/users_demographics.json
UB0028,1,1,yes,1,10,1,dataset/users_demographics.json
UB0029,1,1,yes,1,10,1,dataset/users_demographics.json
UB0030,2,0,no,0,18,1,dataset/users_demographics.json
UB0032,2,0,no,0,18,1,dataset/users_demographics.json
UB0034,2,0,no,0,18,1,dataset/users_demographics.json
UB0035,2,0,no,0,18,1,dataset/users_demographics.json
UB0039,2,0,undetermined,,18,1,dataset/users_demographics.json
UB0042,2,0,no,0,18,2,dataset/users_demographics.json
UB0044,2,0,no,0,17,1,dataset/users_demographics.json
UB0045,2,0,no,0,18,1,dataset/users_demographics.json
UB0046,2,0,no,0,18,2,dataset/users_demographics.json
UB0047,2,0,no,0,18,1,dataset/users_demographics.json
UB0049,2,0,undetermined,,18,1,dataset/users_demographics.json
UB0051,2,0,no,0,13,2,dataset/users_demographics.json
UB0052,2,0,no,0,11,1,dataset/users_demographics.json
UB0053,2,0,undetermined,,13,2,dataset/users_demographics.json
UB0054,2,0,undetermined,,15,2,dataset/users_demographics.json
UB0056,2,0,no,0,18,2,dataset/users_demographics.json
UB0057,2,0,no,0,13,2,dataset/users_demographics.json
UB0059,2,0,undetermined,,13,2,dataset/users_demographics.json
UB0060,2,0,yes,1,10,2,dataset/users_demographics.json
UB0061,2,0,no,0,13,2,dataset/users_demographics.json
UB0063,2,0,undetermined,,12,2,dataset/users_demographics.json
UB0065,2,0,undetermined,,10,2,dataset/users_demographics.json
UB0066,2,0,yes,1,8,2,dataset/users_demographics.json
UB0070,1,1,yes,1,15,1,dataset/users_demographics.json
UB0071,2,0,yes,1,11,2,dataset/users_demographics.json
UB0072,2,0,no,0,7,1,dataset/users_demographics.json
UB0073,1,1,yes,1,14,1,dataset/users_demographics.json
UB0074,1,1,yes,1,14,1,dataset/users_demographics.json
UB0075,2,0,no,0,9,2,dataset/users_demographics.json
UB0077,1,1,yes,1,16,2,dataset/users_demographics.json
UB0078,1,1,yes,1,14,2,dataset/users_demographics.json
UB0079,2,0,no,0,13,2,dataset/users_demographics.json
UB0080,2,0,no,0,16,2,dataset/users_demographics.json
UB0081,2,0,no,0,9,1,dataset/users_demographics.json
UB0083,1,1,yes,1,10,1,dataset/users_demographics.json
UB0084,2,0,yes,1,16,1,dataset/users_demographics.json
UB0085,1,1,yes,1,7,1,dataset/users_demographics.json
UB0086,1,1,yes,1,16,1,dataset/users_demographics.json
UB0087,1,1,yes,1,12,1,dataset/users_demographics.json
UB0089,2,0,undetermined,,18,2,dataset/users_demographics.json
UB0090,2,0,no,0,17,1,dataset/users_demographics.json
UB0091,1,1,yes,1,16,1,dataset/users_demographics.json
UB0098,2,0,yes,1,6,1,dataset/users_demographics.json
UB0099,1,1,yes,1,8,1,dataset/users_demographics.json
UB0100,2,0,yes,1,11,1,dataset/users_demographics.json
UB0102,1,1,yes,1,11,1,dataset/users_demographics.json
UB0103,2,0,yes,1,9,2,dataset/users_demographics.json
UB0104,2,0,no,0,11,1,dataset/users_demographics.json
UB0105,2,0,undetermined,,13,2,dataset/users_demographics.json
UB0106,1,1,yes,1,18,1,dataset/users_demographics.json
UB0107,1,1,yes,1,11,2,dataset/users_demographics.json
UB0109,2,0,no,0,17,2,dataset/users_demographics.json
UB0115,1,1,yes,1,12,2,dataset/users_demographics.json
UB0118,1,1,yes,1,10,1,dataset/users_demographics.json
UB0119,1,1,yes,1,12,1,dataset/users_demographics.json
UB0120,1,1,yes,1,12,1,dataset/users_demographics.json
UB0122,2,0,no,0,8,1,dataset/users_demographics.json
UB0124,1,1,yes,1,9,1,dataset/users_demographics.json
UB0126,2,0,undetermined,,12,2,dataset/users_demographics.json
UB0127,1,1,yes,1,8,2,dataset/users_demographics.json
UB0128,1,1,yes,1,9,1,dataset/users_demographics.json
UB0129,1,1,yes,1,9,1,dataset/users_demographics.json
UB0131,2,0,no,0,8,2,dataset/users_demographics.json
UB0132,1,1,yes,1,9,1,dataset/users_demographics.json
UB0133,2,0,no,0,11,1,dataset/users_demographics.json
UB0134,1,1,yes,1,15,1,dataset/users_demographics.json
UB0138,1,1,yes,1,15,1,dataset/users_demographics.json
UB0139,2,0,yes,1,12,1,dataset/users_demographics.json
UB0140,1,1,yes,1,14,1,dataset/users_demographics.json
UB0142,1,1,yes,1,9,2,dataset/users_demographics.json
UB0143,1,1,yes,1,10,1,dataset/users_demographics.json
UB0144,1,1,yes,1,13,1,dataset/users_demographics.json
UB0147,2,0,no,0,7,1,dataset/users_demographics.json
UB0150,1,1,yes,1,17,1,dataset/users_demographics.json
UB0153,2,0,yes,1,11,2,dataset/users_demographics.json
UB0154,2,0,no,0,13,1,dataset/users_demographics.json
UB0156,2,0,no,0,6,2,dataset/users_demographics.json
UB0158,2,0,undetermined,,8,1,dataset/users_demographics.json
UB0161,1,1,yes,1,12,2,dataset/users_demographics.json
UB0162,1,1,yes,1,8,1,dataset/users_demographics.json
UB0164,1,1,yes,1,15,1,dataset/users_demographics.json
UB0166,1,1,yes,1,9,1,dataset/users_demographics.json
UB0168,1,1,yes,1,7,2,dataset/users_demographics.json
UB0169,2,0,yes,1,10,2,dataset/users_demographics.json
UB0170,1,1,yes,1,10,1,dataset/users_demographics.json
UB0172,2,0,yes,1,14,1,dataset/users_demographics.json
UB0173,2,0,yes,1,7,1,dataset/users_demographics.json
UB0176,2,0,yes,1,14,2,dataset/users_demographics.json
