repeat,m2_logloss,m3_logloss,delta_ll,m2_brier,m3_brier,delta_brier,m2_auroc,m3_auroc,delta_auroc
0,0.61831118301887888,0.63251395763403961,-0.014202774615160963,0.21116688836624772,0.22200603557026963,-0.010839147204021867,0.72727272727272718,0.696230598669623,-0.03104212860310418
1,0.6037089725756366,0.5973697480329373,0.0063392245426992953,0.20869541931777347,0.20760490723040168,0.0010905120873718234,0.72416851441241692,0.72150776053215071,-0.002660753880266209
2,0.62450336856335875,0.63723699004927925,-0.012733621485920513,0.21406360148431527,0.2260461644460835,-0.011982562961768242,0.71574279379157435,0.65631929046563198,-0.059423503325942373
3,0.62907800103927425,0.64210907563746533,-0.013031074598191099,0.21942256543036795,0.22543965369986932,-0.006017088269501405,0.70199556541019958,0.673170731707317,-0.02882483370288258
4,0.62074189774509891,0.74070771175102645,-0.11996581400592765,0.21245151155155351,0.24384369097268002,-0.031392179421126494,0.72771618625277168,0.6660753880266076,-0.061640798226164084
5,0.6514343496811944,0.65332366166070033,-0.0018893119795058606,0.22298310497938578,0.23188082222157722,-0.0088977172421914677,0.70554323725055423,0.65764966740576491,-0.047893569844789319
6,0.60485390387551441,0.63329307644383992,-0.028439172568325521,0.20738189118937009,0.22393637009198883,-0.016554478902618734,0.74722838137472292,0.66164079822616406,-0.085587583148558855
7,0.62378774970847684,0.68423822303931292,-0.060450473330836058,0.21900433225477034,0.2423034939864932,-0.02329916173172283,0.70066518847006642,0.63148558758314854,-0.06917960088691788
8,0.6031387097546429,0.63094609601501928,-0.027807386260376463,0.20843213164348798,0.22124444255978262,-0.012812310916294671,0.72195121951219521,0.6784922394678492,-0.043458980044346007
9,0.66423490592811696,0.68035601246322219,-0.016121106535105404,0.23380915165763438,0.24436331647213586,-0.010554164814501494,0.66696230598669615,0.61906873614190694,-0.047893569844789208
