analysis,repeat,m2_logloss,representation_logloss,delta_ll,m2_brier,representation_brier,delta_brier,m2_auroc,representation_auroc,delta_auroc
E0_core_sensitivity,0,0.6183111830188789,0.6050776456195435,0.013233537399335337,0.21116688836624772,0.2100255313777921,0.0011413569884556618,0.7272727272727272,0.7219512195121952,-0.005321507760531974
E0_core_sensitivity,1,0.6037089725756366,0.5957419742846394,0.007966998290997172,0.20869541931777347,0.20636175175144533,0.0023336675663281395,0.7241685144124169,0.7286031042128603,0.0044345898004434225
E0_core_sensitivity,2,0.6245033685633588,0.6199747693137775,0.004528599249581294,0.21406360148431527,0.21798320791944295,-0.003919606435127707,0.7157427937915743,0.6966740576496674,-0.01906873614190696
E0_core_sensitivity,3,0.6290780010392742,0.6371982240959387,-0.008120223056664407,0.21942256543036795,0.22285619558872694,-0.0034336301583590364,0.7019955654101996,0.6815964523281596,-0.02039911308204001
E0_core_sensitivity,4,0.6207418977450989,0.607183163403873,0.013558734341225911,0.2124515115515535,0.21238225254271295,6.925900884059526e-05,0.7277161862527717,0.7126385809312639,-0.015077605321507814
E0_core_sensitivity,5,0.6514343496811944,0.6113825840342436,0.040051765646950885,0.22298310497938578,0.2134476398677371,0.00953546511164865,0.7055432372505542,0.7184035476718403,0.012860310421286103
E0_core_sensitivity,6,0.6048539038755144,0.6152765889798605,-0.0104226851043461,0.2073818911893701,0.21419046447430334,-0.006808573284933279,0.7472283813747229,0.7113082039911308,-0.0359201773835921
E0_core_sensitivity,7,0.6237877497084768,0.6493012627790494,-0.02551351307057263,0.21900433225477034,0.22762187809830547,-0.008617545843535121,0.7006651884700664,0.6727272727272727,-0.027937915742793695
E0_core_sensitivity,8,0.6031387097546429,0.6102378228077484,-0.007099113053105681,0.20843213164348798,0.21179459863193484,-0.003362466988446847,0.7219512195121952,0.7184035476718403,-0.0035476718403548713
E0_core_sensitivity,9,0.664234905928117,0.6475617052007376,0.01667320072737924,0.23380915165763438,0.22999680446393236,0.003812347193701965,0.6669623059866961,0.6638580931263858,-0.0031042128603103736
fixed_E1_secondary,0,0.6183111830188789,0.6279922889148651,-0.009681105895986303,0.21116688836624772,0.2201978094088282,-0.009030921042580445,0.7272727272727272,0.693569844789357,-0.03370288248337017
fixed_E1_secondary,1,0.6037089725756366,0.6164413140204751,-0.012732341444838468,0.20869541931777347,0.21543519947196174,-0.00673978015418827,0.7241685144124169,0.7113082039911308,-0.012860310421286103
fixed_E1_secondary,2,0.6245033685633588,0.6429371007948363,-0.018433732231477616,0.21406360148431527,0.2254957862657199,-0.011432184781404653,0.7157427937915743,0.6931263858093126,-0.02261640798226172
fixed_E1_secondary,3,0.6290780010392742,0.6373489913656032,-0.00827099032632886,0.21942256543036795,0.2240773780720778,-0.004654812641709855,0.7019955654101996,0.6891352549889136,-0.012860310421285992
fixed_E1_secondary,4,0.6207418977450989,0.6455915992385913,-0.024849701493492565,0.2124515115515535,0.2264213432779177,-0.013969831726364193,0.7277161862527717,0.6891352549889135,-0.0385809312638582
fixed_E1_secondary,5,0.6514343496811944,0.6368550190985081,0.0145793305826864,0.22298310497938578,0.2252619095653908,-0.0022788045860050303,0.7055432372505542,0.6749445676274944,-0.030598669623059793
fixed_E1_secondary,6,0.6048539038755144,0.6356194915267793,-0.030765587651264848,0.2073818911893701,0.22388292054761702,-0.016501029358246933,0.7472283813747229,0.6776053215077605,-0.06962305986696238
fixed_E1_secondary,7,0.6237877497084768,0.6574954189674651,-0.033707669258988354,0.21900433225477034,0.23190401855832712,-0.012899686303556764,0.7006651884700664,0.6594235033259424,-0.041241685144124074
fixed_E1_secondary,8,0.6031387097546429,0.6123719843849892,-0.009233274630346346,0.20843213164348798,0.2129950368614466,-0.004562905217958596,0.7219512195121952,0.729490022172949,0.007538802660753796
fixed_E1_secondary,9,0.664234905928117,0.653188639693652,0.011046266234464926,0.23380915165763438,0.23112278101695138,0.002686370640683012,0.6669623059866961,0.6492239467849223,-0.0177383592017738
fixed_E2_secondary,0,0.6183111830188789,0.6215949971884759,-0.003283814169597117,0.21116688836624772,0.21691442080165826,-0.005747532435410491,0.7272727272727272,0.7113082039911309,-0.015964523281596255
fixed_E2_secondary,1,0.6037089725756366,0.6000564271942251,0.00365254538141156,0.20869541931777347,0.20815208957932452,0.0005433297384489464,0.7241685144124169,0.7259423503325944,0.0017738359201774356
fixed_E2_secondary,2,0.6245033685633588,0.6313789622725388,-0.006875593709180071,0.21406360148431527,0.2226246531152025,-0.008561051630887214,0.7157427937915743,0.6798226164079824,-0.03592017738359199
fixed_E2_secondary,3,0.6290780010392742,0.6236895779602182,0.005388423079056105,0.21942256543036795,0.21760876691130568,0.0018137985190622978,0.7019955654101996,0.7011086474501109,-0.0008869179600886623
fixed_E2_secondary,4,0.6207418977450989,0.7521015211624441,-0.13135962341734522,0.2124515115515535,0.24665213785510434,-0.03420062630355081,0.7277161862527717,0.6594235033259424,-0.06829268292682933
fixed_E2_secondary,5,0.6514343496811944,0.6458856414472353,0.005548708233959219,0.22298310497938578,0.22841329204425512,-0.005430187064869353,0.7055432372505542,0.6855875831485588,-0.0199556541019954
fixed_E2_secondary,6,0.6048539038755144,0.6203659534481144,-0.015512049572599962,0.2073818911893701,0.2195887467559742,-0.0122068555666041,0.7472283813747229,0.6802660753880265,-0.06696230598669639
fixed_E2_secondary,7,0.6237877497084768,0.6546125470791097,-0.030824797370632706,0.21900433225477034,0.23004209395642158,-0.011037761701651253,0.7006651884700664,0.6620842572062084,-0.038580931263857976
fixed_E2_secondary,8,0.6031387097546429,0.6006011874844389,0.002537522270203906,0.20843213164348798,0.20779705608196428,0.0006350755615237152,0.7219512195121952,0.7330376940133039,0.011086474501108667
fixed_E2_secondary,9,0.664234905928117,0.6477696433335638,0.01646526259455311,0.23380915165763438,0.23004110759368168,0.003768044063952662,0.6669623059866961,0.6523281596452328,-0.014634146341463317
primary_adaptive_M3,0,0.6183111830188789,0.6325139576340396,-0.014202774615160963,0.21116688836624772,0.22200603557026963,-0.010839147204021867,0.7272727272727272,0.696230598669623,-0.03104212860310418
primary_adaptive_M3,1,0.6037089725756366,0.5973697480329373,0.006339224542699295,0.20869541931777347,0.20760490723040168,0.0010905120873718234,0.7241685144124169,0.7215077605321507,-0.002660753880266209
primary_adaptive_M3,2,0.6245033685633588,0.6372369900492793,-0.012733621485920513,0.21406360148431527,0.2260461644460835,-0.011982562961768242,0.7157427937915743,0.656319290465632,-0.05942350332594237
primary_adaptive_M3,3,0.6290780010392742,0.6421090756374653,-0.0130310745981911,0.21942256543036795,0.22543965369986932,-0.006017088269501405,0.7019955654101996,0.673170731707317,-0.02882483370288258
primary_adaptive_M3,4,0.6207418977450989,0.7407077117510265,-0.11996581400592765,0.2124515115515535,0.24384369097268002,-0.031392179421126494,0.7277161862527717,0.6660753880266076,-0.061640798226164084
primary_adaptive_M3,5,0.6514343496811944,0.6533236616607003,-0.0018893119795058606,0.22298310497938578,0.23188082222157722,-0.008897717242191468,0.7055432372505542,0.6576496674057649,-0.04789356984478932
primary_adaptive_M3,6,0.6048539038755144,0.6332930764438399,-0.02843917256832552,0.2073818911893701,0.22393637009198883,-0.016554478902618734,0.7472283813747229,0.6616407982261641,-0.08558758314855885
primary_adaptive_M3,7,0.6237877497084768,0.6842382230393129,-0.06045047333083606,0.21900433225477034,0.2423034939864932,-0.02329916173172283,0.7006651884700664,0.6314855875831485,-0.06917960088691788
primary_adaptive_M3,8,0.6031387097546429,0.6309460960150193,-0.027807386260376463,0.20843213164348798,0.22124444255978262,-0.01281231091629467,0.7219512195121952,0.6784922394678492,-0.04345898004434601
primary_adaptive_M3,9,0.664234905928117,0.6803560124632222,-0.016121106535105404,0.23380915165763438,0.24436331647213586,-0.010554164814501494,0.6669623059866961,0.6190687361419069,-0.04789356984478921
