model,repeat,outer_fold,C,inner_logloss,selected,policy
E0_D,0,0,0.10000000000000001,0.61678666908785407,True,adaptive_D
E0_D,0,1,0.10000000000000001,0.62918237543568489,True,adaptive_D
E2_D,0,2,0.10000000000000001,0.59851102755742869,True,adaptive_D
E2_D,0,3,0.01,0.64634815402945145,True,adaptive_D
E0_D,0,4,0.10000000000000001,0.55697134635084278,True,adaptive_D
E0_D,1,0,0.10000000000000001,0.62647623699004873,True,adaptive_D
E0_D,1,1,0.10000000000000001,0.60509145696881084,True,adaptive_D
E2_D,1,2,0.10000000000000001,0.59034998445413389,True,adaptive_D
E0_D,1,3,0.10000000000000001,0.61680960191438794,True,adaptive_D
E2_D,1,4,0.10000000000000001,0.58320933960265753,True,adaptive_D
E1_D,2,0,0.10000000000000001,0.55251009638836546,True,adaptive_D
E0_D,2,1,0.10000000000000001,0.6108744946327771,True,adaptive_D
E0_D,2,2,0.10000000000000001,0.60178814207280107,True,adaptive_D
E2_D,2,3,0.01,0.65450611061897335,True,adaptive_D
E2_D,2,4,0.01,0.62317008758698089,True,adaptive_D
E0_D,3,0,0.10000000000000001,0.61001218580568728,True,adaptive_D
E2_D,3,1,0.01,0.64165108282916805,True,adaptive_D
E0_D,3,2,0.10000000000000001,0.57646758438607104,True,adaptive_D
E2_D,3,3,0.01,0.63871571697228446,True,adaptive_D
E0_D,3,4,0.10000000000000001,0.61616614617407017,True,adaptive_D
E2_D,4,0,0.10000000000000001,0.53663711545984571,True,adaptive_D
E0_D,4,1,0.10000000000000001,0.62839533462077712,True,adaptive_D
E2_D,4,2,0.01,0.64383672166034767,True,adaptive_D
E2_D,4,3,0.10000000000000001,0.52282711834417994,True,adaptive_D
E0_D,4,4,0.10000000000000001,0.63504727225139634,True,adaptive_D
E2_D,5,0,0.01,0.61115535383441855,True,adaptive_D
E0_D,5,1,0.10000000000000001,0.56718061778884643,True,adaptive_D
E0_D,5,2,0.10000000000000001,0.57022519292746054,True,adaptive_D
E0_D,5,3,0.10000000000000001,0.63955903923025226,True,adaptive_D
E0_D,5,4,0.10000000000000001,0.59307969785435555,True,adaptive_D
E2_D,6,0,0.01,0.63061812213208501,True,adaptive_D
E2_D,6,1,0.10000000000000001,0.59046896208126143,True,adaptive_D
E2_D,6,2,0.01,0.63235220523093516,True,adaptive_D
E0_D,6,3,0.10000000000000001,0.55788039888760221,True,adaptive_D
E0_D,6,4,0.10000000000000001,0.64524277333052849,True,adaptive_D
E0_D,7,0,0.10000000000000001,0.58619531549963588,True,adaptive_D
E2_D,7,1,0.01,0.62443635384738616,True,adaptive_D
E0_D,7,2,0.10000000000000001,0.60363722575519474,True,adaptive_D
E2_D,7,3,0.10000000000000001,0.54596183135670495,True,adaptive_D
E0_D,7,4,0.10000000000000001,0.61711001565041712,True,adaptive_D
E0_D,8,0,0.10000000000000001,0.57927244968776048,True,adaptive_D
E2_D,8,1,0.01,0.63610512135229846,True,adaptive_D
E0_D,8,2,0.10000000000000001,0.60353510880780625,True,adaptive_D
E2_D,8,3,0.01,0.65035597441707227,True,adaptive_D
E0_D,8,4,0.10000000000000001,0.58441461681930962,True,adaptive_D
E0_D,9,0,0.10000000000000001,0.60848693307084056,True,adaptive_D
E0_D,9,1,0.10000000000000001,0.57230638692547697,True,adaptive_D
E0_D,9,2,0.10000000000000001,0.63622940063148359,True,adaptive_D
E0_D,9,3,0.10000000000000001,0.59977271858605496,True,adaptive_D
E2_D,9,4,0.10000000000000001,0.61026907601951286,True,adaptive_D
E0_DQ,0,0,0.01,0.64024777252563236,True,adaptive_DQ
E0_DQ,0,1,0.10000000000000001,0.63398187381985782,True,adaptive_DQ
E2_DQ,0,2,0.01,0.62230440956349464,True,adaptive_DQ
E2_DQ,0,3,0.01,0.6492266962486164,True,adaptive_DQ
E0_DQ,0,4,0.10000000000000001,0.57225773521208034,True,adaptive_DQ
E2_DQ,1,0,0.01,0.6439260439376433,True,adaptive_DQ
E0_DQ,1,1,0.10000000000000001,0.6188151972064756,True,adaptive_DQ
E2_DQ,1,2,0.10000000000000001,0.59687200556633802,True,adaptive_DQ
E2_DQ,1,3,0.10000000000000001,0.62004106737222819,True,adaptive_DQ
E2_DQ,1,4,0.10000000000000001,0.59664287892850354,True,adaptive_DQ
E2_DQ,2,0,0.10000000000000001,0.55729012017820445,True,adaptive_DQ
E0_DQ,2,1,0.10000000000000001,0.62695583032386837,True,adaptive_DQ
E0_DQ,2,2,0.10000000000000001,0.63226515576902609,True,adaptive_DQ
E2_DQ,2,3,0.01,0.655238285866383,True,adaptive_DQ
E2_DQ,2,4,0.01,0.62293175801832268,True,adaptive_DQ
E2_DQ,3,0,0.01,0.62633163728535879,True,adaptive_DQ
E2_DQ,3,1,0.01,0.64123953074789242,True,adaptive_DQ
E0_DQ,3,2,0.10000000000000001,0.58672453641427957,True,adaptive_DQ
E2_DQ,3,3,0.01,0.64060844353540025,True,adaptive_DQ
E0_DQ,3,4,0.10000000000000001,0.62258491216681777,True,adaptive_DQ
E2_DQ,4,0,0.10000000000000001,0.53786240856523226,True,adaptive_DQ
E2_DQ,4,1,0.10000000000000001,0.63457678459491984,True,adaptive_DQ
E2_DQ,4,2,0.01,0.64416118121121724,True,adaptive_DQ
E2_DQ,4,3,0.10000000000000001,0.53423601346198579,True,adaptive_DQ
E0_DQ,4,4,0.10000000000000001,0.64728145076796184,True,adaptive_DQ
E2_DQ,5,0,0.01,0.6099468230152385,True,adaptive_DQ
E0_DQ,5,1,0.10000000000000001,0.58017651890744881,True,adaptive_DQ
E0_DQ,5,2,0.10000000000000001,0.58485258214910041,True,adaptive_DQ
E0_DQ,5,3,0.10000000000000001,0.64476223325333171,True,adaptive_DQ
E0_DQ,5,4,0.10000000000000001,0.6045725268172909,True,adaptive_DQ
E2_DQ,6,0,0.01,0.63214555379692439,True,adaptive_DQ
E2_DQ,6,1,0.10000000000000001,0.58941478132086056,True,adaptive_DQ
E2_DQ,6,2,0.01,0.63109055891549748,True,adaptive_DQ
E0_DQ,6,3,0.10000000000000001,0.56670592952046428,True,adaptive_DQ
E2_DQ,6,4,0.01,0.64969397921565175,True,adaptive_DQ
E0_DQ,7,0,0.10000000000000001,0.59682373368576425,True,adaptive_DQ
E2_DQ,7,1,0.01,0.62556137706521353,True,adaptive_DQ
E0_DQ,7,2,0.10000000000000001,0.61838085210165639,True,adaptive_DQ
E2_DQ,7,3,0.10000000000000001,0.56061771693020968,True,adaptive_DQ
E2_DQ,7,4,0.01,0.63326407266103568,True,adaptive_DQ
E0_DQ,8,0,0.10000000000000001,0.59495353338503865,True,adaptive_DQ
E2_DQ,8,1,0.01,0.63512391239514787,True,adaptive_DQ
E0_DQ,8,2,0.10000000000000001,0.60903588016763166,True,adaptive_DQ
E2_DQ,8,3,0.01,0.65041217081798097,True,adaptive_DQ
E0_DQ,8,4,0.10000000000000001,0.59804965456699744,True,adaptive_DQ
E2_DQ,9,0,0.01,0.62966382648901509,True,adaptive_DQ
E0_DQ,9,1,0.10000000000000001,0.57610345551889197,True,adaptive_DQ
E2_DQ,9,2,0.01,0.63958508998384445,True,adaptive_DQ
E0_DQ,9,3,0.10000000000000001,0.61221639461084099,True,adaptive_DQ
E2_DQ,9,4,0.10000000000000001,0.61830818471837246,True,adaptive_DQ
