model,device,y,n,mean_delta_ll,median_delta_ll,positive_n
E4,Epoc X,0,38,0.059346330941353949,0.035360200440232664,24
E4,Epoc X,1,16,0.025184453962511504,0.011212241834172694,8
E4,Epoc+,0,17,-0.071591553009035941,-0.0062673780858637836,7
E4,Epoc+,1,25,0.044802226240863392,0.0070750840995063794,13
E4_D,Epoc X,0,38,0.021805253035049654,0.01608596921162158,24
E4_D,Epoc X,1,16,0.10455065494958864,0.11673540094982632,11
E4_D,Epoc+,0,17,-0.017282154271339861,0.034464477578551228,10
E4_D,Epoc+,1,25,-0.010123913674399234,-0.0033428399011398379,11
E4_DQ,Epoc X,0,38,0.010800304303434977,0.018275737009066366,22
E4_DQ,Epoc X,1,16,0.097575524923921672,0.15943468927890769,10
E4_DQ,Epoc+,0,17,-0.032300239126041741,0.023027314545619359,11
E4_DQ,Epoc+,1,25,-0.029653602891049336,-0.030404538776278394,11
optout,Epoc X,0,38,-0.0065515474558695552,0.0071143519283559647,20
optout,Epoc X,1,16,-0.10192526779291547,-0.06147791277271069,6
optout,Epoc+,0,17,-0.10867674916029366,-0.079993754340854428,7
optout,Epoc+,1,25,-0.020551840120195272,0.011251907399107901,13
original_adaptive,Epoc X,0,38,-0.00034789658099109675,0.027681636116196815,21
original_adaptive,Epoc X,1,16,-0.080542914235194912,-0.076826814636836244,6
original_adaptive,Epoc+,0,17,-0.11649454658493862,-0.14023710217962707,6
original_adaptive,Epoc+,1,25,0.020584779430116256,-0.0025335906077012748,12
