repeat,outer_fold,representation,C,inner_logloss
0,0,M2,1,0.53988219228776901
0,1,E2,0.01,0.64219676253559599
0,2,E2,0.10000000000000001,0.60399626044456034
0,3,M2,0.10000000000000001,0.63276498682375104
0,4,E0,0.10000000000000001,0.57557064766669608
1,0,M2,0.10000000000000001,0.60871049338524019
1,1,E0,0.10000000000000001,0.60989061276437373
1,2,E2,0.10000000000000001,0.60059015425280082
1,3,M2,0.10000000000000001,0.62897614914445277
1,4,E2,0.10000000000000001,0.58488617975485269
2,0,M2,1,0.56151965966431561
2,1,M2,0.10000000000000001,0.60651736688467994
2,2,E0,0.10000000000000001,0.61052434523241006
2,3,M2,0.10000000000000001,0.65595705242243652
2,4,E2,0.01,0.62732942323637231
3,0,E2,0.01,0.6314101672098128
3,1,M2,0.10000000000000001,0.60658112257770902
3,2,E0,0.10000000000000001,0.58097179391604137
3,3,E2,0.01,0.64052568864602966
3,4,E0,0.10000000000000001,0.5921420513115897
4,0,E2,0.10000000000000001,0.54979254689253143
4,1,M2,1,0.60020737682587899
4,2,E2,0.01,0.64471435943982891
4,3,E2,1,0.51699154090421173
4,4,M2,0.10000000000000001,0.6322506099891374
5,0,E2,0.01,0.61393807111946475
5,1,M2,1,0.53737858093074975
5,2,E2,0.10000000000000001,0.61164851473972781
5,3,M2,0.10000000000000001,0.64599590535352946
5,4,E0,0.10000000000000001,0.61176979673633491
6,0,E2,0.01,0.63433720480257072
6,1,E2,0.10000000000000001,0.58914706014624341
6,2,E2,0.01,0.63941626113201266
6,3,M2,1,0.55363628232767925
6,4,M2,1,0.59237331427388651
7,0,M2,1,0.59129842998503168
7,1,M2,0.10000000000000001,0.59687441319919854
7,2,E0,0.10000000000000001,0.61976801151061334
7,3,E2,0.10000000000000001,0.54315596782152964
7,4,E0,0.10000000000000001,0.61082812862544345
8,0,E0,0.10000000000000001,0.58280773873328351
8,1,E2,0.01,0.63951002949367974
8,2,M2,0.10000000000000001,0.59170064601151751
8,3,M2,0.10000000000000001,0.64484580238874123
8,4,E2,0.10000000000000001,0.61498516539859571
9,0,E2,0.10000000000000001,0.61812631349419234
9,1,M2,1,0.53454242514008488
9,2,M2,0.10000000000000001,0.62872824100595537
9,3,E0,0.10000000000000001,0.59703691550258098
9,4,E2,0.10000000000000001,0.61720093283545274
