repeat,outer_fold,participant_id,baseline_refit_logit_delta,perm_entropy_logit,hjorth_mobility_logit,hjorth_complexity_logit
0,0,UB0004,0.4144506174760198,-0.16853711594561505,0.11237138237819547,0.0022937334966498524
0,0,UB0020,-1.0939672914376017,0.16413825097445978,-0.095560888558468199,-0.064200326295769397
0,0,UB0028,0.31091176247558933,0.10785986167876863,0.16550479574670754,0.12460772894761821
0,0,UB0066,0.71912259169885862,0.56124826222383639,0.095212013619817154,-0.011609522285827636
0,0,UB0071,0.07135432376570866,0.2620175550074183,-0.21916751040632609,-0.078444771771001467
0,0,UB0077,0.69769328063123215,-0.35860341725826461,-0.16565908690362369,-0.10131553732025458
0,0,UB0080,0.67972371602118531,-0.53507723639246429,-0.22490555345110352,-0.10054588113616991
0,0,UB0084,0.051351393837371528,-0.13471265973873478,-0.06339520278278829,-0.033362139897403012
0,0,UB0098,-0.64398266125325421,-0.92250381351761157,-0.55011091598133854,-0.068556328025769497
0,0,UB0104,0.51692197392510353,-0.4651855965541819,-0.1978944732396723,-0.089855606174903901
0,0,UB0118,-1.0721974744381342,0.19582914266071103,-0.10211574381459845,-0.037673809323406762
0,0,UB0119,-0.62687711723537876,0.71487940273263151,0.082345238721621472,-0.051953866550638987
0,0,UB0132,-0.20874386899285552,0.52089325677891651,0.075856098988584572,0.027344716659687147
0,0,UB0134,0.037534444133206057,0.82061653079054897,-0.01687442871111336,-0.070021673939129753
0,0,UB0140,0.6044499640952895,-0.25451748729689477,0.048781394041872511,0.021944666312108237
0,0,UB0150,1.9178671045465361,-0.20328569505712202,-0.15988682167006579,-0.047721358562087479
0,0,UB0153,0.60410589330442521,-0.21196819700794256,-0.26525373867581004,-0.062556036371617996
0,0,UB0156,0.67252152709041824,-0.33782205477034954,-0.0099081017904349422,0.046595248314365977
0,0,UB0162,-0.36660929280175614,0.4675825296163999,0.13713381907269728,-0.071887811556531109
0,0,UB0172,-1.0092240423904149,0.31379301510054691,-0.030056193408020678,0.03857662288160936
0,1,UB0021,-0.40569402066769744,-0.26347699588255324,0.044828951012580769,-0.013853224791275435
0,1,UB0039,-1.0668104088648871,-0.66298156500896821,0.03605739971043101,0.06514134485999086
0,1,UB0047,-0.049242680309318387,-0.67653428019890138,-0.11834008466242865,-0.028700393218479198
0,1,UB0051,0.65632067041224829,-0.15470514476217329,0.058118820669698451,-0.053978578883847286
0,1,UB0052,-0.42343142940684864,0.020832775823240272,0.1232580989268053,-0.072006965836631992
0,1,UB0056,1.2915076829933256,-0.45761102817893651,-0.014765920378495334,-0.094196281712958782
0,1,UB0065,0.97936431729491424,-0.00087123079337639298,-0.057179025620305704,-0.074519704486156191
0,1,UB0073,0.15378300150766233,0.21038228048842988,0.024741030151950019,-0.053051255500000324
0,1,UB0074,-0.43220863037291513,-0.41028968910878011,-0.040485270951538858,-0.094583754009382875
0,1,UB0079,0.28487808032214312,-0.21326953154714354,-0.13001966400268339,-0.13657725384246538
0,1,UB0081,-0.14786049095145787,0.38895571620421299,0.042656405101645388,0.06132495797489014
0,1,UB0099,-0.85516739850610679,1.1604016734072138,0.090859785657301656,-0.061752958662957713
0,1,UB0103,0.16100570491587202,0.53040861784979221,0.15594362697916353,-0.051068882349660213
0,1,UB0138,-0.51022750323531518,0.49703969609676335,0.040738266323649741,-0.097464492178562734
0,1,UB0161,0.14901584133470669,0.22731019368314256,0.23548116782564818,0.051151008499753348
0,1,UB0164,-0.57054934381358025,-0.3765472080030221,0.11059200457130286,-0.12979884535039074
0,1,UB0166,-0.61166829782920851,0.043704270750956224,0.11283806866742188,0.073350669905107468
0,1,UB0169,0.69846080735344063,0.035184890028625002,-0.063658659487968838,-0.043844866126739199
0,1,UB0173,-1.1273124473664011,0.2085904300565399,0.13229432316957163,0.044691483217751876
0,2,UB0023,-0.47945507469939691,0.064678685216000648,0.0091772323559652091,-0.028173249676809259
0,2,UB0024,-0.46808360680258104,0.26278462244567247,0.30966900973070366,0.39592300303272826
0,2,UB0030,0.40086506232321978,-0.40504957562110311,-0.82735951417432885,-0.44314828067920542
0,2,UB0044,0.1708857106273981,-0.22775897443720827,0.015164633518859362,0.09137508262078925
0,2,UB0045,0.47129660912701049,-0.37095930653122261,-0.045978889546910123,0.01588689051688795
0,2,UB0049,0.35330243299250003,-0.33648283044492461,-0.065057442901590101,0.017305036457625676
0,2,UB0057,0.16186117380689202,-0.29956525458864741,-0.39405314255511131,-0.22631976588074659
0,2,UB0059,0.0049963953426291619,-0.009273424534119605,0.077464007590526004,-0.057176652109537388
0,2,UB0070,0.12774915383883773,-0.32341517750979254,-0.091457158030881835,-0.017557880867817267
0,2,UB0078,0.06507855118999549,0.013896095126715004,0.064506056367292203,0.05176718670035698
0,2,UB0087,-0.072621947256370695,0.27417048183858211,0.14583463393535284,-0.0077446108721138038
0,2,UB0109,0.22455835434448129,-0.27186818670687701,0.059208253966910492,0.094016276569257706
0,2,UB0120,-0.054983163631459067,-0.020698170603401678,0.015154359354941804,-0.068488991124532161
0,2,UB0122,-0.21204517832604142,-0.18028551956923813,0.37157920968605096,0.31011194688538307
0,2,UB0126,-0.16045702280030938,0.014367012391389697,-0.069891746979159008,-0.017201395238255604
0,2,UB0144,0.013084365457471936,0.2148276613373733,0.064835330002782771,-0.035210969983947613
0,2,UB0158,-0.19541379388670627,0.0014631054793686343,0.34869145559981451,0.22569506886269136
0,2,UB0168,-0.60416117733897345,-0.24493714509009029,0.12655646060375964,0.19100076942782973
0,2,UB0176,0.11225108809323181,-0.3175287670928657,-0.15418227223444728,-0.12090551618194299
0,3,UB0007,-0.061443465877830061,0.46505131601325,0.14179149789365911,0.15944770540204151
0,3,UB0029,-0.21924139350949029,-0.29659363683948581,0.084250703309271299,0.0040322296969064614
0,3,UB0032,0.26983955564231366,-0.35971150441357513,-0.12429719860005814,-0.044513847193853991
0,3,UB0034,0.25462540856592786,-0.88679163791931837,-0.48179134971453003,-0.18608557408133608
0,3,UB0035,0.24370806613552515,-0.71894283016078764,-0.67596601006164281,-0.31580950958322196
0,3,UB0042,0.39694095845208771,-0.58436798618501085,-0.45772938456507889,-0.25893771557871675
0,3,UB0046,0.35722390280920191,-0.63045306575185267,-0.17522338236419219,-0.14706596177107356
0,3,UB0053,0.057410112359551332,0.33097320622952692,0.027251298477852667,-0.0082764984873958079
0,3,UB0060,-0.026426713845318653,0.11972615717300492,0.040462518126594467,-0.059916095588773269
0,3,UB0072,-0.31475436481965691,0.31335716926557355,0.1428107007842068,0.0054886794456134799
0,3,UB0100,-0.29930525441371769,0.2646390719217111,0.21837806782967534,0.23474130101121377
0,3,UB0102,-0.10028145274315678,0.85819194973612822,0.064385911612584196,-0.090856829672476047
0,3,UB0106,0.20742375678929226,-0.55875508614709624,-0.22446459064044436,-0.19444952129251389
0,3,UB0107,-0.046579964746519251,0.11184331338083195,0.24434442747146437,0.097079411936309645
0,3,UB0124,-0.34765395873884436,0.65722640386634978,0.31362826408426236,0.23360108618691139
0,3,UB0128,-0.86953686364318683,0.48062951134168364,0.21000421785647932,0.077722415706565656
0,3,UB0129,-0.24301308702221994,-0.015636517652442485,0.11410670061575642,0.056530576109805691
0,3,UB0131,-0.10454135042942722,0.43246548799533596,0.32054432124721688,0.37575081380981856
0,3,UB0143,-0.27599649852181279,-0.20227523431967692,0.1500195749783938,0.19289102281773166
0,4,UB0054,1.5445362349935308,-0.78992018767019601,-0.097097856475612782,-0.10036113939151928
0,4,UB0061,0.18754468230580257,-0.60894174601932471,-0.15936410520304675,0.047050004806375827
0,4,UB0063,0.31109665107575324,-0.7070220683666848,-0.11756187097825592,-0.14229829791890214
0,4,UB0075,-0.027239134326954795,0.74343176965564695,0.27875309494006811,-0.03225164161038524
0,4,UB0083,-0.92371228717286435,0.57212520291065116,0.26864899489708294,-0.052731231267789391
0,4,UB0085,-0.15093305267743884,0.32362280064594651,0.10314200510869036,-0.33726299496366008
0,4,UB0086,-0.3076825416860659,-0.37888560705445906,0.025569068283508446,-0.077680053219117515
0,4,UB0089,0.65332821293163723,-0.61008817112248614,-0.332706889256705,-0.010221237717417841
0,4,UB0090,0.35102009894585173,0.71392873189429873,0.11551417571046249,-0.031484437177886349
0,4,UB0091,-0.3607153519040871,-0.26669068393501194,-0.16646154513832048,-0.035300975505296844
0,4,UB0105,0.53749514422782352,-0.71532245301213582,-0.12424191575567489,0.15005613169304602
0,4,UB0115,0.014126271044448219,0.30337234881031738,0.12433213791333875,0.00091213494219024444
0,4,UB0127,-0.71013452580642211,-0.47670121951287303,-0.3365243803013156,0.13307457082580032
0,4,UB0133,-0.027833168107596784,0.072792632437488347,0.16199041379234455,-0.049977912088056325
0,4,UB0139,-0.54036328918573973,1.2657041731207486,0.25086409687133887,-0.036208416608257708
0,4,UB0142,0.1730163995681456,1.151309823761467,0.44081474334831738,0.052545218612606637
0,4,UB0147,-0.63582407770676097,-0.0029044493361859158,0.077675285722357476,0.13449293141162857
0,4,UB0154,0.20185036633861478,-0.40729653682079481,-0.075863758961105643,-0.10305329077346982
0,4,UB0170,-0.32627357540336821,-0.19712120564811209,0.16239482369213865,0.23528743042205824
1,0,UB0021,-0.10976628496744417,-0.20885577898535812,0.022649352802707808,-0.015415782028665143
1,0,UB0042,0.39484868465223089,-0.52813754594349005,-0.44800685283449243,-0.33247912169301957
1,0,UB0044,0.20821223265875261,-0.30457204242062108,0.023931610305811514,0.02327469987172133
1,0,UB0049,0.36659687396586721,-0.49378907847661685,-0.096344132753233849,0.0084981231045284586
1,0,UB0054,0.094904963898016337,-0.52268813251195045,-0.19148433707939294,-0.19050919686356807
1,0,UB0061,-0.035735072571963289,-0.42255972155651456,-0.045139569287273695,0.069146622655864715
1,0,UB0071,-0.04163744917495997,0.29127938821428595,-0.18663450949105792,-0.13477290501364655
1,0,UB0072,-0.34798859197244436,0.31254211702870205,0.20278042202380578,0.096036554996019222
1,0,UB0077,0.19973124261659478,-0.34119892840576149,-0.13993332862874336,-0.13200740782609383
1,0,UB0081,-0.15739615526656908,0.32558178500297352,0.038806738938642706,0.052687247381722764
1,0,UB0084,0.21639444979322681,-0.12288350876501178,-0.02465044245403895,-0.039538815657768282
1,0,UB0087,-0.062326789147455361,0.97953887099921422,0.15312077902291146,-0.0086165294542095358
1,0,UB0099,-0.32960632841302312,0.99138415716392958,0.093974035024169969,-0.099564265614742659
1,0,UB0104,-0.03869482723811539,-0.46945919219260712,-0.19916398593003051,-0.1324075178968952
1,0,UB0124,-0.30020938413335801,0.63615935250640809,0.28028742756292174,0.081155859998424479
1,0,UB0126,-0.1870213995129828,0.1382165800142364,-0.010671006520728228,-0.029116793465700834
1,0,UB0134,0.16337197934177339,0.86841694060717245,0.034404129832906818,-0.11241249932773395
1,0,UB0140,0.16159881097660328,-0.26652137383935126,-0.0014293010420535213,0.0089716903124648084
1,0,UB0150,0.48423504182191573,-0.14301007968655757,-0.13626196961363954,-0.083772813916193165
1,0,UB0168,-0.61900442769800323,0.063129063689332202,0.099598919468097902,0.084824364983383166
1,1,UB0023,-0.60753327121765344,0.0049703012848385519,0.061100385995483036,-0.019495773314986961
1,1,UB0024,-0.56548157822891054,0.60600023106135603,0.4038257408194707,0.47872983580743256
1,1,UB0029,-0.32340378090942362,-0.19906423503792711,0.147504159434548,0.1183289779571661
1,1,UB0032,0.38254853836936076,-0.32955829597496761,-0.15247425488093955,-0.10911333161990128
1,1,UB0034,0.50570710883166115,-0.78841092841465166,-0.54769268633627588,-0.32122387132690744
1,1,UB0053,0.071750253296810229,0.28556964990527395,0.0048002370869341324,-0.051695872683542872
1,1,UB0063,0.0042053651040796025,-0.44284520094498703,-0.17713610687500109,-0.056071376956735738
1,1,UB0079,0.01826571515111329,-0.17675008558387362,-0.065384627944980095,-0.025579529872619924
1,1,UB0089,0.36780009057609264,-0.44038246938766912,-0.19612593104190618,-0.092760149766629052
1,1,UB0090,0.4302826274854521,0.52623251877265431,0.036679223893080516,-0.026327696419373565
1,1,UB0091,0.15979830749588134,-0.15424742003465242,-0.1171898430810108,-0.17650559589563158
1,1,UB0102,-0.12848567232621205,0.78299552419519503,0.084223910806808869,-0.0086288478298251758
1,1,UB0103,-0.23292740666139036,0.49485303015216181,0.21627795102903019,0.090969110279545157
1,1,UB0115,-0.11351036884065774,0.30135760048773658,0.058870694286120163,-0.13944008735799088
1,1,UB0118,-0.33006598892016209,0.24491750039212043,-0.032357127670535786,-0.081921162062791861
1,1,UB0133,0.0019422031398424328,0.20083903540614254,0.10091120703462411,0.073147712395038839
1,1,UB0144,-0.034308448186423396,0.86086037861980824,0.091281116850442393,-0.046782159857968408
1,1,UB0147,-0.35082381103473748,-0.033347584134226824,0.23659266768865811,0.26883905596170671
1,1,UB0172,-0.084835081910145896,0.35128548942992588,0.074675619718657993,0.071261771445547656
1,2,UB0004,-0.015808390345166783,-0.26963009295429041,0.13599682766158214,0.053339365670239759
1,2,UB0028,-0.28816575376269693,0.12880798977775254,0.18192910711023302,0.072786536609763697
1,2,UB0045,0.44460792226157392,-0.8863217420913333,-0.028446968268067002,0.090571938886560482
1,2,UB0057,0.16504783954682281,-0.61976353045472843,-0.34237101643739598,0.15029671401776612
1,2,UB0060,-0.16844232228913328,0.16584032890317452,0.076154804098239076,0.14249443126224809
1,2,UB0065,-0.11675291736267703,-0.011461193796981003,-0.064536816356417184,-0.092432751403392244
1,2,UB0080,0.27047230454385024,-0.76405795606421778,-0.25818604262195466,0.033203796127938751
1,2,UB0083,-0.27046202889088466,0.52662477928489371,0.10430871265105696,-0.13159215771975438
1,2,UB0086,0.10760054693235709,-0.39761144858962905,0.025069903150102737,-0.052382276849513458
1,2,UB0098,-0.62637973791132762,-1.2316930831571482,-0.72146894662378336,0.15089752755929881
1,2,UB0100,-0.25624179917699141,0.32456422175144511,0.10323313112638856,-0.22976149863627876
1,2,UB0106,0.27587078377329721,-0.64881810433351494,-0.012405805007074333,0.17842298435318579
1,2,UB0128,-0.58695921731295309,0.68452558025823596,0.12639963988183434,-0.022291104836165386
1,2,UB0138,0.10579127645171914,0.61678285999335913,0.03319641782899127,-0.10848526089778633
1,2,UB0139,-0.1893072719716449,1.1567895583654944,0.152059230162533,-0.014291729685821038
1,2,UB0154,0.030117327336211756,-0.4229400025512613,-0.11522626750259599,-0.089948561181094608
1,2,UB0156,-0.41006611760351103,-0.48765711545463702,-0.031264073224645528,0.15050705799645961
1,2,UB0162,-0.3595809131249435,0.47505000188273483,0.18798158283043109,-0.12232149627352965
1,2,UB0164,0.060888913070254846,-0.43125681918780995,0.10197859128273855,-0.21246701683467001
1,3,UB0007,-0.043510855648397864,0.41019013020305417,0.01858919095210268,0.047874040798151885
1,3,UB0030,0.31705911379558815,-0.62449533738000695,-0.78708733355570493,-0.43692737177660668
1,3,UB0035,0.316559743635624,-0.7302675026054275,-0.73752044040672005,-0.47853586174966206
1,3,UB0052,-0.15165613443328968,0.0015105388244022119,0.08400476380462793,0.24335121192055142
1,3,UB0059,0.074838747468182754,-0.061646508172713325,0.073265720696218339,-0.049531267952222235
1,3,UB0066,-0.05493253637049518,0.85742384023529972,0.15690002655315305,-0.0086867790936216438
1,3,UB0073,-0.047953809816617982,0.23967293312073856,-0.010560105662036828,0.033597421059091387
1,3,UB0074,-0.0099833122374401451,-0.38135978371654367,-0.090659686809749923,0.015518973752434634
1,3,UB0075,-0.094838929081522194,0.65636876760340401,0.12528517907509257,0.044201547139565672
1,3,UB0085,-0.33288409295434307,0.29173743534131336,0.043002038431759426,-0.26021893655404371
1,3,UB0109,0.31703459256794458,-0.41224579713129195,0.066800527388561515,0.13220678570259892
1,3,UB0119,-0.12262729531089769,0.98775781043979971,0.13620216572526705,-0.075882255717511518
1,3,UB0122,-0.31500634581173093,-0.33390791395688957,0.34682887951435692,0.35759168881054748
1,3,UB0129,-0.32432454210957451,0.12981951601847411,0.10116126054064273,0.038405526238920004
1,3,UB0131,-0.13245601292035347,0.59866833934738795,0.17268892681607551,0.17769617572237018
1,3,UB0132,-0.25741898851767836,0.59843491275035121,0.12160144024607991,0.0098325780551461288
1,3,UB0142,-0.099471193630676649,1.0554914651458236,0.25734124735426678,0.1716295902212065
1,3,UB0170,-0.19996917183279295,-0.10211056856045946,0.25787942475384823,0.27009931911710361
1,3,UB0176,0.24402510062389182,-0.54671116268221454,-0.15345076613963896,-0.13977509979395192
1,4,UB0020,-0.36675322570433566,0.061845033202740179,-0.12935783895757411,-0.0049567770371800463
1,4,UB0039,0.019165746398055933,-0.47418038024670267,-0.055931981161723307,0.018472835760612753
1,4,UB0046,0.30881844106229417,-0.49162075661392352,-0.41243875196477131,0.0014616767070382009
1,4,UB0047,0.19941375102846459,-0.51145623063354062,-0.16634346528192831,0.012056162654565793
1,4,UB0051,0.090474083194857252,-0.1298861996707828,0.10680131081216712,-0.0023582347572131679
1,4,UB0056,0.42252723902781075,-0.36759762261170331,0.019253848977873217,0.014940388924768257
1,4,UB0070,0.103038701472062,-0.033269036561227795,0.066449379900503217,0.0192281998554533
1,4,UB0078,0.084608090639607711,0.045390817942742495,0.10586503713570225,0.010492727063106916
1,4,UB0105,0.042927463487861812,-0.47133051517178781,-0.033389265700064188,0.060712531800524078
1,4,UB0107,-0.062937211771228949,0.29362831243840481,0.32490968548699473,0.11318644400813301
1,4,UB0120,-0.071772133170390551,0.14488173840963028,-0.16996652902263842,-0.014229293947869807
1,4,UB0127,-0.28956516712746022,-0.34887816455166704,-0.31925994588857259,0.043057397730482366
1,4,UB0143,-0.40434312166681696,-0.14728807273253669,0.13274648006934781,0.030687227050080292
1,4,UB0153,0.026101388526501467,-0.2899949708467634,-0.27593595016810185,-0.040882541839667469
1,4,UB0158,-0.20502324640737044,-0.15414130975326951,0.16380496780350351,0.067286304753858661
1,4,UB0161,-0.45190770957902149,0.18764864086255179,0.28710558176401157,0.06793844038188121
1,4,UB0166,-0.18296054923759525,-0.016898429442623819,0.13292696447203076,0.047692831263504799
1,4,UB0169,-0.045194787808436346,-0.079122827669816473,-0.034514960047276583,-0.012632822037636493
1,4,UB0173,-0.35030103656653927,0.090102624945331555,0.16479238773122973,0.049906912834892334
2,0,UB0060,0.28949387151414835,0.088224379051548285,0.11944989387472894,0.1138839144022756
2,0,UB0061,-0.29254888426402964,-0.36659729891795334,0.0054539687294897776,0.099333858932633676
2,0,UB0066,0.89105599276814917,0.7637959948175157,0.20766700227467561,-0.049867092628299789
2,0,UB0072,-0.58560974435054358,0.36693134709112274,0.25784766800670222,0.11618546083092887
2,0,UB0078,0.22752511358334318,0.10591038171668941,0.098008125590156134,0.029619955052959449
2,0,UB0079,0.063265845601573917,-0.25080914190411541,-0.12495514587621764,-0.10441675145802232
2,0,UB0080,0.64631594271512705,-0.52696094125398596,-0.28209458827949585,-0.037284900406980959
2,0,UB0083,-0.70369242693897471,0.36865856750908876,0.1427635589679139,-0.050929902252041206
2,0,UB0086,-0.65072525943667503,-0.23483445363007432,0.077041219334254479,0.018617136425642236
2,0,UB0102,0.11173120540599397,0.68358951012558444,0.091461462695265047,0.07695876550395736
2,0,UB0103,-0.046258324373517908,0.60090834167206464,0.19261838987590243,-0.027809234976672911
2,0,UB0122,-0.64965929490602248,-0.20528943210485145,0.28939202890265847,0.27348597420034365
2,0,UB0128,-3.4875338961148121,0.56906750838281139,0.17506410617583987,0.016428475012479862
2,0,UB0142,0.33973095271924825,0.9496645153972576,0.30940274874788887,0.05241524429567436
2,0,UB0150,2.0182482659411591,-0.19038444229656548,-0.13695731405522005,-0.037742763596585974
2,0,UB0158,-0.34038166279527671,-0.059512779881606338,0.306773235303122,0.14660208904037092
2,0,UB0168,-1.0431449430967152,0.0090261757782447178,0.14403491856141931,0.11933315450950785
2,0,UB0169,0.6574945398276576,-0.030171138096280768,-0.065482788792208535,-0.023203874827595079
2,0,UB0170,-0.056183874089834204,0.010024065714257055,0.23566099515074646,0.12941920948762453
2,0,UB0172,-1.0780369609446414,0.32799995032398743,0.028552282243882024,-0.0098537754178118497
2,1,UB0028,-0.33171183342156463,0.11250785214859556,0.25054405218444759,0.15894496874134698
2,1,UB0030,0.43395822294429309,-0.46534200904099554,-0.79665341146529367,-0.52552030189606658
2,1,UB0032,0.507017231971852,-0.30237006814488515,-0.23975383245268428,-0.11617149862357347
2,1,UB0044,0.31533650478812286,-0.25468404657503801,0.0026955805454799558,0.072370088423116347
2,1,UB0046,0.41240528070742433,-0.47473628092902298,0.11475513330511178,-0.079116729461141844
2,1,UB0056,0.64294198512180345,-0.34481749826134778,-0.068031772304155122,-0.010439097725234707
2,1,UB0071,-0.056705518662759941,0.20830866159174866,-0.30510777412418411,-0.1578908386420648
2,1,UB0073,0.039865588109897945,0.14779854379145518,-0.037492222218902263,0.040973009255188923
2,1,UB0075,-0.13094554611972267,0.42288605304591886,0.10063962408636459,0.12269705295318009
2,1,UB0077,0.34624435399762343,-0.32075904844356584,-0.2242264256043387,-0.097134370052844476
2,1,UB0098,-0.66265344527571246,-0.81844129419958445,-0.6804601843885959,-0.48543869784031068
2,1,UB0100,-0.326786264485663,0.24539811192583172,0.044836260120941551,0.12698227656013267
2,1,UB0109,0.36874786515826802,-0.2819911668785231,0.049347124342150557,0.057701109873752224
2,1,UB0118,-0.32710224624464568,0.16443863244248036,-0.13433320748120814,-0.089205074888793645
2,1,UB0119,-0.035598404432459069,0.65795024848009909,0.10835208934028567,0.04140040479147801
2,1,UB0124,-0.38828609869105984,0.61324258382852159,0.23886639202837595,0.21588251117088952
2,1,UB0134,0.18690396571415568,0.7324404256540431,-0.023327326187371461,-0.13432794388472954
2,1,UB0144,0.099611157764619415,0.72040403380532436,0.049485182254996762,-0.068549414958647123
2,1,UB0173,-0.42201519870017468,0.17512500149814164,0.11082778242502678,0.078377104363935371
2,2,UB0004,-0.018940512914084669,-0.17467720749020818,0.20294059845965617,0.20325800584319503
2,2,UB0020,-0.40121100651576191,0.085591523286098731,-0.13675015200314602,0.031200645107539005
2,2,UB0024,-0.49425503776907209,0.44245075040870563,0.4693863701760862,0.00050799086046338093
2,2,UB0045,0.45140948127509345,-0.61370193735861445,-0.0098883861793669647,0.24145378506295928
2,2,UB0047,0.27041038082694702,-0.53014378431931031,-0.16841105103491352,0.088420999777269388
2,2,UB0054,0.15685590553525938,-0.54550079150868824,-0.081549943339375569,-0.12036955842007729
2,2,UB0059,0.0063351481093356643,-0.083404481153697307,-0.0093550137988831113,0.035196272675009813
2,2,UB0081,-0.20111070646032841,0.26640951137126334,0.079686951910068526,0.064239536783576051
2,2,UB0084,0.20419212860575622,-0.10885519403032153,0.0091209678244980226,-0.11176249609899842
2,2,UB0085,-0.26805329750005391,0.20984545712619013,-0.012777737780074266,-0.52579153181662674
2,2,UB0087,-0.096715889130677635,0.75942682180463539,0.27116664708613342,0.013455468370901929
2,2,UB0091,0.13898296901214441,-0.18651535265035118,-0.14190406544048742,0.01676997095244151
2,2,UB0115,-0.12451075575839744,0.20919890786414738,0.14053131459367535,0.02629854490490182
2,2,UB0127,-0.37329356566075267,-0.33359778758490533,-0.41067913528152605,0.20153703738438325
2,2,UB0129,-0.27050225372194869,0.089339156734748529,0.016884175911917959,0.0049745048615055312
2,2,UB0147,-0.33150031181343081,-0.012649677236990398,0.030008263467371177,0.14481664397764279
2,2,UB0153,-0.026497049247260498,-0.21787297791097721,-0.30453513105737817,-0.10472956006126879
2,2,UB0154,0.048338591860183584,-0.29040879306968359,-0.094282914224252182,-0.12019334540274852
2,2,UB0162,-0.46412065351026721,0.3647509872960718,0.29412118445574836,-0.052461568406748746
2,3,UB0021,-0.15466543129356958,-0.34143775442372298,0.012681770515404464,-0.041061747535247786
2,3,UB0034,0.4479818143039529,-1.0508584617159942,-0.54713911535882476,-0.31398763615415837
2,3,UB0039,0.23834548904095004,-0.72727420486439254,0.053474366074211958,0.075906576179010796
2,3,UB0042,0.49447857196793193,-0.78650613152650539,-0.46365026348576055,-0.25622772120818393
2,3,UB0049,0.47922334852686638,-0.69428155946639225,-0.080834106153800142,0.053873094117099139
2,3,UB0051,0.10881740479266332,-0.18871739362706458,0.040440642447052394,-0.071469178225371424
2,3,UB0063,0.017806815363333148,-0.73040396223703974,-0.22489796500636589,-0.17702463131980931
2,3,UB0065,-0.10190101529697129,-0.041402230135798829,-0.072803306694793721,-0.070744703089831121
2,3,UB0070,0.14694341738655262,0.022290647726465732,-0.086670113845439697,-0.056257770327673179
2,3,UB0074,0.073749325684829628,-0.47719779997010175,-0.077700475876602976,-0.12936962428555593
2,3,UB0090,0.40232309959401846,0.6572182127804701,-0.037873099568564939,-0.073825343467036925
2,3,UB0099,-0.35319104109262245,1.2757546476831949,0.068621029236563671,-0.060043127723470494
2,3,UB0104,-0.043654098348897649,-0.69483721073429006,-0.20585177708668312,-0.14041557803011806
2,3,UB0132,-0.23968830667963928,0.60697481048715596,0.093094519077023846,0.037791479621140704
2,3,UB0138,0.14874251804541114,0.65867292174039638,0.041699670038544509,-0.099408761533829035
2,3,UB0139,-0.12003932070695802,1.2501002833781523,0.16863174724780064,0.042226152606080258
2,3,UB0156,-0.40389135904591539,-0.51695571854417288,-0.046870572458259152,0.11599668331036422
2,3,UB0161,-0.21147804484307089,0.25945730093074637,0.20239440987154081,0.014564489039342765
2,3,UB0164,0.093742002282292833,-0.39924531527274437,0.093297077852577681,-0.17753910722712113
2,4,UB0007,-0.0081357001126724088,0.47350982057229563,0.1782568164796631,0.2298022058870218
2,4,UB0023,-0.65468556924193921,-0.068078196515894807,0.073785790043119207,0.061674107379712087
2,4,UB0029,-0.23286990118649747,-0.35294648943187801,0.00028027636066402239,-0.011239769281489662
2,4,UB0035,0.30999007076483587,-0.76502116977757684,-0.72175183350316829,-0.45385967005862432
2,4,UB0052,-0.19014515924706563,-0.011980740936091406,0.15127420887786935,0.28253115469686907
2,4,UB0053,0.056372426167625729,0.33464578361386033,0.036115156539806174,-0.0023943199511300434
2,4,UB0057,0.17654069764718408,-0.5782138196128821,-0.75443432172607239,-0.47149046501988712
2,4,UB0089,0.33512970975570605,-0.56042969221022387,-0.29944151974069649,-0.24129673917082989
2,4,UB0105,0.072555742571248583,-0.61610209951948858,-0.27575082780562377,-0.17990613604079991
2,4,UB0106,0.26775299837119571,-0.61312115763321218,-0.34634744657064087,-0.2435291445411068
2,4,UB0107,-0.06398106669383051,0.05386186992103259,0.19571612743884201,0.14755218340077275
2,4,UB0120,-0.093123704554989667,0.36634804475366123,-0.087141726021677607,-0.21021442734061621
2,4,UB0126,0.023624754820396304,0.17757655769479805,0.074212174090333705,0.050575734262533617
2,4,UB0131,-0.14042521318247891,0.43337398146403139,0.38545957761818983,0.47797404594568915
2,4,UB0133,-0.046206364975811917,0.20171966434678734,0.13623454750176897,0.15669067588005392
2,4,UB0140,0.12538064673285676,-0.37928620375305133,-0.15531101328430802,-0.13634569970133786
2,4,UB0143,-0.36186479920530301,-0.23789301145529163,0.15760362108195539,0.24753209795076683
2,4,UB0166,-0.22446844414997083,0.046891594570236096,0.14194957850459461,0.1686026985113358
2,4,UB0176,0.20644735906772138,-0.59882776765871926,-0.25073528827203284,-0.2001121925263013
3,0,UB0024,-0.48186873107204486,0.52584871678577749,0.32939937227961325,0.025756522017119976
3,0,UB0034,0.23824953995701248,-0.92710949226559314,-0.55828594799705711,-0.45263974491443859
3,0,UB0035,0.22775631564185406,-0.72226272596763286,-0.70541556607869249,-0.27757425469266295
3,0,UB0049,0.30768065878732404,-0.60462285092504264,-0.08787325234767504,0.077083124894215913
3,0,UB0054,0.32799879514209218,-0.69865779007265627,-0.19606581622351923,-0.23236294047865391
3,0,UB0060,-0.049105030317759799,0.22423407827826183,0.080852475360084844,0.17167550537711618
3,0,UB0066,-0.1169144487898794,0.89675519359015898,0.18508299086765145,-0.15298625462054558
3,0,UB0077,0.23260168350936397,-0.34787837477660033,-0.14593889912269697,-0.23265612798653193
3,0,UB0085,-0.3462156479517855,0.31250195868022246,0.067934561403323115,-0.42335220432808424
3,0,UB0086,0.046651753454384388,-0.34252766182066419,0.0463441674451011,-0.088152611415414528
3,0,UB0099,-0.29600925458189986,1.1341720870064902,0.096320921616885644,-0.11591150784119651
3,0,UB0109,0.25598918279879085,-0.48412309361343925,0.060460073159320914,0.059745772475510592
3,0,UB0115,-0.028322804486653235,0.23913923882592122,0.066360876662619972,-0.044609410666594976
3,0,UB0126,0.15722308930004211,0.21188007549701443,-0.01382786051171836,-0.097371715114254936
3,0,UB0131,-0.11192369494590937,0.66894339551273707,0.2177152728501692,-0.082018175929759241
3,0,UB0156,-0.21544163420185525,-0.43157072459418155,-0.049063266983707762,0.18644993636251794
3,0,UB0161,-0.4483975193065784,0.19571823961079607,0.24248172111992911,0.12083331181053847
3,0,UB0162,-0.2325753457275001,0.39286916391581195,0.20490143608800682,-0.11534733798680633
3,0,UB0169,-0.066874572675871269,-0.034542259959037598,-0.074630332149230649,-0.069423294295071394
3,0,UB0170,-0.139824324011454,-0.22435334255028905,0.19128975502604623,0.27295743419956264
3,1,UB0007,-0.032853306952461234,0.41958051913906036,0.080779513813113574,-0.023707924251091181
3,1,UB0020,-0.28334086876522335,0.16423432843751501,-0.10244719679617588,-0.0079125830849098022
3,1,UB0029,-0.18461683155332703,-0.25713967559468726,0.15934122425390276,0.11595407636582734
3,1,UB0030,0.25589649506315604,-0.45409419881271396,-0.68926513691302471,-0.063525127688516203
3,1,UB0044,0.12038680847374028,-0.28371121230061053,0.031048484008199404,0.023243811291406836
3,1,UB0052,-0.11983078034520205,0.051561177283340448,0.10851543640221736,0.037289186295910728
3,1,UB0061,0.015250213188161485,-0.39952921214329151,-0.031364709827902224,0.033840798332533409
3,1,UB0083,-0.18290261869882607,0.35880064662548639,0.13018751885628729,-0.024788368519149374
3,1,UB0089,0.24593908588615676,-0.39862403349453224,-0.13047490125271877,0.0085438710376834481
3,1,UB0104,-0.04896640028022882,-0.38579739700040494,-0.15061939027313009,-0.061264230341325082
3,1,UB0107,-0.032865754816831433,0.046691417045053418,0.26612921296051606,0.12152284080049879
3,1,UB0124,-0.26423126399580971,0.55503778248830526,0.24842878845764396,0.023912760936746533
3,1,UB0128,-0.39951857660026435,0.33944867163736453,0.14455227898201781,0.011830797569506925
3,1,UB0132,-0.19003347322217762,0.48641402282288476,0.10022332300737982,0.0093139196525468086
3,1,UB0133,-0.015232635543010631,0.23003177142789297,0.065733034364968371,-0.023191830267718247
3,1,UB0142,-0.10318558401382537,0.74643067401029106,0.25425877824389592,0.027127276975597386
3,1,UB0154,0.01670210852775611,-0.28298246070484062,-0.078463459274230637,-0.045842325963392438
3,1,UB0164,0.046187915132262364,-0.3393445926525282,0.12515864472899529,-0.023789164979069188
3,1,UB0173,-0.27323476267720376,0.20152917246367735,0.10314161944386011,0.049095792230561479
3,2,UB0004,0.047734129689026891,-0.16755543738767648,0.17706162607628972,0.084982642205856954
3,2,UB0047,0.45734970532780367,-0.60337177693087996,-0.18199417500084808,-0.076098437063449473
3,2,UB0051,0.08546067951567754,-0.11147396075510185,0.087437960038877272,0.031879243180237396
3,2,UB0057,0.20917279743333775,-0.48463500712427648,-0.46454506397342143,-0.13862461565394185
3,2,UB0071,-0.12958542563557712,0.42223680314467466,-0.18756829468236241,-0.096313802696370299
3,2,UB0072,-0.50236039492652396,0.31108274879073206,0.29359554118605047,0.098878496529835172
3,2,UB0078,0.12341599094702302,0.14203518232012396,0.095018014425697211,0.023088039526666982
3,2,UB0081,-0.24251281445438844,0.3718618125365552,0.053493528513495252,0.029494747038962127
3,2,UB0087,-0.076872883526575009,0.99319553266736316,0.22659625742607842,-0.011787641837647848
3,2,UB0090,0.58147304780241982,0.62111339337395777,0.042277451481692326,-0.021094032366529035
3,2,UB0098,-0.71427284228115862,-1.0029173523296306,-1.1038826745767119,-0.25565009316299914
3,2,UB0102,-0.12303321646726222,0.85045417206404905,0.021791441465767156,-0.021492943295736158
3,2,UB0118,-0.33749658852680559,0.43377360090852457,-0.08990475487145469,-0.046833237123156402
3,2,UB0119,-0.026822910692787895,0.95257276843066896,0.23569808501512535,-0.024688467278086233
3,2,UB0127,-0.42730269696511525,-0.35991000516372534,-0.20230455383562615,0.063946321291396852
3,2,UB0144,0.096322593491043412,0.84730431144013396,0.12912859673040644,-0.027838670484002702
3,2,UB0153,-0.04290560296141388,-0.22166965165266428,-0.33338587513021578,-0.11924633645279897
3,2,UB0168,-0.83140247597256334,-0.017041513798644797,0.21582818681889704,0.10919097672566744
3,2,UB0172,-0.058714253363873495,0.44868492709436814,-0.10489713945832918,-0.081575629034276675
3,3,UB0023,-0.63545342795910098,-0.024066376980229336,0.026760522620877185,-0.049931699547822755
3,3,UB0028,-0.15046392833752817,0.14367836208548235,0.18709081592570861,0.12067753706868543
3,3,UB0042,0.48019504278077263,-0.71291953837761002,-0.4409491404358693,-0.22807887933951304
3,3,UB0045,0.52238002338531042,-0.83328414782394722,-0.040756673231115981,-0.041464830343835482
3,3,UB0053,0.079612187411985419,0.21983960244038983,0.0024634016804998687,-0.039510636731623909
3,3,UB0059,0.048096100681637326,-0.095013997543431455,0.029477490071170009,-0.022614892133045697
3,3,UB0065,-0.11933562756934238,-0.066437672554445118,-0.059323921076978502,-0.037814726135856257
3,3,UB0074,0.054950411871312631,-0.47675479099210916,-0.041578646991454388,-0.03555804723727473
3,3,UB0079,0.05595816748042403,-0.30308604702860609,-0.13700759155447881,-0.09016303933231383
3,3,UB0080,0.23299765858656907,-0.72001176220632002,-0.2851441446081166,-0.11054371945441248
3,3,UB0084,0.24820712007367443,-0.19545371095877631,-0.033363768866853952,-0.035062305980082337
3,3,UB0091,0.15091957503152303,-0.2231442896705953,-0.072427586513388487,-0.063282734781322264
3,3,UB0105,0.066768811929820343,-0.62831425922476547,-0.00021883023944460622,0.021010060638837744
3,3,UB0134,0.16498516377769612,1.0309993172897856,0.028281836656317713,-0.072966415596008832
3,3,UB0139,-0.14615406874456638,1.0564936967514686,0.16966164419060942,0.035333921686072578
3,3,UB0140,0.17985072641903613,-0.36466637105544764,0.019379766604027349,0.023829171567360072
3,3,UB0143,-0.3652769516283173,-0.22996623390057186,0.12381918161621416,0.085742160150273944
3,3,UB0150,0.52553922912609563,-0.25613591471362074,-0.15851247148117362,-0.057850416839162963
3,3,UB0158,-0.24533019341707163,-0.26044890004290749,0.23957853613803376,0.13893071887734423
3,4,UB0021,-0.28878765223224112,-0.18364157953252624,0.01744548911002846,-0.024402051254464912
3,4,UB0032,0.61845723405648312,-0.37744179774868336,-0.16763752465824733,-0.099072204430520977
3,4,UB0039,-0.96820155171048627,-0.4647206145931142,0.096888477499255971,0.11072000834506296
3,4,UB0046,0.84396127356792827,-0.49615223760444016,0.079166900168734122,0.0077008226514872491
3,4,UB0056,1.3333095897909493,-0.38316572307489416,-0.055311950790176923,-0.04500249472061893
3,4,UB0063,0.13671899485258718,-0.534033447405309,-0.20444381238674122,-0.041153653443662855
3,4,UB0070,-0.044932982723121767,-0.0647672655736313,-0.11735837181413791,-0.091601110195056151
3,4,UB0073,0.059146972774026918,0.082128754060661918,0.051819094195061241,0.051894575546998667
3,4,UB0075,-0.13613689142900182,0.46252651976581344,0.22276170907890686,0.17783628189786393
3,4,UB0100,-1.3097592074150497,0.27552123987267285,0.17626414021450196,0.1749302221277344
3,4,UB0103,0.08382419611580938,0.52012153862318256,0.21072775575564129,0.10672128869553575
3,4,UB0106,0.36252285520489447,-0.42551458380786711,-0.17402178659924772,-0.18447440186944727
3,4,UB0120,-0.30512842625173181,0.14016445614734879,0.034969766790733214,-0.015841908860647291
3,4,UB0122,-0.53638629166711249,-0.2400003877117777,0.19863979575605895,0.16273117496650302
3,4,UB0129,-0.66764105987798839,0.093030434054344247,0.17441076341353806,0.11742940579615471
3,4,UB0138,-0.51208674109607866,0.41321131303030845,0.13473576910934326,0.024497082073925581
3,4,UB0147,-0.58197346115235282,0.065763274998084903,0.31684213798418848,0.26459457200096714
3,4,UB0166,-0.54112526905824165,-0.028258455112696715,0.14608008210538759,0.18031066967029641
3,4,UB0176,0.83838137949561808,-0.45898874536860201,-0.15416727866501487,-0.10283711354082856
4,0,UB0007,-0.17665443795823343,0.16112227105788604,0.05729561654841045,-0.028590546989824134
4,0,UB0065,-0.2578660273616411,-0.090127967673581305,-0.073457683353136349,-0.079377636688474501
4,0,UB0066,-0.18550546986771693,0.74452842858895585,0.23092615728858337,-0.026062891851008047
4,0,UB0072,-0.48443464941082981,0.33746792892469968,0.27465592826379653,0.19381288668104626
4,0,UB0073,0.014318385788799355,0.07909141317949242,0.021284202367827965,0.0021862340332675367
4,0,UB0074,0.027384621522773069,-0.29512496856380555,-0.077629831261637,-0.032870413226147852
4,0,UB0085,-0.43370237834522868,0.17091288611519947,0.12662529853211227,-0.14677951731438954
4,0,UB0087,-0.13621175337775626,0.72212910786912687,0.18382239913466708,0.015290473743814575
4,0,UB0098,-0.65704194767148549,-0.68135364864555448,-0.79422974769174459,-0.23404201541681358
4,0,UB0102,-0.16910480597238833,0.54045159168198487,0.11459698041965091,0.046839307447127193
4,0,UB0103,-0.31287160110130952,0.59065237414605742,0.21053040565222547,-0.012920791715840707
4,0,UB0109,0.29183814648484985,-0.24616497444590557,0.076448938076481926,0.075719162372536411
4,0,UB0122,-0.34980411253030774,-0.14044318808698092,0.36692438738442401,0.38714989897905294
4,0,UB0132,-0.34617021462013403,0.42917692838034466,0.15696567045686655,0.039736711889275883
4,0,UB0134,0.13759538060249826,0.73270686777709615,0.037775681446812481,-0.07713946559324357
4,0,UB0147,-0.39317987082404754,0.16595701410457564,0.3633956643081695,0.26180913878759576
4,0,UB0158,-0.37758344242936709,0.035653753107317401,0.37779615075667677,0.23695263015125712
4,0,UB0166,-0.25788072251527505,-0.0079409780715985305,0.15572147721500457,0.16410462069082016
4,0,UB0168,-0.76157675633046373,-0.042487230349070086,0.12574984992952012,0.20860394580904648
4,0,UB0176,0.16720194136572453,-0.3704308909482793,-0.16306265723094082,-0.054899738188624564
4,1,UB0028,0.31747675617464932,0.10230523546930258,0.16525670967014694,0.10268802205367987
4,1,UB0030,0.71669691491832865,-0.58766644578922356,-0.67741921974754571,0.028800519164511429
4,1,UB0044,0.15061852907014739,-0.35808869053784342,0.025220921321684905,-0.025791996103368325
4,1,UB0051,0.76277883491862364,-0.14975179891358231,0.040980761414818059,-0.068936228072537825
4,1,UB0052,-0.11410902183659399,0.0095229469712736631,0.10064564695619345,-0.083229988366134461
4,1,UB0061,-0.074915848721199801,-0.48591515805993823,-0.030530457138426656,0.11105274400066548
4,1,UB0063,0.27189300095889046,-0.51176563356848825,-0.18575559946921638,-0.14444319053885479
4,1,UB0071,0.18360248489631489,0.37278273700905551,-0.18697132112671544,-0.063631487611348653
4,1,UB0083,-0.84406247567896098,0.42325603604661322,0.090003127500004249,-0.10070666003747084
4,1,UB0104,0.43294378460343208,-0.52185139650666734,-0.1855979445154704,-0.11461954968044977
4,1,UB0105,0.45011668582462844,-0.5433126619676667,0.021319370990556044,0.11090271305099733
4,1,UB0138,-0.47891510246255586,0.4645489647635121,0.024913776300261523,-0.096333777752846017
4,1,UB0139,-0.54539625419216375,0.91790339283368305,0.13417741069040048,0.0091959686887888754
4,1,UB0142,0.19166864014088392,0.92984770920957049,0.22620617843435895,0.0059564057369838053
4,1,UB0150,1.4566592680640904,-0.12732410334275357,-0.1427488347338017,-0.047078677052275301
4,1,UB0153,0.5596118174258673,-0.22012362366184196,-0.25811292247974549,-0.033370280541346095
4,1,UB0162,-0.35451769023020541,0.44595899734146643,0.16978697104917442,-0.1161915187097585
4,1,UB0164,-0.4865573146368638,-0.35880597465448533,0.088400739590150046,-0.15732601613225392
4,1,UB0170,-0.15424745844355719,-0.08556198779932099,0.19560391285999962,0.11578293425273492
4,2,UB0004,0.27961950590115059,-0.10023040084865731,0.018243251589014908,0.029152088908740225
4,2,UB0023,-1.5692705931950657,-0.009089425490163958,0.047942506305336363,0.031509476339186195
4,2,UB0029,-0.2284883836777345,-0.11054441442489474,-0.053363006165371582,-0.019166972677157751
4,2,UB0035,0.13599157958254238,-0.28968200136679645,-0.34156334492104024,-0.20384411066503655
4,2,UB0047,0.16446251521500815,-0.26934760123194879,-0.16910888934863183,-0.11572314128769956
4,2,UB0053,0.39681476490872469,0.096071156352043552,0.047024791174759092,0.00011867602211370828
4,2,UB0054,0.93809235477972641,-0.25689569205926588,-0.03200347343909643,0.023187837791656091
4,2,UB0059,0.32903919450308383,-0.055957300087678033,-0.042748548965269459,-0.070241823698398376
4,2,UB0070,0.063609916886300077,0.060691655338815223,-0.004228024387159148,-0.030936513630912543
4,2,UB0075,0.0066390314023197436,0.23287684577693818,0.15032770984273552,0.095469062843969443
4,2,UB0084,0.085940105781403292,-0.06020710670537556,0.039872968218723041,0.025501116849631383
4,2,UB0089,0.5737622368253289,-0.21549838599034579,-0.18155339877688886,-0.11639672896392146
4,2,UB0106,0.18004683933119561,-0.22944117616671381,-0.19514877099339528,-0.11814642757444596
4,2,UB0115,0.25488167038953596,0.090061931583299504,0.037594700922745999,-0.025617818370199736
4,2,UB0120,-0.14343376998879734,0.11526651475590063,-0.072596080906848437,-0.1045707425493034
4,2,UB0129,-0.32036647705300514,0.02331181480366137,0.044785616579411693,0.017459347277207063
4,2,UB0131,0.38660007387909323,0.21115520666456361,0.20635139968819713,0.21804013833516978
4,2,UB0143,-0.43231969859732178,-0.079057874959132926,0.076354345900556481,0.11008595840110583
4,2,UB0169,0.40752070288719477,-0.0044166148486661644,-0.0080700943159229578,-0.034148582742141782
4,3,UB0020,-1.1081348584658262,0.13492664162264711,-0.09438843960925615,-0.097384321600340135
4,3,UB0032,0.48541546514392642,-0.29053983297660202,-0.1540036206848876,-0.083183622008142749
4,3,UB0039,-1.2359981593458456,-0.49295203744443916,0.053990723402254068,0.056067585779847141
4,3,UB0045,0.81736362187678235,-0.5725521583773292,-0.04687976928803507,-0.041777909841496465
4,3,UB0046,0.7037622287523938,-0.47349902413956146,0.050040130363974117,0.020233227318319613
4,3,UB0077,0.58765076821416451,-0.30546173374048863,-0.13633003349181394,-0.083402814883930448
4,3,UB0080,0.4623677335679186,-0.4725184771354613,-0.23120175577397492,-0.12580486645494265
4,3,UB0086,-0.57513617001823891,-0.25283952174589808,0.050267641654268926,0.062244102128905632
4,3,UB0099,-0.8401161245566281,0.86448074408280284,0.067010526500268813,-0.071205154872440113
4,3,UB0100,-1.3111368780162984,0.22574695819695884,0.075264239489805651,0.020800906790271939
4,3,UB0107,0.30782998591671529,0.17285285316546062,0.29819598400201264,0.15309852658301484
4,3,UB0118,-1.1293309257366859,0.20686288351830165,-0.072645171367958367,-0.046893580948601105
4,3,UB0119,-0.46003331501640854,0.62301918700388448,0.12325628728081447,-0.012208033989960579
4,3,UB0124,-1.3502956487730138,0.55572391051825965,0.20628080987173456,0.089290242704005124
4,3,UB0126,0.65715644458200906,0.12124932702219277,-0.033449011717695855,-0.013084808069005097
4,3,UB0133,0.20281917443200495,0.14804372577507055,0.026707325407036103,0.011409501074743804
4,3,UB0144,-0.29811147146802541,0.70400992811521368,0.055966963852928223,-0.020380215832479398
4,3,UB0154,0.27741123998084105,-0.27381943374043938,-0.10353672179293391,-0.073907947434585022
4,3,UB0156,0.6519168874044019,-0.29525276462892447,-0.017698281731077944,0.025845424884209323
4,4,UB0021,-0.15693390462258872,-0.39899613581607618,0.027493623300300724,0.0059744663018787194
4,4,UB0024,-0.50722831751165043,0.59511657727396106,0.42711665756886597,0.14347002845733464
4,4,UB0034,0.44773234569178832,-1.0779613302266744,-0.54623775241947536,-0.25197480769795227
4,4,UB0042,0.46864706221813957,-0.76464723558854464,-0.42682966130337763,-0.19254770896967816
4,4,UB0049,0.44596094027636302,-0.70460186869480057,-0.1472290201908516,0.027690439049452075
4,4,UB0056,0.48022824350652077,-0.52564697797765714,0.00025052955510728586,-0.03488518586485552
4,4,UB0057,0.15500343691191104,-0.62338975914449624,-0.51517367602461817,-0.074244363333513419
4,4,UB0060,-0.14230464675226165,0.22620225960602036,0.02288600162931231,0.073999269797003733
4,4,UB0078,0.080748790453625666,0.12554810523410137,0.10316423377374831,0.026334821222277198
4,4,UB0079,0.022988762557983253,-0.15868722703204416,-0.088058846249978812,-0.096153856486812614
4,4,UB0081,-0.21950380758858704,0.46612635240826095,0.063110614643743512,0.045959054726087342
4,4,UB0090,0.36616942268976937,0.796903872307823,0.071675244973179328,-0.028503452623559199
4,4,UB0091,0.15560467990333815,-0.33762582830589,-0.1475077765510811,-0.044023794834152155
4,4,UB0127,-0.44040778367405237,-0.47468301502591659,-0.28156478929924833,0.17869241462489885
4,4,UB0128,-0.68041772315719218,0.72389367705826024,0.191991789475769,0.023930847319775489
4,4,UB0140,0.16529391535286392,-0.47500894105791946,-0.057542121001153163,0.04274484989731845
4,4,UB0161,-0.4130965751598808,0.17226996240963605,0.28719229585838124,0.11060642305757307
4,4,UB0172,-0.057029291557360189,0.52854992186093297,-0.082726358645140954,-0.033373151326977796
4,4,UB0173,-0.41982301568131569,0.19587971729180517,0.15039218061060938,0.057701467546228936
5,0,UB0023,-0.70054962183325109,0.067533099535291297,0.060397963999400797,-0.01891115728859942
5,0,UB0039,0.098828949630548932,-0.55121525988222242,0.078888139801967835,0.093132739174776352
5,0,UB0051,0.13622312399158307,-0.1306153987063422,0.1129257370671615,0.092152914433215688
5,0,UB0053,0.030547189216266667,0.14455090854706112,-0.015137618895786589,-0.037922569040676042
5,0,UB0057,0.21508634147297356,-0.44918207791613718,-0.62849432537401295,-0.28925677428575136
5,0,UB0065,-0.18830648237248138,0.020422964588718548,0.010981718593241738,0.020630426201058288
5,0,UB0066,-0.12184430887940713,0.971270635176395,0.26574564442185949,0.094224353809157807
5,0,UB0070,0.16006474098897969,-0.093045441503051232,-0.11720659513598138,-0.071202068832547177
5,0,UB0071,-0.060921582870442789,0.50932450325859202,-0.13057605645756548,-0.11295104528841816
5,0,UB0083,-0.34933510958615344,0.53307046135763603,0.18743609379100581,0.084315802188581215
5,0,UB0084,0.20390300132444772,-0.073189349035798684,0.02353160603133134,0.0097104325794508846
5,0,UB0086,0.082896635528108581,-0.28548978640243966,0.1288035626487376,0.16701043787152109
5,0,UB0131,-0.22339662506814656,0.72795235176588413,0.31686830551634049,0.30546224333501582
5,0,UB0144,-0.069524667569475118,0.68566890811510128,0.067682288453599276,-0.028412359453664784
5,0,UB0156,-0.36780442981806444,-0.4040158096749995,-0.12244302273014716,-0.007386621089041083
5,0,UB0161,-0.98729445795862902,0.21201207195045488,0.23552360087995663,0.19369108307674907
5,0,UB0162,-0.49996106672257701,0.37681205334237861,0.19794018970041563,0.0064607460186994342
5,0,UB0168,-0.78472120457089534,-0.23187625092175837,-0.061013972932949592,0.01832384164377529
5,0,UB0170,-0.14296609447595993,-0.24650295515154219,0.033965695650562969,0.030453701409584116
5,0,UB0176,0.20455098928517346,-0.51430985384710926,-0.15345840239496011,-0.070707776169866121
5,1,UB0035,0.47943113078710159,-0.65015870479769566,-0.90092820720072753,-0.47941677728365817
5,1,UB0046,1.380932324456192,-0.53272274011495646,-0.49525163654015503,-0.31819726597413112
5,1,UB0052,-0.15775489988099511,0.034678417159157857,0.23783715281477832,0.33119606326084033
5,1,UB0054,2.1020949771942026,-0.48397276359401709,-0.10586932730209847,0.072724772700981266
5,1,UB0056,2.0339012888612689,-0.39343162268503185,0.0064935531352899173,0.093063597748735918
5,1,UB0063,0.94140426576665293,-0.42464147302823996,-0.15987569476829347,0.024169166847416081
5,1,UB0075,0.57558420718513015,0.39490232218620702,0.18614717716570395,0.17631909235940069
5,1,UB0077,1.2629009622572676,-0.37172775310851525,-0.14725569937809127,0.0010340412346993913
5,1,UB0098,-1.0114617753869999,-0.89741279520455564,-1.1835745908356974,-0.65597883211898422
5,1,UB0100,-1.2931788986470567,0.21359782319023429,0.20149508810660349,0.3006856605752446
5,1,UB0107,0.69642240399044164,0.16192272847458339,0.33988633927142159,0.19234459824160152
5,1,UB0115,0.34850815466723739,0.24345786581988943,0.10994363021023013,-0.020196469600900782
5,1,UB0127,-0.3206581692757362,-0.31927043715263365,-0.40508947820705798,-0.26862000906623551
5,1,UB0129,-0.7225943284358316,-0.057275680965418345,-0.012758605914042584,0.018905894979251839
5,1,UB0132,-0.60819289928348574,0.469977933186076,0.10799713754355059,-0.01756986745475006
5,1,UB0133,0.091521036915112444,0.16402174345727449,0.1011931246825572,0.14345697257714457
5,1,UB0142,0.84509811356284537,0.78520390492874714,0.35786795317883979,0.26085709332702178
5,1,UB0150,1.6805783327636816,-0.2503549049292938,-0.18147378490513549,-0.077887203865296295
5,1,UB0153,1.1630966374153746,-0.21636730866202619,-0.31891488482993896,-0.22015158582239908
5,2,UB0032,0.37997435000056856,-0.41271256908290965,-0.17428907613500338,-0.11987578204258172
5,2,UB0059,0.04981888707374893,0.023234944556045398,0.055352081735824871,0.076460077174595659
5,2,UB0072,-0.40710874632044886,0.45507708970096566,0.23624746205821456,0.12154783765105324
5,2,UB0073,0.083259843979150067,0.22212901289083262,0.034423591310886487,-0.10243450483706601
5,2,UB0074,0.037967527768854689,-0.39839842413989529,-0.047664164427683377,-0.15594016260224763
5,2,UB0078,0.079714307272552715,0.16103928701185194,0.09138473752698871,-0.0019838450712893196
5,2,UB0079,-0.0040744116069070802,-0.26003107349815824,-0.1248933087654189,-0.17308831363986821
5,2,UB0085,-0.36290029665610851,0.30180946953410637,0.10098227072913993,-0.27838285759779563
5,2,UB0089,0.32434015230699853,-0.49980306023431437,-0.12166134775712037,0.17164004158170465
5,2,UB0102,-0.11719882685735745,0.91298142680982108,0.085153855821976043,0.16030388811826213
5,2,UB0103,-0.24425350171326909,0.73897263073832442,0.18798534275040882,-0.1162472628866385
5,2,UB0104,-0.071341988629000611,-0.59244260316527919,-0.20613122237478154,-0.14009310996527258
5,2,UB0119,-0.078644729279898656,1.1543945198707983,0.19965942760587543,-0.23899179894767908
5,2,UB0124,-0.3679299124496484,0.89499282310273343,0.29929852869432172,-0.2097503643611959
5,2,UB0126,-0.048596292558298393,0.17950049582597691,-0.011350280311062097,-0.091295038441108339
5,2,UB0134,0.13454332846761341,1.1640505698560146,0.043205647585782228,-0.016590366454035992
5,2,UB0139,-0.15011035587643479,1.2564000905898873,0.21417659849933168,-0.0092583469968757735
5,2,UB0158,-0.3261005743793165,-0.10068959445276707,0.29421723151087242,0.13799249647901451
5,2,UB0172,-0.041881185360663403,0.45928120218672946,0.031211202781079157,0.015703363355883945
5,3,UB0020,-0.40352637165835981,0.15185494759510162,-0.078528984372721308,-0.071477642490833326
5,3,UB0028,-0.1826143373123133,0.10359431391042903,0.15856184183122041,0.096236509919299815
5,3,UB0030,0.44091916090563926,-0.58194460258587766,-0.68190269285509642,-0.2481514501625304
5,3,UB0042,0.50196333035141016,-0.58159991864958083,-0.37361609268113427,-0.20644250683699206
5,3,UB0045,0.52789598337611132,-0.71388942559305968,0.10666720666344223,0.054098551791814817
5,3,UB0049,0.40627531619553198,-0.55173170404020722,-0.058196996990429295,0.022379270222397843
5,3,UB0060,-0.10282782483594402,0.068114839772296779,0.088914168478499131,0.066633534013579937
5,3,UB0090,0.48148620855415575,0.50245176621491383,-0.042798631894206171,-0.027058844420345278
5,3,UB0091,0.19123504960355797,-0.18827229911227175,-0.01655951424817434,-0.072560650483841624
5,3,UB0099,-0.39673620230793355,1.0543497279927294,0.053203704180803779,-0.08861600900579987
5,3,UB0105,0.061621200275510477,-0.52119386937490375,0.14246295849373908,0.069655185300290481
5,3,UB0109,0.3160110590243933,-0.37177159711224667,0.094219671374655756,0.065222910518565339
5,3,UB0118,-0.30755296924981512,0.21962259585755553,-0.13154589622451229,-0.043884333685713678
5,3,UB0128,-0.25515361253025554,0.46419919651045305,0.075877042216221102,0.033797962758372463
5,3,UB0138,0.11851576517434348,0.41607644933751231,-0.03717653953783541,-0.085298995046911741
5,3,UB0143,-0.42787916947161803,-0.19257317646288419,0.087490139836914421,0.093543921851947681
5,3,UB0154,0.072441591799435906,-0.35252342930738667,-0.14169194251560724,-0.089670314892038444
5,3,UB0166,-0.20829043939419578,0.021032330774757461,0.082358757632403912,0.11371426752862919
5,3,UB0169,-0.050418345137888412,0.0277707748765854,-0.083545091158295601,-0.053499224326221548
5,4,UB0004,-0.0284546769632954,-0.24822359831663357,0.097795372810075387,0.112870474152474
5,4,UB0007,-0.017071482348521003,0.36868686980314797,0.13415183752520662,-0.034721051577351475
5,4,UB0021,-0.16851621867353392,-0.30383681279127728,0.018757889416819648,0.023337229461949903
5,4,UB0024,-0.45649655241355752,0.50134553221842648,0.4165826417044094,0.23181068348070372
5,4,UB0029,-0.21766415591886523,-0.27938375615827166,0.14168678604499826,0.27756233707649031
5,4,UB0034,0.32972334593509661,-0.87030948826243137,-0.55475527366079247,-0.37640259121986963
5,4,UB0044,0.17154358374894838,-0.40327512868317972,0.03224557900356842,0.046660076460669594
5,4,UB0047,0.23639796460755336,-0.65250796331081451,-0.26475848863550033,-0.061494642202679889
5,4,UB0061,-0.031594440222214817,-0.52248482304346511,-0.067140155823221206,0.11085331741041124
5,4,UB0080,0.17107666046189204,-0.63417413609792939,-0.35206610449455644,-0.11243734476849951
5,4,UB0081,-0.20826859396387684,0.34006068718254362,0.067020494278168113,0.084924348353455664
5,4,UB0087,-0.11516992489153595,0.94622919861569343,0.18000634825935768,0.02143978323199526
5,4,UB0106,0.25035744868936177,-0.55567352899265421,-0.1949594180463198,0.073256290458842202
5,4,UB0120,-0.10554427836827279,0.27464369031196773,-0.050545006550606175,0.056785231924688706
5,4,UB0122,-0.28666957397076764,-0.37910215772317107,0.12307591988317815,0.36454674924357466
5,4,UB0140,0.09720229046260484,-0.36321154760583124,-0.058330021303720982,0.08135572661063839
5,4,UB0147,-0.33230957306237041,-0.094515890779115139,0.21066223803086895,0.27114063161022395
5,4,UB0164,0.037293420055379292,-0.39251632031836842,0.195185219195391,0.0040233599514436502
5,4,UB0173,-0.37945521560255702,0.14875703829796955,0.11964216787885393,0.10333509342756557
6,0,UB0020,-0.3862156251728755,0.14459830870901913,-0.1106126506948885,-0.12756337254259237
6,0,UB0021,-0.17112521090416832,-0.30194331284914,0.017988741120521675,-0.017830813976019409
6,0,UB0029,-0.24115159105651693,-0.27283271464839243,0.12327134599411779,0.083867531104397069
6,0,UB0042,0.45262113038943863,-0.62750929019542179,-0.35691823740303469,-0.24573057718028243
6,0,UB0056,0.47226170306497156,-0.43398155069894967,-0.021007494151430224,-0.034857669577739031
6,0,UB0061,0.010198785589789393,-0.53677747459079939,-0.046132994599504255,0.029788264279534012
6,0,UB0071,-0.053986929615917001,0.57825121194963991,-0.12047802246352282,-0.088939101473453797
6,0,UB0081,-0.24432399075112099,0.43066355560535563,0.043333946159315899,0.030953028095710954
6,0,UB0089,0.34309237397314446,-0.52694204054547833,-0.1474587699630282,-0.06270611717664866
6,0,UB0103,-0.2124735096585359,0.465731284185745,0.14939759757352494,0.050937455031793942
6,0,UB0115,-0.091426126882937844,0.26107977235199809,0.053367375506622669,-0.079104527185345011
6,0,UB0120,-0.12031428477158193,0.35043991657646945,-0.042680732546286362,-0.0091512314593431565
6,0,UB0129,-0.29880468211422967,0.081428490110803692,0.078106627352338864,0.064989550074475752
6,0,UB0131,-0.20170897491759837,0.57497551547353098,0.21218005127399683,0.23489618095632886
6,0,UB0144,-0.021584321086186405,0.92909668670775325,0.07356172034092831,-0.031031376084500153
6,0,UB0153,0.0028039517042394019,-0.17556268152597154,-0.21666256896118061,-0.10289801347993675
6,0,UB0161,-0.56942261288724039,0.18781998412085607,0.19844275273560957,0.14670066402337886
6,0,UB0166,-0.23766028824439223,0.082787748618258966,0.10055489286635609,0.10455829844577602
6,0,UB0169,-0.091646155329021511,0.038392526232248328,-0.048723362178436966,-0.04689505027194997
6,0,UB0170,-0.17150128075448692,-0.15786730640691762,0.10827816438855861,0.01491144210142871
6,1,UB0007,-0.013062628460043274,0.35268149027882989,0.089606885313277818,-0.10558158912481902
6,1,UB0034,0.36217540203648058,-0.82267687510860266,-0.59608780868602518,-0.31933153256555569
6,1,UB0047,0.23847976431226367,-0.60336134508807393,-0.2065649733362552,0.044476339711165574
6,1,UB0057,0.19939267783444148,-0.50927182837268237,-0.4956238853149163,0.079192774902978824
6,1,UB0066,-0.08462071471285687,0.66012675790776076,0.21994364744312905,-0.11840682791453486
6,1,UB0085,-0.27242604240176954,0.20186120638419869,0.10477973700136933,-0.35203528732495676
6,1,UB0105,0.073275034537570782,-0.51411443219186692,-0.055142614763615011,0.17756241590958952
6,1,UB0106,0.25893801518634429,-0.5000948442165869,-0.092142083322755391,0.1830821528090586
6,1,UB0109,0.27680834253124076,-0.36602045236732811,0.059490766393596857,0.057561169194223175
6,1,UB0118,-0.28185084556884565,0.24553978639491336,-0.069733047389008845,-0.019473092735817793
6,1,UB0119,-0.10108192448784983,0.80692536797944225,0.21914113180740025,-0.1784242713419063
6,1,UB0122,-0.27303761012289463,-0.29781589931020414,0.21448488761883489,0.35357520170403678
6,1,UB0126,-0.0052267543631325242,0.12721321615380235,-0.0033707659651398408,-0.068001828631343075
6,1,UB0128,-0.54895450752234742,0.50282915206045287,0.18021981266567902,0.0016421615351973756
6,1,UB0133,-0.031086185209699316,0.12968371670063461,0.072786304311125691,-0.090524479767969637
6,1,UB0142,-0.13006219432592026,0.91927407280722095,0.32336255476773468,0.0060188012161505322
6,1,UB0154,0.025734579049149602,-0.33568881817203211,-0.11659275707305725,-0.11326281971185005
6,1,UB0164,0.048517286728442896,-0.3203016568406406,0.15218929876230794,-0.13440036071347239
6,1,UB0168,-0.50122763476473164,0.040580705487687031,0.10145749573564772,0.21866284912092146
6,2,UB0004,-0.017485094701855282,-0.23341429189253715,0.11007260442216377,0.067001164270030653
6,2,UB0024,-0.58410618763311106,0.60217586308484894,0.33597108568307266,-0.009231511277651816
6,2,UB0035,0.36975651087009342,-0.84298466334291411,-0.7593688605490363,-0.11162270785713818
6,2,UB0044,0.28854225564473779,-0.44607162950504542,0.0053574483144656834,-0.011916977322570604
6,2,UB0059,0.035902207030665177,-0.10538256691317555,0.038843983169260667,0.041940561175985672
6,2,UB0063,0.0067929047829425552,-0.70294572608880046,-0.26234915927687252,-0.16818124973003257
6,2,UB0073,0.0051805304904981447,0.16567134995874253,0.0041027231217967697,-0.054222630642352478
6,2,UB0074,0.031304625550290677,-0.47168654935944898,-0.087049910855276552,-0.098931155130823928
6,2,UB0080,0.2630253874991787,-0.75018232989334188,-0.34702523948212199,-0.030231327442906269
6,2,UB0083,-0.27309185232875477,0.46025520740992143,0.11829507539279063,-0.10723175452345789
6,2,UB0086,0.10310969680993036,-0.38105160714837916,0.074615519461714713,-0.0027916183051214238
6,2,UB0091,0.12999159862016929,-0.24329852903806365,-0.070288562180996342,0.028706359681738264
6,2,UB0098,-0.58681957221516634,-1.1639187860004736,-0.76985265666286307,0.049656708296907714
6,2,UB0132,-0.28255923514273801,0.55932114087047458,0.11425083451355325,0.038053380111380652
6,2,UB0139,-0.18720592617775839,1.1593308932951749,0.21180397610576807,0.014704791095063539
6,2,UB0140,0.12110320115399649,-0.40455703609680105,0.011579574052965849,0.11948641534800239
6,2,UB0147,-0.42120641005160686,0.0003115762670617972,0.2925688953707829,0.24316319024566399
6,2,UB0173,-0.42339672334834305,0.13986333886127456,0.10469554968678446,0.066066318689958159
6,2,UB0176,0.22005431591769167,-0.63737900814646309,-0.18087385291922276,0.031761056722017705
6,3,UB0045,1.0478810521771189,-0.64486502103794074,0.039065279142192877,0.049090590012728821
6,3,UB0049,0.92671342466376005,-0.51054569811765105,-0.1109381819028471,-0.033447817111954943
6,3,UB0052,-0.26589767726789626,-0.010513223444921702,0.24908800710650417,0.34977476045593769
6,3,UB0053,0.4990760067165072,0.16122858738111684,0.092199423382377785,0.02425676426856082
6,3,UB0065,1.0879773977088483,-0.036347382421760388,-0.01480004235340701,-0.022012607683227922
6,3,UB0070,0.017709506631894904,0.060829671370118396,0.10075732500236174,0.0088772210926409655
6,3,UB0077,0.74935371624145786,-0.34567967907771657,-0.11660582269957609,-0.030758538871050924
6,3,UB0078,0.48815742904949405,0.085824401069507145,0.1066760234777224,0.042845117497257279
6,3,UB0079,0.53202222570509605,-0.21853810356049097,-0.10059287708819756,-0.064928679928821786
6,3,UB0084,0.14009176084585678,-0.12304306639259074,0.00098219317049327501,0.010832955781476238
6,3,UB0087,-0.47070404686639,0.88171958168958242,0.24615588211263101,-0.032566658654779812
6,3,UB0090,0.66196054651013736,0.46618525550970913,0.079358678731763416,0.021360620275112742
6,3,UB0100,-1.2296499103508927,0.28504934954080535,0.20238323750175946,0.2300311110694877
6,3,UB0104,0.28946014034035189,-0.51032951590027109,-0.18602369376749145,-0.075465479995048532
6,3,UB0124,-1.3652745708936198,0.62393313017754515,0.41183465415593007,0.35168174478768965
6,3,UB0127,-0.64154557086382968,-0.35983108166330191,-0.33780260670086898,-0.21033814582127874
6,3,UB0150,1.5132486177909823,-0.11792382190798424,-0.14968517840159334,-0.077938227728534953
6,3,UB0156,0.51831359522299192,-0.37698719387546387,-0.054983163618344315,-0.031794491043150297
6,3,UB0162,-0.77907604482158421,0.48045056731903585,0.26213885397342312,0.16284230873708486
6,4,UB0023,-2.6412353762408327,0.010155260421536902,0.042433507996725184,-0.054881280647462928
6,4,UB0028,0.27593034075343792,0.10965661980745198,0.26188877496014379,0.19270252547347422
6,4,UB0030,0.67744317002188814,-0.43121870758225966,-0.88653249234125564,-0.25302729539094171
6,4,UB0032,0.83419369845868707,-0.27210507199881806,-0.18406578276469843,-0.11406248372025524
6,4,UB0039,-1.0487322268196824,-0.45215930002646043,0.072250436508710977,0.10117305599455653
6,4,UB0046,0.70550433491584918,-0.43906761207430367,0.022088543699764485,0.1502724408270231
6,4,UB0051,0.83500682378839131,-0.09190128543779727,0.082375882934866085,0.041216602674177358
6,4,UB0054,1.7920195840973381,-0.42574413510921749,-0.23305736416322248,-0.20839261668445569
6,4,UB0060,0.48200947145910911,0.080801092039446493,0.10842663533842811,0.086226157392120445
6,4,UB0072,-0.6358493050205809,0.2818661413995443,0.22867587786659091,0.076936072808606509
6,4,UB0075,0.18128333822601092,0.41719025245842772,0.18742385872774456,0.071079363451085106
6,4,UB0099,-0.69097243621682158,0.84614104601766416,0.11356074551429342,-0.069669546312681879
6,4,UB0102,-0.24080629333001785,0.6229393163264425,0.090175650631946921,0.058521382386098969
6,4,UB0107,0.19028122704467423,0.2079394241877304,0.37887247227914311,0.1596849258295851
6,4,UB0134,-0.10605209217069103,0.72529849621620868,0.045434466081607505,-0.098118572132599599
6,4,UB0138,-0.54908925895939631,0.35543222160682386,0.083888709250804744,-0.036375934366011199
6,4,UB0143,-0.32581380325627374,-0.12380303003869167,0.15854200515166461,0.13665424534421658
6,4,UB0158,-0.066736620594513796,-0.16194854082687327,0.30403369346102294,0.19058104441766177
6,4,UB0172,-0.84320193923189357,0.28423444865845748,0.045275217448762277,0.052700277156865427
7,0,UB0024,-0.62449425015586213,0.61877606856291989,0.29960535437676622,-0.21760849138780453
7,0,UB0028,1.0154735403926447,0.16012603544930354,0.22509917043169853,0.093317480788687165
7,0,UB0039,-1.1755133444267709,-0.68810671524816658,0.057302051441911431,0.048285164729120797
7,0,UB0045,0.69061924769158778,-0.82520841360419328,-0.034323390848262886,0.16387568530998664
7,0,UB0054,2.1577044604507374,-0.72408879579837326,-0.21603961140764111,-0.25329080710725133
7,0,UB0057,1.0398738089408726,-0.58847213568924128,-0.35426099006317224,0.23953829169360574
7,0,UB0070,-0.23034789122321295,0.10635269544425609,-0.04775599946842421,0.030682388085742966
7,0,UB0074,-0.43922135959050762,-0.43905754894541921,-0.064479424736374857,-0.15296054804878217
7,0,UB0077,0.39014440913419968,-0.41692287613649426,-0.16289719529326499,-0.21898806371422175
7,0,UB0081,-0.25194696041747733,0.36147150001544714,0.035357153289678062,0.078477360094937762
7,0,UB0084,0.076955225550281225,-0.15352371154736699,-0.040768262908793165,-0.13340325834758704
7,0,UB0085,0.7263768439253615,0.26971413883514062,0.052322997079240416,-0.46029875112863833
7,0,UB0103,0.21753708647826905,0.55740251773508609,0.15485119274652642,-0.14151695744111242
7,0,UB0105,0.6394683061262374,-0.65247041851261312,0.024668886413232061,0.25953388277767325
7,0,UB0119,-0.63172247285348215,0.99964801941892389,0.15057428793233132,-0.28703334143288439
7,0,UB0128,-2.4318558909228138,0.66726237208543382,0.13570562735304698,-0.039613944601906592
7,0,UB0170,-0.66829381013493083,-0.14720674074647522,0.22312898614842575,0.23826626662831998
7,0,UB0172,-0.6573212533399565,0.43963925620476574,0.0045504493524956653,-0.067478901928805984
7,0,UB0173,-1.1994563705459842,0.18003060217470718,0.12281843905789305,0.077353378266191708
7,0,UB0176,0.91741567718868466,-0.61371045128807822,-0.15289077014516333,0.070863853928157416
7,1,UB0007,0.032274119595879482,0.51608110727494938,0.028855500362660297,0.20695683153485217
7,1,UB0020,-0.3966384766487171,0.20054550590053913,-0.06795994445688408,-0.23589287598856071
7,1,UB0021,-0.17370632223193216,-0.24273210316398597,0.034845060687981211,0.029718037904907631
7,1,UB0042,0.47713252511440674,-0.50125053898488603,-0.30693332270998153,-0.35085660714430134
7,1,UB0044,0.19110020422484225,-0.33002137988634717,0.02685004103360334,0.13247314521695472
7,1,UB0052,-0.14415453560888317,0.061803329355918576,0.083682541558460499,0.30929696195126843
7,1,UB0053,0.052549304334067092,0.39686938241773939,-0.010328052886789132,0.00053756021992566153
7,1,UB0056,0.52056357420410404,-0.38309707123017089,-0.015429604561633271,0.061427817929499882
7,1,UB0059,0.021483810423548931,-0.10328063201225185,0.04587124211908087,-0.12411593290190356
7,1,UB0071,0.0082028521491545187,0.57562801410475184,-0.1687229751633072,-0.15302030705263026
7,1,UB0078,0.13757986395223146,0.1440300401106791,0.048201228109248311,0.067568804322118509
7,1,UB0107,-0.055238948272338523,0.046598766946953585,0.28465204523240278,0.25203623927634938
7,1,UB0115,-0.11780628720088734,0.26671393491560319,0.055361503371214794,-0.050705963686229177
7,1,UB0129,-0.29576344207272298,-0.029205280444246244,0.04871413031778779,0.068028299505614981
7,1,UB0131,-0.206983870658317,0.40051073740363274,0.11497428105277016,0.46078873363954037
7,1,UB0133,0.0026340571856952322,0.27955030461767677,0.02397182659827847,0.13782307483484399
7,1,UB0144,0.032686877924289877,0.98165871374409619,0.062032500003939353,-0.094776657370528317
7,1,UB0150,0.4684092518891087,-0.07800734939962331,-0.12634653304046817,-0.084355938755960314
7,1,UB0162,-0.45989243719171369,0.35748986257529847,0.14426262941311144,0.14480361248018497
7,2,UB0032,0.34974427745261044,-0.27756786322710014,-0.14393780840712933,-0.050326386553616098
7,2,UB0034,0.40892403718198267,-0.5228201594647135,-0.64698512709455303,-0.22047721954010119
7,2,UB0049,0.36882711602459017,-0.34937107775175114,-0.19443579160081326,-0.023480062838399991
7,2,UB0063,-0.01824852242896511,-0.41483675667903519,-0.14331085000409979,-0.029439645818988249
7,2,UB0065,-0.21428659736723382,-0.075631390705163573,0.0050624290774911856,-0.034117157264941654
7,2,UB0072,-0.35592498200836492,0.19524474754233917,0.3409374641075823,0.10093053006485853
7,2,UB0079,0.0038450307297217363,-0.20601892261176522,-0.099502222363369738,-0.066986861563689382
7,2,UB0087,-0.077262338433137095,0.50674895533537756,0.30607271940453296,-0.028140948846425481
7,2,UB0098,-0.53319555776163496,-0.58986608451274458,-1.4806350452640313,-0.40125731624924282
7,2,UB0099,-0.32637067412281828,0.673949423140074,0.17443738398017766,-0.087565710018339626
7,2,UB0100,-0.30358952654083587,0.21939192963717646,0.30250632881610962,0.12334428787646537
7,2,UB0102,-0.091328000828795886,0.42467128549233157,-0.0023453637174583805,-0.094117065132757832
7,2,UB0109,0.26512212717334521,-0.24920229757676654,0.12609204473327151,0.089229334859375675
7,2,UB0120,-0.069386862594412596,0.079939735436628134,-0.26786687161332423,-0.15734524810395162
7,2,UB0124,-0.3217007735920499,0.44514533580485988,0.53810226721757815,0.217983437618856
7,2,UB0127,-0.35260735031812052,-0.27412247854327421,-0.57052315990964186,-0.12423618908657273
7,2,UB0158,-0.27817170848429046,-0.04155087110008087,0.16281069548300733,0.099904715516360446
7,2,UB0164,0.11730011353937914,-0.13836046342403016,0.23971837479745012,0.18667347567581774
7,2,UB0166,-0.19258218047237652,-0.018773961910018986,0.16511377958134815,0.1141315182634058
7,3,UB0004,0.34802167165180509,-0.17914385979505537,0.10992610166472333,0.04839232260955361
7,3,UB0023,-1.8505086582671741,0.034147272346888129,0.060886086304959057,-0.041280338480599338
7,3,UB0029,-0.25575531779719729,-0.16974928182707788,0.19036890439843129,0.16944997724390631
7,3,UB0051,0.76366388550649877,-0.13546570355506568,0.1114261061804447,0.021846633363941853
7,3,UB0073,-0.2283205183971791,0.19367788343783804,0.06689249534254875,-0.0018165381734020145
7,3,UB0080,0.63546049756016609,-0.66831274855735279,-0.34066390911272787,-0.10389431609702492
7,3,UB0090,0.55998871387213567,0.56363611498126254,0.031503645173313499,-0.025513814303111934
7,3,UB0104,0.24127014173780181,-0.59583346348413235,-0.19150749378259094,-0.089082278600192133
7,3,UB0118,-0.99152766465427855,0.31488764468344144,-0.041186104537764515,-0.033799692144840576
7,3,UB0122,-0.74144532272182417,-0.32381885248906256,0.17691420619531742,0.22463812136101424
7,3,UB0126,1.2436558954842631,0.1501922202371207,0.023292874094419304,-0.015914198701260627
7,3,UB0132,-0.19983574627181622,0.60034065608000597,0.13468929020358403,0.032927814768139975
7,3,UB0139,-0.59562094698746137,1.1164374398429637,0.25573313300547396,0.04881643646857961
7,3,UB0142,0.022603460486552512,1.0812968253533235,0.35319641699745841,0.1185184875492384
7,3,UB0143,-0.30780279650497533,-0.16948238187454739,0.16791001439961659,0.096564548541064318
7,3,UB0154,0.31037141408924324,-0.36618939365985015,-0.097675818654855626,-0.07766586223595999
7,3,UB0156,0.42952951732258327,-0.43657413649392218,-0.092550178110188286,0.056243772151506499
7,3,UB0168,-0.78386848013655386,-6.7051762405300613e-05,0.055329663710999177,0.076821727970908305
7,3,UB0169,0.52026491918040207,-0.017319786410599294,-0.066219407316015,-0.038572078882847985
7,4,UB0030,0.30655389480138295,-0.62857733679900951,-1.0102502791332004,-0.26326024875693393
7,4,UB0035,0.31789831966772886,-0.71904814175125953,-0.74916751761444966,-0.24622006091136359
7,4,UB0046,0.35954210998471625,-0.62019962416060292,0.031412987955640403,0.14478913050946307
7,4,UB0047,0.25796977015429468,-0.64509126489654445,-0.32424622003676173,-0.13152331601995568
7,4,UB0060,-0.063895272126289981,0.13599078789474342,0.073759602632765278,0.091320087415835041
7,4,UB0061,0.029716058382396961,-0.51561969121335038,-0.029658586822809363,0.10283678626136178
7,4,UB0066,-0.076180098925222525,0.77175990480184731,0.26764555934704415,0.016851287985027483
7,4,UB0075,-0.099675005720653187,0.57968273432711825,0.22347431042167404,0.058319398296067679
7,4,UB0083,-0.23645545666746931,0.44167057888377115,0.17674675395151118,0.0067349029805799376
7,4,UB0086,0.054958593897941957,-0.33318941806319025,0.11657958890672988,0.12028407149938009
7,4,UB0089,0.34094207959128625,-0.52050084941854324,-0.17970397441393754,-0.00085638807059398858
7,4,UB0091,0.090292377759275066,-0.22990602346429739,-0.12454712076347213,-0.08656313451157549
7,4,UB0106,0.2270736930309093,-0.54487915765784778,-0.23340965913995335,-0.022977530311174249
7,4,UB0134,0.092594193446345743,1.0538120952770571,0.057807638443403649,-0.10324997354675122
7,4,UB0138,0.059874023605978169,0.52979771501276307,0.12824726649073498,-0.054797528060163275
7,4,UB0140,0.10016473333633207,-0.3603527568896594,-0.070643182457573325,0.025301118239642151
7,4,UB0147,-0.33011346077833087,-0.027343882401120484,0.30277923739803497,0.28328353743687168
7,4,UB0153,0.052479069192550666,-0.26990996723040689,-0.33296932774952703,-0.11409362434825066
7,4,UB0161,-0.42002326480557789,0.19962468947686715,0.25609254948493748,0.15564327928095445
8,0,UB0046,0.88396136921630863,-0.54650940555337624,0.0046628448502239461,0.18378547176568616
8,0,UB0049,0.74876334326953442,-0.50985514640842378,-0.1213372848097579,0.024160113610493181
8,0,UB0075,-0.050567520960184041,0.55573974355488076,0.26516670220574318,0.073222933078209596
8,0,UB0080,0.62001510808458704,-0.57598040759830504,-0.37986586226103136,-0.16268780575812714
8,0,UB0091,-0.38345997659323339,-0.18063168880439665,-0.12420829817435601,-0.07714012295333024
8,0,UB0102,-0.19283750916988052,0.74156323514632971,0.11118909499438592,0.072900144134120978
8,0,UB0104,0.15317585805625053,-0.50280758323052144,-0.16533944119507371,-0.10132503108679229
8,0,UB0105,0.46051077890279501,-0.52173206294571817,-0.22946735329603174,-0.020265998177648625
8,0,UB0106,0.17323610622237628,-0.47621265630083831,-0.27421961297159025,-0.053002034785324066
8,0,UB0119,-0.55122093637433955,0.84792875161639725,0.30500239863029333,-0.01557972732171535
8,0,UB0124,-1.2168416069025456,0.59958248240692569,0.29287815362324821,0.018244585471535596
8,0,UB0133,-0.056288933394767038,0.083270386261725823,0.11270722830285057,-0.00077011120033744496
8,0,UB0139,-0.55345753577419221,0.95584453253911572,0.30562931420565964,0.10042789184583174
8,0,UB0140,0.31524829639927249,-0.30305713164674053,-0.087906612364111986,0.01304159922688744
8,0,UB0142,0.22714150426177676,0.89710014632371216,0.36859126633282063,0.17602907524126357
8,0,UB0147,-0.59487760233969711,0.0061907714266295072,0.29026381840233645,0.29922704291325203
8,0,UB0154,0.17355251537991251,-0.30735994693299085,-0.080525626462855049,-0.099987802662226649
8,0,UB0162,-0.28364089729640446,0.4417884329290851,0.22682968884653626,-0.066936618076835874
8,0,UB0166,-0.47969485336705786,0.042560969698720058,0.15650728122394134,0.12662872149003238
8,0,UB0176,0.97233534960623147,-0.48760743178342086,-0.17486672484993021,-0.013377993992210124
8,1,UB0020,-0.41944042544679622,0.15772758477325027,-0.10499303848783645,-0.03598989853701634
8,1,UB0023,-0.57263863259028036,-0.0016906460403991116,0.029015251801925046,-0.059530826819814364
8,1,UB0028,-0.20851566309528907,0.10974272383182843,0.17550395635422947,0.10376861340524808
8,1,UB0047,0.24938811721816667,-0.58294513908168644,-0.13779284335090464,-0.028476155432668376
8,1,UB0051,0.076840543537707223,-0.12703340709762925,0.06033291562779388,-0.019816879656407688
8,1,UB0052,-0.18265327475032392,0.031602532432556722,0.11843978894448991,0.017663903489656851
8,1,UB0053,0.037966085427579302,0.26058107036268219,0.0035110238924409079,-0.033540255045900087
8,1,UB0054,0.13859469897860074,-0.52716857246549897,-0.16287049868940964,-0.14373507485849218
8,1,UB0060,-0.13737831232267012,0.10209225172446677,0.071231237478592349,0.091276021608082319
8,1,UB0065,-0.17792355685722039,0.0092866323116464616,-0.046265461454226733,-0.065397711717477283
8,1,UB0083,-0.23553159924725642,0.40010335806764641,0.11760776780174162,-0.04236289769003708
8,1,UB0099,-0.37443544283760899,1.0214815051510668,0.088256633540720067,-0.064597511546872127
8,1,UB0118,-0.30151682038582023,0.26962762631545734,-0.068825385849648951,-0.029656731885119775
8,1,UB0132,-0.29512111411232167,0.52974942415538007,0.10394240739384297,0.020391959319923374
8,1,UB0153,-0.0098013499626372416,-0.20010422742126172,-0.2593875135819057,-0.078094900395315844
8,1,UB0156,-0.3678459268637983,-0.34512029895437352,-0.0379090777181018,0.087592836185196782
8,1,UB0164,0.075485550715130662,-0.32339650754270455,0.11343051388043143,-0.046293043873221834
8,1,UB0168,-0.6271604340908693,0.077579868265461552,0.12960979530479003,0.12281863691335326
8,1,UB0169,-0.09541664793521111,0.045668753044443677,-0.061812069114729466,-0.040731976654548939
8,2,UB0032,0.57689627602899052,-0.48635628479973392,-0.17910395759329636,-0.089359811826928551
8,2,UB0034,0.64656478442788234,-1.0729825618710338,-0.68156394981663815,-0.26904204782722668
8,2,UB0045,0.71772748327556746,-0.90349561494299313,-0.062479426670727839,0.056849307845530189
8,2,UB0066,-0.20957495727530712,0.98752808753309318,0.25080496599205043,-0.049911661462700888
8,2,UB0074,0.10487446499902496,-0.48172238470283091,0.0060911123306871418,-0.038933004343208268
8,2,UB0077,0.39590519421778064,-0.45106357964809884,-0.16317022546062476,-0.11882095130028278
8,2,UB0081,-0.28005341404167283,0.37874052243803819,0.064987177253564565,0.045798591349868953
8,2,UB0084,0.27964451469805141,-0.16406678143509709,-0.015000241241530295,-0.056316637152245996
8,2,UB0087,-0.10029017457379312,1.1223119343231724,0.2621337698807964,0.0045436253962557356
8,2,UB0090,0.57258742534709339,0.68887740327889957,0.066288182924068476,-0.03180870599863516
8,2,UB0098,-0.76497059924117161,-1.2653286956056666,-1.3027540312769661,-0.11748398358560636
8,2,UB0120,-0.12232182442537268,0.30287324096523272,-0.20100863701895855,0.016529840280701591
8,2,UB0127,-0.41819777870693148,-0.49871145220364566,-0.3163207669905243,0.17346807941671899
8,2,UB0138,0.19336911525350411,0.67253966513706298,0.078939833790268851,-0.087900222919437318
8,2,UB0143,-0.4551317684911742,-0.2078523114104367,0.15235352876894209,0.055668255974884048
8,2,UB0158,-0.41636662284157522,-0.28850708351187504,0.21362757560035053,0.14092243169214816
8,2,UB0170,-0.18499398142733114,-0.18178809882678709,0.24840227859903907,0.14920784777164836
8,2,UB0172,-0.083968922329457726,0.49014732375939007,-0.12569384158537605,-0.075899243406939695
8,2,UB0173,-0.49517711778265533,0.18445756156074999,0.18453306366893601,0.07236706020497867
8,3,UB0004,0.033901426529528905,-0.1948261117154336,0.18864539669083102,0.10982540496375509
8,3,UB0007,0.019194333752781859,0.38507452895039096,-0.0016796709927937026,0.10943111171640095
8,3,UB0021,-0.16872018755699336,-0.24049454157067818,0.0526109971048761,0.012055564268151048
8,3,UB0030,0.35822621406404392,-0.55451798165051591,-0.64234112108227059,-0.54350722631750614
8,3,UB0042,0.4322837265522097,-0.55595103372678412,-0.38974472213521993,-0.3645533519216142
8,3,UB0044,0.19256999563541743,-0.33807296291530042,0.03278054366494064,0.089134234964144507
8,3,UB0057,0.16047892569386193,-0.49022458018645704,-0.16674390086832758,-0.34337794666496863
8,3,UB0063,0.024880278293471548,-0.48244143765112901,-0.24720754655705598,-0.073226567990494776
8,3,UB0070,0.095062831227277128,0.21642876565095959,-0.0048055780835719354,-0.05062666598779493
8,3,UB0071,-0.02583384645502429,0.36778850034019395,-0.2675886646696482,-0.15539238776818559
8,3,UB0072,-0.40051298053234075,0.29592492545732119,0.29746460055814627,0.11417230370745036
8,3,UB0107,-0.069381646146412485,0.19619360622616833,0.41571411572570605,0.24903735170508473
8,3,UB0122,-0.27444787845919016,-0.31197140139567503,0.35621834908680522,0.2146250904354311
8,3,UB0128,-0.37839874400456219,0.49122834148291172,0.075894787544003556,0.085029623677682756
8,3,UB0129,-0.2836062224044047,0.028688748318056803,0.036314289092815984,0.075177132834125276
8,3,UB0131,-0.20690839655884247,0.43333678427938049,0.086569550305681808,0.3565063200873887
8,3,UB0144,0.039476182176876859,0.82015291498314724,0.072743982623079712,-0.063824663614856655
8,3,UB0150,0.42710996911774007,-0.10937512748233957,-0.20731356617497429,-0.091164637032065149
8,3,UB0161,-0.54369497264666544,0.19105994298163526,0.21245370217930493,0.2948887402345971
8,4,UB0024,-0.46490940569888139,0.50762739966400794,0.34354344160929301,0.11734145766852161
8,4,UB0029,-0.22417390022479111,-0.14127784488853057,0.19455775263356107,0.18503815123400386
8,4,UB0035,0.34705674874636733,-0.62854569148536754,-0.67276342941809286,-0.22740917313212139
8,4,UB0039,0.095874988833431346,-0.50044503887302449,0.046031195067033029,0.03714178961185316
8,4,UB0056,0.46827280386276848,-0.37364178083307809,-0.030588634655420045,-0.0054007769485034662
8,4,UB0059,0.059732376394508749,-0.047655638689552568,0.028342523690195711,-0.0090652972436608137
8,4,UB0061,0.011777928632411148,-0.40245350438835892,-0.030355182746664086,0.041655768100629861
8,4,UB0073,0.051985502379995413,0.13185834881289529,0.044894973913487041,-0.0070676584887703967
8,4,UB0078,0.11233796026124454,0.075164852740674026,0.087291830972235876,0.014473646021586073
8,4,UB0079,0.058770701922867478,-0.21955249159215712,-0.096006284522042948,-0.12911478693323755
8,4,UB0085,-0.26477874619664638,0.17819838358326545,0.11646599413342922,-0.1994855634692568
8,4,UB0086,0.094576008556928687,-0.26817770424052167,0.069020719077485138,-0.032467994365904043
8,4,UB0089,0.32547542258772733,-0.4233418624414621,-0.14926125977146493,-0.012353410834135686
8,4,UB0100,-0.28701098084002979,0.262290714367858,0.1524688420078319,-0.066047894104616978
8,4,UB0103,-0.16773970194981785,0.47106724406367922,0.181228797480326,-0.032753206850453728
8,4,UB0109,0.27428048806485733,-0.33137727110605064,0.05172439264071426,0.057661315463128533
8,4,UB0115,-0.074050092454621325,0.25616817430283229,0.063478350491057059,-0.01811438803898369
8,4,UB0126,-0.018864665809083678,0.09824090705271557,0.004416177801147142,-0.038660239908401658
8,4,UB0134,0.12036961509626878,0.81834722375137015,0.051554710526115488,-0.046418321659093466
9,0,UB0004,0.070176329143176286,-0.088096488648179663,0.1191625595040826,0.1241409763761646
9,0,UB0029,-0.25207566526179598,-0.021873389198813445,0.20656618395520104,0.16844477198834068
9,0,UB0032,0.36619044934877643,-0.37482420328173649,-0.14924195273355528,-0.079317135684602941
9,0,UB0045,0.49702001290275988,-0.60215494229334721,-0.13498525626358338,0.060622016596193533
9,0,UB0046,0.38841521792588363,-0.50924835208295705,-0.036378661673294344,-0.03413521037939421
9,0,UB0056,0.5636482642210261,-0.37434669751290311,-0.024338927394188789,0.018328556205787862
9,0,UB0066,-0.11879446333518873,0.94779318112827948,0.24563714594206229,-0.0021887159154125174
9,0,UB0070,0.11465016821856884,-0.11268863558633606,-0.052377059257399029,0.0060048203606170129
9,0,UB0079,0.082551347962134369,-0.24805872821988989,-0.081657706156886389,-0.11103271146130837
9,0,UB0085,-0.27979333938009754,0.26347578281547057,0.15544405201914951,-0.13818682762714973
9,0,UB0103,-0.20739340319873989,0.64124597914850789,0.20894642616852208,-0.0025784018138272358
9,0,UB0109,0.31556082940543673,-0.34971151260299949,0.060321230514199381,0.076219283125975895
9,0,UB0128,-0.39424243878335008,0.71542779661937028,0.20214265610708806,0.042677737697312999
9,0,UB0132,-0.22931110957260531,0.52284125631138811,0.13565159032274984,0.009156564276278114
9,0,UB0134,0.15261797450468623,1.0406031010533663,0.071918009517513232,-0.057701356612501323
9,0,UB0139,-0.21171482773953726,1.1502926263253876,0.24363660315631375,-0.00033304408418925041
9,0,UB0144,0.035895240475391096,0.65325246881477583,0.10103570017795513,-0.02036272777093228
9,0,UB0154,0.051801555875103607,-0.28346822249804982,-0.090765344630629741,-0.074416156966006397
9,0,UB0162,-0.52219726000888078,0.63941455369375,0.23233654113457963,0.020710628570220546
9,0,UB0166,-0.23947661183399169,0.029507906797432197,0.1470181005187276,0.11772144890044427
9,1,UB0020,-1.3338314770796247,0.16315686129264048,-0.1454053920687059,-0.13055675285901958
9,1,UB0023,-3.784263603534249,0.017525634059249125,0.044352711395035133,-0.033842505768995265
9,1,UB0035,0.20915745453451365,-0.80159048974230473,-0.51844529532697758,-0.099021686326668218
9,1,UB0065,1.4769610814233343,0.039297895821918671,-0.0075757823006815852,0.06335521077668016
9,1,UB0077,1.0827482321080706,-0.39899372201162742,-0.087710136627317928,-0.047593831660862458
9,1,UB0078,0.5734637575202971,0.14691775460976822,0.078342155679945694,0.061238318093671792
9,1,UB0090,0.12644753913365542,0.73715126888367632,-0.0036414488034188786,-0.026682570064952196
9,1,UB0100,-1.21368157961529,0.35474071344683589,0.14253248243187272,0.055132179052657715
9,1,UB0102,-0.067758417541863555,0.98807358359162767,0.1017225415446423,0.062921217515670036
9,1,UB0107,0.37918044250871069,0.25157073219104559,0.2235090368943769,0.012045785344743432
9,1,UB0131,0.8304655813590609,0.64420081981440036,0.26735285055099023,0.27128022116250783
9,1,UB0133,-0.22878306546917115,0.15765427343202856,0.061320126088114164,0.036772524968071291
9,1,UB0143,-0.11604686236064543,-0.1865580598531438,0.14262133940197955,0.13395799688476895
9,1,UB0147,-0.86058803945030393,-0.040545114417391601,0.29499013549495096,0.26915620549556218
9,1,UB0153,0.87185102524164315,-0.2287068637009361,-0.23826288838315118,-0.053200980171780834
9,1,UB0168,-0.84397322150789078,-0.01078841008269258,-0.082544544296030642,-0.097981080083812108
9,1,UB0170,-0.21847522244150719,-0.15456108125310114,0.027874833300293417,-0.073685833198802286
9,1,UB0172,-1.2675143813992513,0.50549892145122488,0.14798324013121628,0.17710456335794844
9,1,UB0176,1.7274485287648425,-0.61952353750733391,-0.11406961512126439,0.0014166673719788747
9,2,UB0021,-0.1205229213908799,-0.28888540421138198,0.04015985050700345,-0.016904979397442378
9,2,UB0044,0.20960757209063061,-0.38832914387747797,0.018779717285796645,-0.013819428009555115
9,2,UB0049,0.35590302782992311,-0.55427653285904788,-0.03899066214588752,0.061869225578400293
9,2,UB0051,0.11725218994237624,-0.17077751473807873,0.010685660840743738,-0.036264034461535061
9,2,UB0053,0.061645784778852651,0.19224568632713976,-0.04832788734336825,-0.07076760173261161
9,2,UB0054,0.21940011210374655,-0.6068240191383466,-0.22375334993644969,-0.28611128078380688
9,2,UB0057,0.19245797041296439,-0.50777861054870033,-0.2228538003908313,-0.06689344419567983
9,2,UB0059,0.061723532376900654,-0.12508618221223489,0.074766583873594888,0.010900894160674843
9,2,UB0061,0.0069426638141909369,-0.50025567662950854,0.026271329383340356,0.15134385258617583
9,2,UB0073,0.058823275877758624,0.17180448520274272,-0.028949644882992051,-0.050391851749254396
9,2,UB0074,0.046872722701754743,-0.381891827493268,-0.091495304504772751,-0.10300724044075078
9,2,UB0080,0.22576058574491142,-0.61741616164951507,-0.2229224893989166,-0.11545700036428561
9,2,UB0084,0.17094266117240331,-0.15028150289347436,-0.070082648548854279,-0.074847809654580238
9,2,UB0087,-0.072255307696944243,0.87497775868154848,0.1228907633845768,0.019893033435618379
9,2,UB0091,0.13190115335230154,-0.23804809025169388,0.003579423560801126,-0.029014817196440834
9,2,UB0115,-0.070300307447400859,0.20863671112201035,0.051994555536448939,-0.1110109037726493
9,2,UB0122,-0.24887791473378557,-0.36042823579607908,0.33684179246097534,0.4029788466527271
9,2,UB0142,-0.13727078681392144,0.8499514007827893,0.18986439228934587,0.10505779826169109
9,2,UB0164,0.075919024371146449,-0.35968553433389083,0.050472798524446277,-0.10839371351964566
9,3,UB0024,-0.68429414240409492,0.53608435704890223,0.57118293916820373,0.34031848805686526
9,3,UB0030,0.42323409584259297,-0.5267441041661618,-1.462687106139362,-0.44069695730274805
9,3,UB0039,0.1158056959176588,-0.51734591099249538,-0.171556579169971,0.017861173106575933
9,3,UB0042,0.5058321128028368,-0.53113936929205285,-0.54418890781594331,-0.19163607387620624
9,3,UB0047,0.32573308254796052,-0.54955079501015713,-0.21135411200825011,-0.078427005112784415
9,3,UB0052,-0.14843794827455428,0.027889966155483982,0.35348934332341497,0.26900006112273084
9,3,UB0072,-0.49191860074418831,0.32850693296524414,0.44884078617140377,0.14782409246740724
9,3,UB0089,0.36320468330186528,-0.43284166616953673,-0.48944513134151901,-0.15404920403668923
9,3,UB0098,-0.60118752729111091,-0.86113578573061234,-1.7283546346384244,-0.46823984816795539
9,3,UB0118,-0.36348853908189049,0.032894681539930588,-0.15594231720007459,-0.061962205538608747
9,3,UB0120,-0.14447336915979,0.19483321070821197,-0.36267397764152565,-0.19057453133325952
9,3,UB0126,-0.13388865012335899,0.035237902061532572,0.022283721101048128,-0.0092721916604857919
9,3,UB0127,-0.38375220336311811,-0.34687662845955913,-0.68039095005955996,-0.13656011284221678
9,3,UB0129,-0.35829213020760281,-0.03283914327168521,-0.065439263739407338,-0.0033955353566364407
9,3,UB0140,0.14205829163260972,-0.24269665430479637,-0.046290550074384457,-0.0066188050809518131
9,3,UB0150,0.55804954717637179,-0.33553600980802045,-0.29289159197363007,-0.084686585040072065
9,3,UB0156,-0.45956987443857061,-0.3694834754617039,-0.13839814010970117,0.0062016533396586151
9,3,UB0161,-0.54004644049804762,0.21250157381260268,0.39771444520030819,0.25432731026094763
9,3,UB0173,-0.46669465548378242,0.12866600121372829,0.24040162442910409,0.11011048200716637
9,4,UB0007,0.17151361365875606,0.18747263485076837,0.099676967475848088,0.058019765437582131
9,4,UB0028,-0.15552364786477116,0.036854202695478296,0.056676365184789919,0.035493164165137175
9,4,UB0034,0.31215372428322308,-0.33940518691285998,-0.15276646211381295,-0.083475555306943561
9,4,UB0060,0.34747524104513161,0.08025109605963221,0.00024378501737766685,-0.014099844084063649
9,4,UB0063,0.28339238084300827,-0.197153228956569,-0.01442551843495991,-0.00025339607868037246
9,4,UB0071,0.21169151608082168,0.23898775065728128,0.0025262304456225293,-0.039271575754015957
9,4,UB0075,-0.0096539909921436219,0.24547916357238536,0.12467437115270462,0.051435822412290541
9,4,UB0081,-0.36163032260055972,0.17689125699910505,0.043331500192137676,0.0054779405268398241
9,4,UB0083,-0.61145441459536609,0.2053750639756497,0.12137186235278573,0.051522454179167385
9,4,UB0086,-0.074111575793248938,-0.1229340430723278,0.028738691312602135,0.032135200834189144
9,4,UB0099,-0.47020221305211285,0.4382029821713348,0.074633771605661731,-0.031272153744898237
9,4,UB0104,-0.081453057400558845,-0.19739379091927756,-0.041913190273148167,-0.019241730640916714
9,4,UB0105,0.41715331326434285,-0.22514450745145165,-0.098347580616400351,-0.029835185595010416
9,4,UB0106,0.23729326370114764,-0.21101342528418771,-0.13282236973765307,-0.045883071817536938
9,4,UB0119,-0.3399356992481512,0.32889392920979982,0.15080918821432254,0.038407137067879474
9,4,UB0124,-0.69016709238807428,0.24412575059724284,0.16016500602971134,0.09577149634667842
9,4,UB0138,-0.16268612868900717,0.22212266423929145,0.082568964153218127,0.0029738040528343892
9,4,UB0158,-0.25118315553377379,-0.12125798226274236,0.045319683995512193,0.043348803408205336
9,4,UB0169,0.29380306447748111,0.026942130850095617,0.00077847119243249982,-0.020251269509174125
