participant_id,baseline_refit_logit_delta,perm_entropy_logit,hjorth_mobility_logit,hjorth_complexity_logit
UB0004,0.12745923553151092,0.1824334604994286,0.1272215721256614,0.083525617849665945
UB0007,0.057571394436557607,0.37394506881436324,0.083068349735673494,0.10041327727191358
UB0020,0.6193059626895121,0.1428618985794011,0.10660045260056561,0.080713519554376029
UB0021,0.19184381545410481,0.27743004192266996,0.028946172557822385,0.0200553896920002
UB0023,1.3495593828778945,0.030193489789049149,0.045585195881882576,0.039923041526398799
UB0024,0.53312178096897656,0.5198210118554577,0.39062826131164846,0.19606980120466252
UB0028,0.32367875635904847,0.11151331968543923,0.18280555893993253,0.110122308717294
UB0029,0.23794409210956391,0.21014054380499586,0.13011903425500665,0.1153084794625685
UB0030,0.43308523446801334,0.52596502994278671,0.84614983074070838,0.32465647791355662
UB0032,0.47702770764735691,0.34831874916490113,0.16688050089104992,0.090499610370397637
UB0034,0.39538375112150076,0.83593261221618709,0.53133054731979845,0.27946405806344893
UB0035,0.29573059403661855,0.68685039209977616,0.67828905050805477,0.2893313812260157
UB0039,0.60632765609883166,0.55313810271799846,0.072237134983747023,0.062390227354140668
UB0042,0.46049431452814649,0.61740285884698864,0.42085665853698923,0.26274902637485076
UB0044,0.2018803396962737,0.3334585211138672,0.02140745590024095,0.053005954028429628
UB0045,0.61882014373489147,0.69664327096539813,0.054947124610170386,0.081569150620799308
UB0046,0.63445264833981918,0.52142090990249956,0.14214189728858614,0.10867579373647578
UB0047,0.244884773154778,0.5624310180701857,0.1948914302696422,0.066539659248071675
UB0049,0.47592464825322606,0.53095583471848573,0.10012368717968853,0.034978630698456685
UB0051,0.36328382396006259,0.13903278072636174,0.071152579803362273,0.043991852770848404
UB0052,0.18980708610516522,0.02618956483863864,0.16102349887153608,0.19953402573965312
UB0053,0.13437441146179699,0.24225750335768331,0.0287158891360614,0.026902075418348013
UB0054,0.94722020871732493,0.55814608799282095,0.15397915780558177,0.16310452250804613
UB0056,0.82291623746545495,0.40373375730646721,0.02554722359037697,0.041254186735870189
UB0057,0.26749156697012616,0.51504966036382482,0.43385541227278795,0.20792351556488389
UB0059,0.069196639940424062,0.070993567587489939,0.047548719571002353,0.049724367122503346
UB0060,0.18093587065077663,0.12914772705025951,0.068238112203462167,0.09115248609410978
UB0061,0.069622457769215954,0.47611343065625034,0.047141105956167786,0.079690201736618532
UB0063,0.20164391794696832,0.51480889349262826,0.17369641237568617,0.085626117664357626
UB0065,0.47206750206146636,0.039128656080338983,0.041198618688067935,0.056040263544709513
UB0066,0.25785455826230808,0.81622302860031426,0.21255651537500256,0.053079538756613566
UB0070,0.11041093105968074,0.10937789922646532,0.06890656049258595,0.038297463923625499
UB0071,0.084352192930668021,0.38266051252776412,0.17753413590303119,0.10806282230711348
UB0072,0.45264623601059223,0.3198001148166244,0.27238564510264995,0.10718129151828185
UB0073,0.074263742912158551,0.16442150049438289,0.03251600831674889,0.039763567928539155
UB0074,0.1258517002299703,0.42134837669922021,0.062483382874577734,0.085767292307660836
UB0075,0.13125635954436427,0.471108417194674,0.18646537366967375,0.090283219604201742
UB0077,0.59449738429277532,0.36582891126071326,0.1489726853210091,0.10637116848507722
UB0078,0.19726298548694143,0.10457569178828523,0.087845744305873691,0.032941246057128989
UB0079,0.11266202890399639,0.22548013525782434,0.10480782745242538,0.099804178451915901
UB0080,0.42072155947853851,0.62646921568488922,0.29240756894839992,0.09320909580112878
UB0081,0.23146072564960382,0.35067626997637552,0.053178451028045928,0.049933681232605109
UB0083,0.46307002698055105,0.42899399020713574,0.145736946616218,0.065291613135802812
UB0084,0.16776223616824723,0.12862165915025472,0.032076830204790401,0.053033796799922331
UB0085,0.34380637379888335,0.25236795190610528,0.08834766922182874,0.3121794472124601
UB0086,0.2097448782113879,0.29975412517675826,0.064205008127450475,0.065376550291470867
UB0087,0.12804310549006348,0.80604482438242964,0.2097800199647038,0.016347877384376187
UB0089,0.38730140477359437,0.46284522310145915,0.22278331233159848,0.08708238883562533
UB0090,0.45337387299346882,0.62736985379976651,0.052760978315374948,0.031365951711654183
UB0091,0.18929010392755111,0.22483802052672236,0.098467373565208793,0.062986815679577021
UB0098,0.68019656662890216,0.94345713389035823,1.0315323427940157,0.2887201350423888
UB0099,0.49328071156875747,0.94603179938165005,0.09208785368568459,0.075019794534339879
UB0100,0.78303402995018256,0.26709401338515293,0.16193618176454899,0.15624573378041035
UB0102,0.1342565400642928,0.74059115951694943,0.07670462137104854,0.069354039103603132
UB0103,0.18862844361665307,0.56113635583146004,0.18685074860112705,0.063352259204108016
UB0104,0.19178822705597409,0.49359377496876322,0.17300426124380719,0.096377011241191385
UB0105,0.28218924811478391,0.54090372793723984,0.10050096040743813,0.10794402409844168
UB0106,0.24405157603000144,0.4763523720540519,0.18799415430290736,0.12972235598126353
UB0107,0.19046986519077025,0.15431030239772642,0.29719294467628793,0.14975883071260926
UB0109,0.29059509875536071,0.33644763495414282,0.070411302258986258,0.0765283120154924
UB0115,0.12374428391727769,0.23791864860837547,0.076183513949407325,0.051601024852598508
UB0118,0.54421300628070823,0.23283940947134357,0.089858875640676406,0.049130292033684977
UB0119,0.29745648049316531,0.80739700051824437,0.17110403002733365,0.096456930443973937
UB0120,0.12304818169167978,0.19900887186684518,0.13046036874675399,0.084373144692491325
UB0122,0.38873795232496766,0.27730629881439295,0.27808994564886602,0.30514346932386138
UB0124,0.6612590310558023,0.58251695552971505,0.29897702917257279,0.15372740895829323
UB0126,0.26357149693538762,0.12536742939507789,0.026676561909245132,0.04304939434923491
UB0127,0.43574648117615383,0.37925822698615014,0.38604597664739415,0.1533530278089984
UB0128,1.0032571470591738,0.56385118074369767,0.15178519582579789,0.035496507071496479
UB0129,0.37849082250195287,0.058057478237388063,0.06926814334776589,0.046529577303369679
UB0131,0.25454097939192277,0.51255826197208842,0.2300704536919628,0.2960413048923588
UB0132,0.28570749564154518,0.53241243418229767,0.11442723117532147,0.024211899180826842
UB0133,0.070434682437271162,0.16676072538627218,0.086355513808366771,0.072376479505397759
UB0134,0.12965681372549345,0.8987291568272664,0.041058387498894344,0.078894658874582663
UB0138,0.28392974329733089,0.48462244709577929,0.068610521282365208,0.069353585888230707
UB0139,0.32393697973564561,1.1285296687042077,0.2106373754135229,0.03107966997655599
UB0140,0.20123508765614648,0.34138755035464924,0.055719353622617075,0.047963974229671115
UB0142,0.22692488295237961,0.93655705377202025,0.30809062796949271,0.097615499143743359
UB0143,0.34724754697042581,0.17767493870069134,0.13494602312055842,0.11833274349668395
UB0144,0.074060532559980241,0.74172360056827258,0.076775338129105794,0.043716921541152698
UB0147,0.48323966182136385,0.044952923510138174,0.24157783438677188,0.24405229498411143
UB0150,1.1049944628237682,0.18113374486238804,0.16920780660497017,0.06901986223882331
UB0153,0.33592537849819132,0.22522804696207915,0.28034208010169548,0.092922385948438185
UB0154,0.12083212902364519,0.33226770374573289,0.09946246110921228,0.088794842722337147
UB0156,0.44969008690121093,0.40014392924527281,0.060108787847460751,0.071461372467646972
UB0158,0.27022910207692613,0.12251739204188075,0.24566532256519152,0.1428216303198912
UB0161,0.47343774390194182,0.20454225998392878,0.2554882226919627,0.14103447496657157
UB0162,0.43221716014358319,0.44421671499120324,0.20574328965641236,0.08799636468163996
UB0164,0.16124408843447319,0.34394603922302236,0.12704232631857909,0.11807041042571058
UB0166,0.31758076561023046,0.033835664574729848,0.1341068982787216,0.12108157446693517
UB0168,0.74002407555076588,0.073751341522538622,0.1141723807362111,0.12475613471882048
UB0169,0.29270945426126044,0.033953170201639786,0.050743523575251651,0.038320303967392583
UB0170,0.22627287930152223,0.15070973526572612,0.16844788695696583,0.1530071418588867
UB0172,0.51817273118276574,0.4149114456070328,0.067562154477295966,0.062352729931266615
UB0173,0.55568665437549569,0.16530014883639246,0.14335391381018686,0.070900509278922996
UB0176,0.5610111729408811,0.51650176163230865,0.16517576279726154,0.080665700841587903
