participant_id,y,mean_delta_ll,min_delta_ll,max_delta_ll,p_baseline,p_augmented,model,baseline,device,clean_window_fraction,interpolation_count
UB0004,0,-0.1262358583600624,-0.49986670731748506,0.061837018973975977,0.29492696624354048,0.37046360180251381,original_adaptive,M2,Epoc X,0.79099678456591638,0
UB0007,0,-0.36577512598258888,-0.64605874492706883,-0.089731442141302076,0.36778053221421048,0.55413313943679765,original_adaptive,M2,Epoc+,0.92982456140350878,0
UB0020,0,-0.12597460527425333,-4.6386133224405004,1.0770072237003081,0.6687371689885685,0.55423391686320478,original_adaptive,M2,Epoc X,0.7526132404181185,0
UB0021,1,-0.12123316302761038,-0.27865160680255829,-0.012385438255983594,0.49145242733917505,0.43608443318343415,original_adaptive,M2,Epoc X,0.96655518394648843,2
UB0023,1,-0.30932625094503863,-0.4509513349331658,-0.10272762841709795,0.84270569462516109,0.62340378834546395,original_adaptive,M2,Epoc X,0.79929577464788737,0
UB0024,1,0.13475033834137645,-0.098247825626270824,0.26434972764758941,0.67865532411792995,0.77990853393153825,original_adaptive,M2,Epoc X,0.86689419795221845,0
UB0028,1,0.42170061847570117,0.12209500338046853,0.93829439422441652,0.39342700736475883,0.59165111387507996,original_adaptive,M2,Epoc X,0.72791519434628971,0
UB0029,1,0.035995376883253563,-0.11581984532489686,0.38635505840047968,0.51536835077173992,0.53535425757477451,original_adaptive,M2,Epoc X,0.80496453900709219,0
UB0030,0,0.2382608488746118,-0.0042629049483563497,0.4377673456352234,0.30227587532172107,0.11396562115543976,original_adaptive,M2,Epoc X,0.85616438356164382,0
UB0032,0,0.077469750555164557,-0.027070087943420695,0.42070093021973021,0.34954462979542689,0.29441975068848736,original_adaptive,M2,Epoc X,0.64516129032258063,0
UB0034,0,0.23279729208106384,0.13458871211481788,0.36961197309152499,0.36850080652082989,0.2012801897517516,original_adaptive,M2,Epoc X,0.80191693290734822,0
UB0035,0,0.28214369243097825,0.19992226707342634,0.38449785660759606,0.3668304619359789,0.16162089727735351,original_adaptive,M2,Epoc X,0.86217948717948723,0
UB0039,0,0.61338354364227854,0.0066854739432825605,1.6351785712721227,0.68097363474316208,0.45676448970976458,original_adaptive,M2,Epoc X,0.84154929577464788,0
UB0042,0,0.014494914529342734,-0.078672791454265062,0.11590515366687407,0.1746281810835644,0.16088578295149156,original_adaptive,M2,Epoc X,0.7593220338983051,0
UB0044,0,-0.18697509857603384,-1.0574322730477403,0.066992511814212341,0.42479421311943255,0.5041445100446198,original_adaptive,M2,Epoc X,0.87456445993031362,0
UB0045,0,0.036335724446247608,-0.17466716607443011,0.25630952763001469,0.30389709171889773,0.27246747837717344,original_adaptive,M2,Epoc X,0.64536741214057503,0
UB0046,0,0.047662160735374499,-0.06592041507539094,0.18004160862230489,0.16192127411884127,0.12026979974212881,original_adaptive,M2,Epoc X,0.83828382838283833,0
UB0047,0,0.065801073637906368,-0.16874306242685644,0.23559338438511052,0.40786042168436154,0.36219603163365993,original_adaptive,M2,Epoc X,0.80000000000000004,0
UB0049,0,0.037645173529620428,-0.091914511339370064,0.16551972309330903,0.33945569553905119,0.31365309171160671,original_adaptive,M2,Epoc X,0.81597222222222221,0
UB0051,0,-0.077360064750467625,-0.20147637562790799,0.10039293176739997,0.20781312876015862,0.26284044769562759,original_adaptive,M2,Epoc X,0.87713310580204773,1
UB0052,0,0.051609552706935777,-0.12457124693609178,0.33260822449461935,0.57474655178791589,0.55030272722639795,original_adaptive,M2,Epoc X,0.80281690140845074,0
UB0053,0,-0.20646899225836307,-0.33074130935257967,-0.052596006117651584,0.28475134258929474,0.41610272035689305,original_adaptive,M2,Epoc X,0.82539682539682535,0
UB0054,0,-0.063651546312777293,-0.18478824722796844,0.074631846368874502,0.13794187332624619,0.18856581471073658,original_adaptive,M2,Epoc X,0.93214285714285716,2
UB0056,0,-0.16865772020266284,-0.45294835700283409,0.057420722694216941,0.15076576037968473,0.27048532548014886,original_adaptive,M2,Epoc X,0.70903010033444813,1
UB0057,0,0.063242019749569153,-0.10078707177067575,0.18165002525672608,0.21768794415955658,0.16473395058956011,original_adaptive,M2,Epoc X,0.93036211699164362,0
UB0059,0,-0.08482236878769478,-0.19550483661043355,0.035106792104608264,0.30793896789564251,0.36244457674072017,original_adaptive,M2,Epoc X,0.9342105263157896,0
UB0060,0,0.020731175962924883,-0.15287515716376832,0.21214250085196842,0.26938253467502571,0.25076505857337522,original_adaptive,M2,Epoc X,0.90845070422535201,2
UB0061,0,0.13423078257210252,-0.00010333723203537204,0.40804497294054909,0.30540592074515877,0.2036513834780605,original_adaptive,M2,Epoc X,0.94352159468438523,0
UB0063,0,0.034632096269468747,-0.11379080871098225,0.31796871752397898,0.27977033428817372,0.2540686847622004,original_adaptive,M2,Epoc X,0.71174377224199292,0
UB0065,0,-0.032840135443400489,-0.28211476139400471,0.26924262794569853,0.23133907809618287,0.25462671616011989,original_adaptive,M2,Epoc X,0.85865724381625441,0
UB0066,0,-0.28566619651673764,-0.43353804853839334,-0.063685016447471876,0.26634675534717883,0.44691555315881704,original_adaptive,M2,Epoc X,0.77864583333333337,0
UB0070,1,-0.015110144129507064,-0.75096014501131458,0.24096514886389653,0.43579510104053865,0.44097025947565183,original_adaptive,M2,Epoc X,0.93537414965986398,1
UB0071,0,-0.32963213959471493,-0.73424672805123581,-0.084806010048331104,0.31842432243995622,0.50347609380322944,original_adaptive,M2,Epoc X,0.94039735099337762,0
UB0072,0,-0.002305353140823696,-0.30495060642257787,0.27078594134276357,0.60459984052247306,0.60023209954647938,original_adaptive,M2,Epoc X,0.83056478405315615,0
UB0073,1,-0.03242046624606211,-0.16975801337395613,0.098505677728660479,0.48808459154275274,0.47463363473705611,original_adaptive,M2,Epoc X,0.86195286195286192,0
UB0074,1,-0.14885458293328832,-0.33791623632835832,0.0043213965978563529,0.49771770056144427,0.42799626341141933,original_adaptive,M2,Epoc X,0.85616438356164382,0
UB0075,0,-0.67848210364548978,-0.99915368213000577,-0.22569533136170361,0.35724209564674958,0.66299573780332999,original_adaptive,M2,Epoc X,0.87285223367697595,0
UB0077,1,0.28507905562901881,-0.18055833485447215,0.9383002635212303,0.18208729444185698,0.23099616652002902,original_adaptive,M2,Epoc X,0.85526315789473684,0
UB0078,1,0.17379894953689015,-0.156230613820457,0.49018407170938549,0.23622059255203767,0.2785612897549104,original_adaptive,M2,Epoc X,0.84511784511784516,0
UB0079,0,0.081587023382912988,-0.093328015717941637,0.25352563150652552,0.25775316032710027,0.18920045368354294,original_adaptive,M2,Epoc X,0.91349480968858121,1
UB0080,0,-0.36479634285821816,-1.4058454395621438,0.086878466517422342,0.20858597544107119,0.41179101832683396,original_adaptive,M2,Epoc X,0.79797979797979801,0
UB0081,0,0.13185880860442925,0.033638734252400493,0.42362704356684672,0.54400379385206366,0.4752204670873123,original_adaptive,M2,Epoc X,0.92123287671232879,1
UB0083,1,-0.44837866018127881,-0.96649799154607607,-0.040517944929781002,0.66247355230434268,0.4407769827699507,original_adaptive,M2,Epoc X,0.6182432432432432,0
UB0084,0,-0.081963289645811496,-0.28802692619106252,0.069157073410929915,0.41703086131363509,0.45780347305091479,original_adaptive,M2,Epoc X,0.90268456375838924,0
UB0085,1,-0.28524644342714184,-0.83398885884782759,0.51088520148132432,0.43178648507902384,0.32968890069673307,original_adaptive,M2,Epoc X,0.61538461538461542,0
UB0086,1,-0.80705732707141009,-2.4973407593142736,-0.2514624355084375,0.51288308955811002,0.25453341949426556,original_adaptive,M2,Epoc X,0.9866666666666668,1
UB0087,1,0.28476541457609433,0.087510189183774068,0.41807068715911933,0.5428053871398445,0.72442784782002412,original_adaptive,M2,Epoc X,0.95205479452054798,1
UB0089,0,0.072493351167352171,-0.045848215674486686,0.19111743747903884,0.23308129052378906,0.17337068078918061,original_adaptive,M2,Epoc X,0.83501683501683499,1
UB0090,0,-0.40640324869690447,-1.2260297310055814,-0.20002418558326601,0.44119370733634578,0.61663022346121421,original_adaptive,M2,Epoc X,0.91095890410958902,0
UB0091,1,-0.16097658900165826,-0.31045087251691705,-0.041476353330886284,0.52353330350703664,0.44568050891140765,original_adaptive,M2,Epoc+,0.85772357723577231,0
UB0098,0,0.79019637868135595,0.38476246989387919,1.2307988348175154,0.66537186807103355,0.25797008814799927,original_adaptive,M2,Epoc X,0.99280575539568361,0
UB0099,1,-0.12472075597792764,-1.0603353730561058,0.13367058076241817,0.60208208291665699,0.54371093541707749,original_adaptive,M2,Epoc X,0.93515358361774759,2
UB0100,0,0.13184973656049453,-0.3504368055198821,0.56137471619633028,0.77220779594198075,0.74078050192372746,original_adaptive,M2,Epoc X,0.82269503546099287,1
UB0102,1,-0.33242858726618829,-0.89994454199661922,0.017241333125390668,0.49422644550456873,0.36689441792262933,original_adaptive,M2,Epoc X,0.90877192982456156,1
UB0103,0,-0.17996051039253014,-0.34019155261798001,0.0047988576896978996,0.32237778658254845,0.43246702294901002,original_adaptive,M2,Epoc+,0.86928104575163401,0
UB0104,0,0.079252432309844217,-0.20988226534272952,0.42888576416256918,0.40252598879582557,0.34821760611524372,original_adaptive,M2,Epoc X,0.87142857142857144,1
UB0105,0,-0.02866253844322466,-0.13252251444449636,0.065022571706548071,0.2430915581842113,0.26414079963748865,original_adaptive,M2,Epoc X,0.91003460207612441,0
UB0106,1,0.065563858366658331,-0.29534551684725474,0.63908979260535359,0.35362401308688657,0.40056873695997491,original_adaptive,M2,Epoc+,0.92031872509960155,0
UB0107,1,0.66045386345504542,0.43931854345196519,1.1631297452767566,0.27164386204667323,0.52393488625023121,original_adaptive,M2,Epoc+,0.77689243027888444,0
UB0109,0,0.004287680193222526,-0.11872088993952556,0.076876837370817519,0.2582091799505063,0.25354656436517031,original_adaptive,M2,Epoc+,0.77819548872180455,0
UB0115,1,0.27036470978390947,-0.14974177110003617,0.45833307349718755,0.30515954755503694,0.40547484134865508,original_adaptive,M2,Epoc+,0.91954022988505757,0
UB0118,1,-0.24917022695106508,-0.722222989086024,-0.024881708162071914,0.61624430927905416,0.48386427318548664,original_adaptive,M2,Epoc+,0.89411764705882357,0
UB0119,1,0.014491244485042376,-0.43303672830680923,0.39429197304168195,0.5870741786455268,0.59994739015579035,original_adaptive,M2,Epoc+,0.8571428571428571,0
UB0120,1,-0.21966672734548282,-0.79158613256498167,0.40146433994571951,0.49873113248002171,0.42575416377207287,original_adaptive,M2,Epoc+,0.80859375,0
UB0122,0,0.17249695903562143,-0.19660227101686023,0.49192605776584009,0.54743204078321206,0.46386672708968391,original_adaptive,M2,Epoc+,0.94936708860759478,1
UB0124,1,-0.19424165086916481,-0.36714452138949705,0.041923268334691233,0.7048151096489591,0.58141145080633472,original_adaptive,M2,Epoc+,0.9285714285714286,0
UB0126,0,-0.14745521455372815,-0.33496475656267533,0.035833571118500551,0.27469947546762324,0.3728907901534067,original_adaptive,M2,Epoc+,0.96019900497512445,0
UB0127,1,-1.0293349604926347,-1.9536245774940408,-0.43156830944155222,0.4343452160120112,0.1660417960338354,original_adaptive,M2,Epoc+,0.88429752066115708,0
UB0128,1,-0.032162479968926572,-0.21667086965218305,0.14147687702514536,0.92337547900910177,0.90026233125272803,original_adaptive,M2,Epoc+,0.93999999999999995,0
UB0129,1,0.0023068006645132698,-0.096539570221718662,0.11800531171566475,0.56590342120865422,0.56774159798838786,original_adaptive,M2,Epoc+,0.91050583657587558,0
UB0131,0,-0.2911067345844533,-0.36287948457278923,-0.21067988177084268,0.28691344894985471,0.46647928470106353,original_adaptive,M2,Epoc+,0.95454545454545459,0
UB0132,1,-0.11992228570014687,-0.20457974309580962,0.052327563155225909,0.56359900544382924,0.49943354771848075,original_adaptive,M2,Epoc+,0.84120171673819744,0
UB0133,0,-0.14023710217962707,-0.2938714072123686,0.38528908731258682,0.44916971174178111,0.50636978612930839,original_adaptive,M2,Epoc+,0.79607843137254897,0
UB0134,1,0.024179192359786938,-0.15432703174030826,0.12664090120541405,0.42721172302606158,0.43779025865524951,original_adaptive,M2,Epoc+,0.96062992125984237,0
UB0138,1,-0.026978676893840765,-0.2415784924082095,0.34071074775303672,0.55576491987883903,0.54017014330197455,original_adaptive,M2,Epoc+,0.90170940170940161,0
UB0139,0,-0.54917858972218903,-1.2775598473923715,-0.10505941318076228,0.60193284754706045,0.75230276006260977,original_adaptive,M2,Epoc+,0.89873417721518989,0
UB0140,1,0.11509649093439649,-0.15989943025245545,0.50001600137010371,0.35562553521334339,0.39824898804230313,original_adaptive,M2,Epoc+,0.92608695652173922,0
UB0142,1,0.67679188258733036,-0.17781749179985828,1.607540683447362,0.23889331539288347,0.47479633948847833,original_adaptive,M2,Epoc+,0.98023715415019763,0
UB0143,1,-0.19746599218949229,-0.51183763471713561,-0.027245301214803619,0.57319102950651368,0.47718572556010858,original_adaptive,M2,Epoc+,0.82251082251082253,0
UB0144,1,0.15622715390384084,-0.093671031462539855,0.37529681427826778,0.52720369027532343,0.62702860159756213,original_adaptive,M2,Epoc+,0.96846846846846835,1
UB0147,0,0.13323178854813061,-0.11620285975563205,0.55317232942941774,0.5984981612245589,0.53465011605229529,original_adaptive,M2,Epoc+,0.90000000000000002,1
UB0150,1,1.2271361233215266,0.59917930578760048,2.43744375922339,0.15650199772244416,0.46244797873247234,original_adaptive,M2,Epoc+,0.9676113360323888,0
UB0153,0,-0.027285851663303145,-0.13270078725317641,0.15283283217328453,0.22639062291464573,0.24705175677396154,original_adaptive,M2,Epoc+,0.88847583643122674,1
UB0154,0,-0.35493725336064913,-2.8491342140576243,0.10583256023424026,0.43815233629480871,0.52769451314588578,original_adaptive,M2,Epoc+,0.85460992907801414,0
UB0156,0,0.040907614750219125,-0.17578628659039988,0.33496018292805779,0.25058897104672917,0.21577186997697165,original_adaptive,M2,Epoc+,0.90243902439024404,1
UB0158,0,-0.61933536934580702,-1.5560031290368772,0.075749840410609948,0.5138662770582284,0.70011485108432248,original_adaptive,M2,Epoc+,0.83203125,0
UB0161,1,-0.04859759258476281,-0.29745380214987094,0.29570994810633422,0.68105956182227601,0.65262929524040902,original_adaptive,M2,Epoc+,0.91791044776119401,1
UB0162,1,0.16386044892721571,-0.02204444514587961,0.52376955017335258,0.52922245416641278,0.62238576141006674,original_adaptive,M2,Epoc+,0.91101694915254239,2
UB0164,1,-0.15580101904340835,-0.59903505793166056,0.076649800871757434,0.47966730087939596,0.41179415243610507,original_adaptive,M2,Epoc+,0.8379446640316206,0
UB0166,1,-0.0025335906077012748,-0.2164056485532429,0.18701124215510107,0.54003744050724822,0.5394408091351699,original_adaptive,M2,Epoc+,0.93385214007782102,0
UB0168,1,-0.46240141825234771,-1.2096830812226604,0.051834886907639821,0.54744217454261079,0.36883952377193302,original_adaptive,M2,Epoc+,0.8559670781893004,0
UB0169,0,-0.25280607595386045,-0.42005115443700092,-0.069845002568655057,0.26015885646040071,0.42387929843493355,original_adaptive,M2,Epoc+,0.82051282051282048,0
UB0170,1,0.037400926864272897,-0.174279035773104,0.26776153550429771,0.49019082574065925,0.51448261229323966,original_adaptive,M2,Epoc+,0.85470085470085466,0
UB0172,0,0.36633377098366637,-0.20937057203333986,1.4878387613009929,0.72962159530834392,0.60895699577138107,original_adaptive,M2,Epoc+,0.93486590038314177,1
UB0173,0,0.27453462482455337,-0.014614749621368439,0.73738033476639064,0.63361650489724897,0.52206887335491758,original_adaptive,M2,Epoc+,0.9346938775510204,0
UB0176,0,-0.044121902540633494,-0.13066775803671815,0.14363974996689499,0.18460278237993294,0.21927047054834897,original_adaptive,M2,Epoc+,0.92207792207792205,0
UB0004,0,-0.043243053422648982,-0.095325167483117423,0.028803441076917291,0.29492696624354048,0.32448639475618413,E4,M2,Epoc X,0.79099678456591638,0
UB0007,0,-0.21919493284660688,-0.38559389126643878,-0.0057220105841153668,0.36778053221421048,0.49045482605627849,E4,M2,Epoc+,0.92982456140350878,0
UB0020,0,0.41080093483154301,0.14438711061039444,0.96530717778232389,0.6687371689885685,0.51975035783104118,E4,M2,Epoc X,0.7526132404181185,0
UB0021,1,-0.25151672923578455,-0.34228325172099372,-0.17459126993948648,0.49145242733917505,0.38244442714061549,E4,M2,Epoc X,0.96655518394648843,2
UB0023,1,-0.2285448113950006,-0.4493409357759755,-0.11871262288417037,0.84270569462516109,0.67182344440654618,E4,M2,Epoc X,0.79929577464788737,0
UB0024,1,0.13669709143535841,0.021590493697778212,0.22630555375755362,0.67865532411792995,0.77828886221918547,E4,M2,Epoc X,0.86689419795221845,0
UB0028,1,0.27876196513348439,-0.01340842676948506,1.0398336375329362,0.39342700736475883,0.50087236297040127,E4,M2,Epoc X,0.72791519434628971,0
UB0029,1,-0.11443865664262401,-0.32135563108587928,0.056634327919444116,0.51536835077173992,0.4611549376389944,E4,M2,Epoc X,0.80496453900709219,0
UB0030,0,0.23876475851037351,0.09546236950656678,0.30515046464669271,0.30227587532172107,0.11496893577370806,E4,M2,Epoc X,0.85616438356164382,0
UB0032,0,0.044318635496230462,-0.074705925912763704,0.11304550448960915,0.34954462979542689,0.3205567070720618,E4,M2,Epoc X,0.64516129032258063,0
UB0034,0,0.29919407569410877,0.077509476390470955,0.37900205204868309,0.36850080652082989,0.14814775031225896,E4,M2,Epoc X,0.80191693290734822,0
UB0035,0,0.31323532499374307,0.21546484212682004,0.41767489428792726,0.3668304619359789,0.13525985697671886,E4,M2,Epoc X,0.86217948717948723,0
UB0039,0,0.60212166942386758,0.11721326757178063,1.1661485625556454,0.68097363474316208,0.47004234870450523,E4,M2,Epoc X,0.84154929577464788,0
UB0042,0,0.10406427967207885,0.073258744745917523,0.13431855473586446,0.1746281810835644,0.084348706790375497,E4,M2,Epoc X,0.7593220338983051,0
UB0044,0,0.02640176538423487,-0.060387448857118331,0.081733298177270153,0.42479421311943255,0.4087513531841459,E4,M2,Epoc X,0.87456445993031362,0
UB0045,0,0.0090204786940046196,-0.11902165629352429,0.08560100036658444,0.30389709171889773,0.29700734280174956,E4,M2,Epoc X,0.64536741214057503,0
UB0046,0,-0.0033373753229668499,-0.084689140218669301,0.096813653953724821,0.16192127411884127,0.16485859379157647,E4,M2,Epoc X,0.83828382838283833,0
UB0047,0,0.18908229713302407,0.12753651038872371,0.33198439297524979,0.40786042168436154,0.284866882783812,E4,M2,Epoc X,0.80000000000000004,0
UB0049,0,0.046651727646099789,-0.072451544676244817,0.12679358324675016,0.33945569553905119,0.30920839913118109,E4,M2,Epoc X,0.81597222222222221,0
UB0051,0,-0.059407898902139634,-0.17406679605187067,0.027143864872640699,0.20781312876015862,0.25451139724450578,E4,M2,Epoc X,0.87713310580204773,1
UB0052,0,-0.1011419727625813,-0.32514473303026481,0.21112645760827653,0.57474655178791589,0.6123470292147003,E4,M2,Epoc X,0.80281690140845074,0
UB0053,0,-0.11626765356515956,-0.20128727973254268,-0.03813238617076864,0.28475134258929474,0.36323052368303321,E4,M2,Epoc X,0.82539682539682535,0
UB0054,0,0.014237172750223454,-0.16648102497409864,0.14432610977045185,0.13794187332624619,0.12665468236105232,E4,M2,Epoc X,0.93214285714285716,2
UB0056,0,-0.045535167694726174,-0.12960727997735649,0.015191556177368726,0.15076576037968473,0.18992545476265732,E4,M2,Epoc X,0.70903010033444813,1
UB0057,0,0.12701847494428847,-0.041755743936403342,0.215012997565906,0.21768794415955658,0.11243944298115541,E4,M2,Epoc X,0.93036211699164362,0
UB0059,0,-0.0090909469251820255,-0.067342070374977692,0.039512080210003742,0.30793896789564251,0.3136522625169631,E4,M2,Epoc X,0.9342105263157896,0
UB0060,0,-0.093895937353830658,-0.18366705926546151,-0.020616221501770393,0.26938253467502571,0.33456273263288755,E4,M2,Epoc X,0.90845070422535201,2
UB0061,0,0.11863354254674277,0.079663851585295209,0.1791495816064313,0.30540592074515877,0.21864679637207246,E4,M2,Epoc X,0.94352159468438523,0
UB0063,0,0.12985345777573037,-0.048374936878425298,0.24574291069331106,0.27977033428817372,0.18038557959696727,E4,M2,Epoc X,0.71174377224199292,0
UB0065,0,0.0066163033339723927,-0.17712627585794047,0.12897436442951973,0.23133907809618287,0.23132487528021856,E4,M2,Epoc X,0.85865724381625441,0
UB0066,0,-0.3929788093001525,-0.56213825182742916,-0.2273593329740039,0.26634675534717883,0.50287674595897136,E4,M2,Epoc X,0.77864583333333337,0
UB0070,1,-0.01588822278163813,-0.19799661801081314,0.1402526411142746,0.43579510104053865,0.43109404381779137,E4,M2,Epoc X,0.93537414965986398,1
UB0071,0,-0.044027897207062364,-0.17067091266629075,0.080149689515651101,0.31842432243995622,0.34483044173061239,E4,M2,Epoc X,0.94039735099337762,0
UB0072,0,-0.15783130937617487,-0.29128455893396399,0.030193150307063599,0.60459984052247306,0.66108506914848209,E4,M2,Epoc X,0.83056478405315615,0
UB0073,1,0.094074114373749601,0.01092236304778027,0.18012692900262883,0.48808459154275274,0.53449936290977229,E4,M2,Epoc X,0.86195286195286192,0
UB0074,1,-0.35161970113636315,-0.57716106005387213,-0.21934342334599199,0.49771770056144427,0.3492329533053547,E4,M2,Epoc X,0.85616438356164382,0
UB0075,0,-0.32778193253076149,-0.40156295495558708,-0.19898786798608492,0.35724209564674958,0.53765946139482845,E4,M2,Epoc X,0.87285223367697595,0
UB0077,1,-0.0081312227355720083,-0.38912563062597672,0.6653842753918271,0.18208729444185698,0.16906866061591921,E4,M2,Epoc X,0.85526315789473684,0
UB0078,1,0.31145182699071139,0.13866438040218321,0.66776602438153709,0.23622059255203767,0.31705741589330216,E4,M2,Epoc X,0.84511784511784516,0
UB0079,0,0.075931991613238312,-0.023629725479937164,0.12156679671827694,0.25775316032710027,0.20007970267835526,E4,M2,Epoc X,0.91349480968858121,1
UB0080,0,0.10073678362300245,0.024912461949171349,0.16478029496323324,0.20858597544107119,0.12595135083090328,E4,M2,Epoc X,0.79797979797979801,0
UB0081,0,-0.12824591261197421,-0.21058016013166447,0.07135899830365322,0.54400379385206366,0.59800227939312478,E4,M2,Epoc X,0.92123287671232879,1
UB0083,1,0.030555706403917395,-0.11791827162058494,0.16359610496609805,0.66247355230434268,0.68127407735080503,E4,M2,Epoc X,0.6182432432432432,0
UB0084,0,0.007026640439130827,-0.071018814408896791,0.097726741048347998,0.41703086131363509,0.4120706367694334,E4,M2,Epoc X,0.90268456375838924,0
UB0085,1,-0.088313418404125016,-0.36777614786653745,0.44138531783724577,0.43178648507902384,0.38728300363185647,E4,M2,Epoc X,0.61538461538461542,0
UB0086,1,-0.16355698569633928,-0.35927935189087568,0.048624914076487391,0.51288308955811002,0.43166432668902327,E4,M2,Epoc X,0.9866666666666668,1
UB0087,1,0.30774103574360778,0.14472836150811719,0.38472528249276955,0.5428053871398445,0.73916797560701819,E4,M2,Epoc X,0.95205479452054798,1
UB0089,0,0.06660240813971334,-0.016336896153293756,0.1382131120851581,0.23308129052378906,0.17958039712519294,E4,M2,Epoc X,0.83501683501683499,1
UB0090,0,-0.62335941542834095,-0.78133742592842803,-0.47803344242416662,0.44119370733634578,0.6990151188409528,E4,M2,Epoc X,0.91095890410958902,0
UB0091,1,-0.16995859584886536,-0.37944110661850672,-0.040806466706344913,0.52353330350703664,0.44088007274459146,E4,M2,Epoc+,0.85772357723577231,0
UB0098,0,0.99035967090741206,0.81410828823394543,1.3287530852469438,0.66537186807103355,0.10948466103622172,E4,M2,Epoc X,0.99280575539568361,0
UB0099,1,0.16469828179049859,0.0047775445114717208,0.31049367379283388,0.60208208291665699,0.70752121115040556,E4,M2,Epoc X,0.93515358361774759,2
UB0100,0,0.21518606920961236,-0.29744914930339461,0.81518718670448509,0.77220779594198075,0.73687643251660595,E4,M2,Epoc X,0.82269503546099287,1
UB0102,1,0.30098098955630326,0.11029280764687055,0.47010963257444111,0.49422644550456873,0.66764849454145592,E4,M2,Epoc X,0.90877192982456156,1
UB0103,0,-0.24847898740179147,-0.34635197053166578,-0.16012585567649673,0.32237778658254845,0.47119137905907815,E4,M2,Epoc+,0.86928104575163401,0
UB0104,0,0.20952526648515751,0.062410396683903246,0.35164988434746774,0.40252598879582557,0.26540463027735905,E4,M2,Epoc X,0.87142857142857144,1
UB0105,0,0.055922128927618997,-0.049416625237632239,0.19706047643338259,0.2430915581842113,0.19970384566087721,E4,M2,Epoc X,0.91003460207612441,0
UB0106,1,-0.32709873358928149,-0.68850269339961057,-0.095167572637714137,0.35362401308688657,0.25864628487608909,E4,M2,Epoc+,0.92031872509960155,0
UB0107,1,0.48340339106868074,0.20678605610514544,1.045545816116084,0.27164386204667323,0.42843325177147823,E4,M2,Epoc+,0.77689243027888444,0
UB0109,0,-0.027309801668646799,-0.060401882481800118,0.02570994092044443,0.2582091799505063,0.27806422062321895,E4,M2,Epoc+,0.77819548872180455,0
UB0115,1,0.18234370365972286,0.053613151086339128,0.51279510411560114,0.30515954755503694,0.36247917121437589,E4,M2,Epoc+,0.91954022988505757,0
UB0118,1,-0.17794064967587145,-0.36832968450778797,-0.018353354180057346,0.61624430927905416,0.51143659349725668,E4,M2,Epoc+,0.89411764705882357,0
UB0119,1,0.20589974777712503,0.036769484810762976,0.36923082895822779,0.5870741786455268,0.71976214451256615,E4,M2,Epoc+,0.8571428571428571,0
UB0120,1,-0.065615785920139655,-0.27330158656396852,0.09029146004467703,0.49873113248002171,0.46956242728797715,E4,M2,Epoc+,0.80859375,0
UB0122,0,0.043435770366974977,-0.16697937416714725,0.36707738690683678,0.54743204078321206,0.5270764449436155,E4,M2,Epoc+,0.94936708860759478,1
UB0124,1,0.093788432546739853,-0.097396901045342571,0.24420738184114127,0.7048151096489591,0.77196973184729045,E4,M2,Epoc+,0.9285714285714286,0
UB0126,0,-0.045752004715670369,-0.2211622569582759,0.056661829409267395,0.27469947546762324,0.30870253711278489,E4,M2,Epoc+,0.96019900497512445,0
UB0127,1,-0.83587328246489823,-1.0949077436892829,-0.63278038039957685,0.4343452160120112,0.19009461542583633,E4,M2,Epoc+,0.88429752066115708,0
UB0128,1,0.0070750840995063794,-0.047861200572640733,0.06763637147396509,0.92337547900910177,0.92909783506027266,E4,M2,Epoc+,0.93999999999999995,0
UB0129,1,-0.11203706640936809,-0.32502390706275813,-0.026762704084461242,0.56590342120865422,0.50502468826407343,E4,M2,Epoc+,0.91050583657587558,0
UB0131,0,-0.38565797727232481,-0.52756991428690747,-0.24866147613075379,0.28691344894985471,0.5134531373814254,E4,M2,Epoc+,0.95454545454545459,0
UB0132,1,0.1540397194855995,-0.014838508506654802,0.25961006628128119,0.56359900544382924,0.65429484046867192,E4,M2,Epoc+,0.84120171673819744,0
UB0133,0,-0.13478129471757189,-0.23476378879913862,-0.01546284041217294,0.44916971174178111,0.51885754335142165,E4,M2,Epoc+,0.79607843137254897,0
UB0134,1,0.43537137696051503,0.23581604907555681,0.5523717243491757,0.42721172302606158,0.65973950304166684,E4,M2,Epoc+,0.96062992125984237,0
UB0138,1,0.13681557227689506,-0.049921691092177312,0.32245846803218436,0.55576491987883903,0.63350082079882541,E4,M2,Epoc+,0.90170940170940161,0
UB0139,0,-0.73640188290789643,-0.96482397780702467,-0.37041997092434698,0.60193284754706045,0.80921511823530179,E4,M2,Epoc+,0.89873417721518989,0
UB0140,1,-0.10358196026465254,-0.37464031582398338,0.30209467639060184,0.35562553521334339,0.31887106281064109,E4,M2,Epoc+,0.92608695652173922,0
UB0142,1,0.90577899281838481,0.56592622784208457,1.6406150816013489,0.23889331539288347,0.56816422493050556,E4,M2,Epoc+,0.98023715415019763,0
UB0143,1,-0.12550095875146608,-0.22200035720459188,-0.01308359135296322,0.57319102950651368,0.5066473077023127,E4,M2,Epoc+,0.82251082251082253,0
UB0144,1,0.28697641420124853,0.11728095323639232,0.37410996928676316,0.52720369027532343,0.70284718067105612,E4,M2,Epoc+,0.96846846846846835,1
UB0147,0,-0.0062673780858637836,-0.2677822071026662,0.23350354882418134,0.5984981612245589,0.5992683706161408,E4,M2,Epoc+,0.90000000000000002,1
UB0150,1,0.57932575955805787,-0.12172662812410762,1.4749822968001574,0.15650199772244416,0.24358000608032354,E4,M2,Epoc+,0.9676113360323888,0
UB0153,0,0.072240722421275536,-0.048822262585839771,0.15859791685299995,0.22639062291464573,0.17207895236043447,E4,M2,Epoc+,0.88847583643122674,1
UB0154,0,0.156050820261012,0.068058894500610922,0.21701989586426274,0.43815233629480871,0.34364136215832197,E4,M2,Epoc+,0.85460992907801414,0
UB0156,0,0.10330629560946789,-0.06719780226963093,0.23670627027208335,0.25058897104672917,0.17499038576137826,E4,M2,Epoc+,0.90243902439024404,1
UB0158,0,-0.0056578924736591096,-0.19961015033160079,0.18038149456153907,0.5138662770582284,0.51422443051506783,E4,M2,Epoc+,0.83203125,0
UB0161,1,0.046524869572792983,-0.11878154949277275,0.22275288235407981,0.68105956182227601,0.71275853736847794,E4,M2,Epoc+,0.91791044776119401,1
UB0162,1,0.089750749493285348,0.038848868397392544,0.19037046025407001,0.52922245416641278,0.57745716745244213,E4,M2,Epoc+,0.91101694915254239,2
UB0164,1,-0.19709883993547747,-0.50546763825476726,0.20109024967314304,0.47966730087939596,0.3959060653808571,E4,M2,Epoc+,0.8379446640316206,0
UB0166,1,-0.018142538672382098,-0.16784516543692168,0.06303968259328796,0.54003744050724822,0.5295267807580466,E4,M2,Epoc+,0.93385214007782102,0
UB0168,1,-0.31779590777470568,-0.64208908596305136,-0.066799530099002746,0.54744217454261079,0.40919477109861796,E4,M2,Epoc+,0.8559670781893004,0
UB0169,0,-0.034236957205413178,-0.13036574184158725,0.059683552993181177,0.26015885646040071,0.28460191626874876,E4,M2,Epoc+,0.82051282051282048,0
UB0170,1,-0.036393838189861138,-0.2281659342875082,0.16532055925637656,0.49019082574065925,0.47370170771646097,E4,M2,Epoc+,0.85470085470085466,0
UB0172,0,0.085974383142182323,-0.31338919123311115,0.55082156914504243,0.72962159530834392,0.71862924767549252,E4,M2,Epoc+,0.93486590038314177,1
UB0173,0,0.11579065176316732,-0.049374015281372086,0.54446821949888058,0.63361650489724897,0.59444123460148024,E4,M2,Epoc+,0.9346938775510204,0
UB0176,0,0.04988406457775367,-0.065065214802021862,0.14845884190572584,0.18460278237993294,0.14567810463464317,E4,M2,Epoc+,0.92207792207792205,0
UB0004,0,-0.090050659951597223,-0.49986670731748506,0.061837018973975977,0.29492696624354048,0.34652026878933062,optout,M2,Epoc X,0.79099678456591638,0
UB0007,0,-0.19027966306611016,-0.64605874492706883,1.6653345369377348e-16,0.36778053221421048,0.46084841700788737,optout,M2,Epoc+,0.92982456140350878,0
UB0020,0,-0.39519825081692295,-4.6386133224405004,0.39478342307177483,0.6687371689885685,0.65380559465250943,optout,M2,Epoc X,0.7526132404181185,0
UB0021,1,-0.074066184453274841,-0.27865160680255829,0,0.49145242733917505,0.45787174370941069,optout,M2,Epoc X,0.96655518394648843,2
UB0023,1,-0.26161752392814275,-0.4509513349331658,1.1188966420050406e-16,0.84270569462516109,0.66524189415448953,optout,M2,Epoc X,0.79929577464788737,0
UB0024,1,0.11160275366810916,-0.098247825626270824,0.26434972764758941,0.67865532411792995,0.7622455607722245,optout,M2,Epoc X,0.86689419795221845,0
UB0028,1,0.17805708731535574,-4.4408920985006262e-16,0.58563953087122744,0.39342700736475883,0.50062237902537687,optout,M2,Epoc X,0.72791519434628971,0
UB0029,1,0.051374608567725487,-0.090612028834979763,0.38635505840047968,0.51536835077173992,0.54369717552110475,optout,M2,Epoc X,0.80496453900709219,0
UB0030,0,0.09833173847891484,0,0.4377673456352234,0.30227587532172107,0.22230967797331455,optout,M2,Epoc X,0.85616438356164382,0
UB0032,0,0.069221988682639235,-0.027070087943420695,0.42070093021973021,0.34954462979542689,0.29979829898427401,optout,M2,Epoc X,0.64516129032258063,0
UB0034,0,0.15454879628938073,0,0.36961197309152499,0.36850080652082989,0.25494748368857373,optout,M2,Epoc X,0.80191693290734822,0
UB0035,0,0.16115167055468746,0,0.38449785660759606,0.3668304619359789,0.24662665839027978,optout,M2,Epoc X,0.86217948717948723,0
UB0039,0,0.37729579494510307,0,1.6351785712721227,0.68097363474316208,0.54209462572202061,optout,M2,Epoc X,0.84154929577464788,0
UB0042,0,0.00378684665687314,-0.03884973978424866,0.096651419646009887,0.1746281810835644,0.17077722494988629,optout,M2,Epoc X,0.7593220338983051,0
UB0044,0,-0.12448827365107133,-1.0574322730477403,1.1102230246251565e-16,0.42479421311943255,0.47078254192646452,optout,M2,Epoc X,0.87456445993031362,0
UB0045,0,0.069367787493636479,-0.06015406577162774,0.25630952763001469,0.30389709171889773,0.24942115206403243,optout,M2,Epoc X,0.64536741214057503,0
UB0046,0,0.044794127862784638,-0.06592041507539094,0.18004160862230489,0.16192127411884127,0.12256782328057961,optout,M2,Epoc X,0.83828382838283833,0
UB0047,0,0.065801073637906368,-0.16874306242685644,0.23559338438511052,0.40786042168436154,0.36219603163365993,optout,M2,Epoc X,0.80000000000000004,0
UB0049,0,0.010441857199838788,-0.091914511339370064,0.16551972309330903,0.33945569553905119,0.33150888837776227,optout,M2,Epoc X,0.81597222222222221,0
UB0051,0,-0.033362612170390098,-0.20147637562790799,0.10039293176739997,0.20781312876015862,0.22976696904033972,optout,M2,Epoc X,0.87713310580204773,1
UB0052,0,0.038611833284393639,-0.12457124693609178,0.33260822449461935,0.57474655178791589,0.55689198389959937,optout,M2,Epoc X,0.80281690140845074,0
UB0053,0,-0.11331717407855253,-0.25979538446554928,1.1102230246251565e-16,0.28475134258929474,0.3551769032614942,optout,M2,Epoc X,0.82539682539682535,0
UB0054,0,-0.040461709253251113,-0.18478824722796844,0.074631846368874502,0.13794187332624619,0.16759280582927091,optout,M2,Epoc X,0.93214285714285716,2
UB0056,0,-0.13232943189838828,-0.45294835700283409,1.1102230246251565e-16,0.15076576037968473,0.24393373543153576,optout,M2,Epoc X,0.70903010033444813,1
UB0057,0,0.073654070522131007,0,0.18165002525672608,0.21768794415955658,0.15725857740730567,optout,M2,Epoc X,0.93036211699164362,0
UB0059,0,-0.034047337481572834,-0.17584468352856586,0.035106792104608264,0.30793896789564251,0.32908035898032406,optout,M2,Epoc X,0.9342105263157896,0
UB0060,0,0.017199669676443402,-0.085904206041553632,0.21214250085196842,0.26938253467502571,0.25542808395003952,optout,M2,Epoc X,0.90845070422535201,2
UB0061,0,0.069764930006436465,0,0.28249891206900879,0.30540592074515877,0.25172974723726549,optout,M2,Epoc X,0.94352159468438523,0
UB0063,0,0.049996394984437142,-0.0096601165865830008,0.31796871752397898,0.27977033428817372,0.24201420170074356,optout,M2,Epoc X,0.71174377224199292,0
UB0065,0,-0.0011755322302172369,-0.28211476139400471,0.26924262794569853,0.23133907809618287,0.22856986215287423,optout,M2,Epoc X,0.85865724381625441,0
UB0066,0,-0.16805210934671103,-0.38842098177628159,1.1102230246251565e-16,0.26634675534717883,0.36782979749017064,optout,M2,Epoc X,0.77864583333333337,0
UB0070,1,-0.048889641092146538,-0.75096014501131458,0.099144658710088041,0.43579510104053865,0.42333243091589046,optout,M2,Epoc X,0.93537414965986398,1
UB0071,0,-0.13244976586044171,-0.37806215143423938,1.1102230246251565e-16,0.31842432243995622,0.39105309069119942,optout,M2,Epoc X,0.94039735099337762,0
UB0072,0,-0.074353142714358125,-0.30495060642257787,0.0068799076949956905,0.60459984052247306,0.63113448772196157,optout,M2,Epoc X,0.83056478405315615,0
UB0073,1,-0.015408059997484441,-0.16975801337395613,0.098505677728660479,0.48808459154275274,0.48254946528824388,optout,M2,Epoc X,0.86195286195286192,0
UB0074,1,-0.089652970227693723,-0.33791623632835832,0,0.49771770056144427,0.45681264502753977,optout,M2,Epoc X,0.85616438356164382,0
UB0075,0,-0.44434642988015777,-0.99915368213000577,1.1102230246251565e-16,0.35724209564674958,0.5432874789702723,optout,M2,Epoc X,0.87285223367697595,0
UB0077,1,0.065340753047403249,-8.8817841970012523e-16,0.37523484198767032,0.18208729444185698,0.19943343851330581,optout,M2,Epoc X,0.85526315789473684,0
UB0078,1,0.045036000500274988,-0.156230613820457,0.25943968905407577,0.23622059255203767,0.24981858566416601,optout,M2,Epoc X,0.84511784511784516,0
UB0079,0,0.059349630481373469,-0.093328015717941637,0.25352563150652552,0.25775316032710027,0.20707046161718137,optout,M2,Epoc X,0.91349480968858121,1
UB0080,0,-0.26757169132910791,-1.4058454395621438,0.086878466517422342,0.20858597544107119,0.34848748231016502,optout,M2,Epoc X,0.79797979797979801,0
UB0081,0,0.10015153942820998,0,0.42362704356684672,0.54400379385206366,0.48985993898170166,optout,M2,Epoc X,0.92123287671232879,1
UB0083,1,-0.30887209557553735,-0.96649799154607607,0,0.66247355230434268,0.51679138476070274,optout,M2,Epoc X,0.6182432432432432,0
UB0084,0,-0.01556053498081072,-0.21586364723901719,0.069157073410929915,0.41703086131363509,0.42403943615314016,optout,M2,Epoc X,0.90268456375838924,0
UB0085,1,-0.33618329328800323,-0.83398885884782759,0,0.43178648507902384,0.31659336765792645,optout,M2,Epoc X,0.61538461538461542,0
UB0086,1,-0.71619452106142401,-2.4973407593142736,0,0.51288308955811002,0.29277855342392678,optout,M2,Epoc X,0.9866666666666668,1
UB0087,1,0.17935568743458713,-2.2204460492503131e-16,0.41807068715911933,0.5428053871398445,0.65756481882007189,optout,M2,Epoc X,0.95205479452054798,1
UB0089,0,0.077078172734800846,0,0.19111743747903884,0.23308129052378906,0.16985727705845169,optout,M2,Epoc X,0.83501683501683499,1
UB0090,0,-0.23168879624700306,-1.2260297310055814,2.2204460492503131e-16,0.44119370733634578,0.53035573138980985,optout,M2,Epoc X,0.91095890410958902,0
UB0091,1,-0.12649467715724311,-0.31045087251691705,0,0.52353330350703664,0.46202197905569997,optout,M2,Epoc+,0.85772357723577231,0
UB0098,0,0.42807747281769376,0,1.2307988348175154,0.66537186807103355,0.43394220372200343,optout,M2,Epoc X,0.99280575539568361,0
UB0099,1,-0.14190634338052449,-1.0603353730561058,0.056646945178340735,0.60208208291665699,0.53285296601559307,optout,M2,Epoc X,0.93515358361774759,2
UB0100,0,-0.011595223432521928,-0.3504368055198821,0.36767595790597563,0.77220779594198075,0.77257105674777671,optout,M2,Epoc X,0.82269503546099287,1
UB0102,1,-0.26878054221587189,-0.89994454199661922,0,0.49422644550456873,0.3934784345098053,optout,M2,Epoc X,0.90877192982456156,1
UB0103,0,-0.14329037354184385,-0.34019155261798001,0.0047988576896978996,0.32237778658254845,0.4089225131812303,optout,M2,Epoc+,0.86928104575163401,0
UB0104,0,0.09449634809472475,-0.062375983849216943,0.42888576416256918,0.40252598879582557,0.33775992695069718,optout,M2,Epoc X,0.87142857142857144,1
UB0105,0,-0.0020318718323765112,-0.053719729564277341,0.065022571706548071,0.2430915581842113,0.24386441505706449,optout,M2,Epoc X,0.91003460207612441,0
UB0106,1,0.072491407352221926,-0.29534551684725474,0.63908979260535359,0.35362401308688657,0.40321002651763632,optout,M2,Epoc+,0.92031872509960155,0
UB0107,1,0.24680346271567402,-4.4408920985006262e-16,1.1631297452767566,0.27164386204667323,0.3788758397300544,optout,M2,Epoc+,0.77689243027888444,0
UB0109,0,0.012074498770340619,-0.10306688002492859,0.076876837370817519,0.2582091799505063,0.24831167041532715,optout,M2,Epoc+,0.77819548872180455,0
UB0115,1,0.14775644949973782,-0.14974177110003617,0.45833307349718755,0.30515954755503694,0.3642383737225105,optout,M2,Epoc+,0.91954022988505757,0
UB0118,1,-0.16444845822429105,-0.722222989086024,0,0.61624430927905416,0.53032644799017958,optout,M2,Epoc+,0.89411764705882357,0
UB0119,1,0.030989195396284568,-0.43303672830680923,0.39429197304168195,0.5870741786455268,0.61148394248250471,optout,M2,Epoc+,0.8571428571428571,0
UB0120,1,-0.17251043427383198,-0.79158613256498167,0.40146433994571951,0.49873113248002171,0.44616555603877517,optout,M2,Epoc+,0.80859375,0
UB0122,0,0.092502996834971069,-0.19660227101686023,0.49192605776584009,0.54743204078321206,0.50141555995807874,optout,M2,Epoc+,0.94936708860759478,1
UB0124,1,-0.13061315808620558,-0.36714452138949705,0,0.7048151096489591,0.62230309136449524,optout,M2,Epoc+,0.9285714285714286,0
UB0126,0,-0.14916672527621461,-0.33496475656267533,0.035833571118500551,0.27469947546762324,0.37411486009296829,optout,M2,Epoc+,0.96019900497512445,0
UB0127,1,-0.66642091879870935,-1.9536245774940408,0,0.4343452160120112,0.26911621400469415,optout,M2,Epoc+,0.88429752066115708,0
UB0128,1,0.028462275635607527,-2.2377932840100812e-16,0.14147687702514536,0.92337547900910177,0.94985097677585217,optout,M2,Epoc+,0.93999999999999995,0
UB0129,1,0.023027113507991841,-0.013361666827774954,0.11800531171566475,0.56590342120865422,0.5795661976177271,optout,M2,Epoc+,0.91050583657587558,0
UB0131,0,-0.1417624037898868,-0.34606804811256126,1.1102230246251565e-16,0.28691344894985471,0.37168527651051197,optout,M2,Epoc+,0.95454545454545459,0
UB0132,1,-0.055688576720550199,-0.19635537713319207,0,0.56359900544382924,0.53532060024587547,optout,M2,Epoc+,0.84120171673819744,0
UB0133,0,-0.079993754340854428,-0.2938714072123686,0.38528908731258682,0.44916971174178111,0.47665015810403799,optout,M2,Epoc+,0.79607843137254897,0
UB0134,1,0.031100792260756193,-0.07985097594331203,0.12664090120541405,0.42721172302606158,0.44151296636684323,optout,M2,Epoc+,0.96062992125984237,0
UB0138,1,0.011251907399107901,-0.20092115241983455,0.34071074775303672,0.55576491987883903,0.56285771863708944,optout,M2,Epoc+,0.90170940170940161,0
UB0139,0,-0.50589442885569369,-1.2775598473923715,2.2204460492503131e-16,0.60193284754706045,0.7386141451214443,optout,M2,Epoc+,0.89873417721518989,0
UB0140,1,0.058651226979790763,-0.15989943025245545,0.2722453313183113,0.35562553521334339,0.37999915553907193,optout,M2,Epoc+,0.92608695652173922,0
UB0142,1,0.30309553441625381,-0.17781749179985828,1.2753779535061665,0.23889331539288347,0.36019897547343366,optout,M2,Epoc+,0.98023715415019763,0
UB0143,1,-0.10528939878924455,-0.51183763471713561,0,0.57319102950651368,0.5257319605400228,optout,M2,Epoc+,0.82251082251082253,0
UB0144,1,0.12433140928805302,-0.093671031462539855,0.37529681427826778,0.52720369027532343,0.60698228949294442,optout,M2,Epoc+,0.96846846846846835,1
UB0147,0,0.11631940692451533,-0.11620285975563205,0.55317232942941774,0.5984981612245589,0.53992384630096957,optout,M2,Epoc+,0.90000000000000002,1
UB0150,1,0.13726883931997649,-1.7763568394002505e-15,0.77350908741216784,0.15650199772244416,0.19879414147896618,optout,M2,Epoc+,0.9676113360323888,0
UB0153,0,0.0030252184186817439,-0.13270078725317641,0.15283283217328453,0.22639062291464573,0.22196162185229246,optout,M2,Epoc+,0.88847583643122674,1
UB0154,0,-0.37157342541353072,-2.8491342140576243,0.033569683451771248,0.43815233629480871,0.53708279511582191,optout,M2,Epoc+,0.85460992907801414,0
UB0156,0,0.069590749645060207,-0.085403038862272962,0.33496018292805779,0.25058897104672917,0.19341241116262481,optout,M2,Epoc+,0.90243902439024404,1
UB0158,0,-0.48143601251406187,-1.5560031290368772,0.075749840410609948,0.5138662770582284,0.65496283037925163,optout,M2,Epoc+,0.83203125,0
UB0161,1,-0.020995608606407701,-0.29578762776856138,0.29570994810633422,0.68105956182227601,0.66986645609949413,optout,M2,Epoc+,0.91791044776119401,1
UB0162,1,0.14480895966477303,-2.2204460492503131e-16,0.52376955017335258,0.52922245416641278,0.61186300658222048,optout,M2,Epoc+,0.91101694915254239,2
UB0164,1,-0.079505565026576602,-0.28087938011662861,0.076649800871757434,0.47966730087939596,0.44527470339580655,optout,M2,Epoc+,0.8379446640316206,0
UB0166,1,-0.0068738957000855864,-0.2164056485532429,0.18701124215510107,0.54003744050724822,0.53714623417246243,optout,M2,Epoc+,0.93385214007782102,0
UB0168,1,-0.32346539413157011,-1.2096830812226604,0.051834886907639821,0.54744217454261079,0.43303463156709254,optout,M2,Epoc+,0.8559670781893004,0
UB0169,0,-0.21705827369433361,-0.42005115443700092,1.1102230246251565e-16,0.26015885646040071,0.3985344784796751,optout,M2,Epoc+,0.82051282051282048,0
UB0170,1,-0.021528490926394812,-0.174279035773104,0.1717646837855194,0.49019082574065925,0.48327473840736734,optout,M2,Epoc+,0.85470085470085466,0
UB0172,0,0.0081896058960593265,-0.20937057203333986,0.28271057544584366,0.72962159530834392,0.72361963163378729,optout,M2,Epoc+,0.93486590038314177,1
UB0173,0,0.15070217501485791,-0.014614749621368439,0.73738033476639064,0.63361650489724897,0.5714499260309609,optout,M2,Epoc+,0.9346938775510204,0
UB0176,0,-0.019454326736948479,-0.13066775803671815,0.14363974996689499,0.18460278237993294,0.1983020696355757,optout,M2,Epoc+,0.92207792207792205,0
UB0004,0,-0.0587205986074383,-0.14163014500513771,0.013609430782574594,0.23083576368461398,0.27423240515982678,E4_D,M2_D,Epoc X,0.79099678456591638,0
UB0007,0,-0.24447050678675306,-0.46243121461691172,0.025560857073916754,0.46074591570895401,0.57640734518253678,E4_D,M2_D,Epoc+,0.92982456140350878,0
UB0020,0,0.26264024243223977,0.11325326375464073,0.54906422087277873,0.56843535004298806,0.44756635667663269,E4_D,M2_D,Epoc X,0.7526132404181185,0
UB0021,1,-0.20796719343782497,-0.2988582071826682,-0.13610107716400899,0.39817719139213559,0.32404600446365028,E4_D,M2_D,Epoc X,0.96655518394648843,2
UB0023,1,-0.22993125623808353,-0.39771162490282774,-0.10250629018178037,0.76278027450206032,0.60417752056362217,E4_D,M2_D,Epoc X,0.79929577464788737,0
UB0024,1,0.22093259431943993,0.12052855580866501,0.32955203939510597,0.54921574477655166,0.68266972065653786,E4_D,M2_D,Epoc X,0.86689419795221845,0
UB0028,1,0.40039145040372742,0.072026305438765315,1.9421629220140664,0.31316683237608378,0.41506659891850195,E4_D,M2_D,Epoc X,0.72791519434628971,0
UB0029,1,-0.11385944030314654,-0.3979754274058469,0.10689974413157355,0.41751701383100215,0.37124092440104739,E4_D,M2_D,Epoc X,0.80496453900709219,0
UB0030,0,0.20712311739546929,0.12802344380490172,0.26331676152754241,0.27118231106748897,0.1035807047966761,E4_D,M2_D,Epoc X,0.85616438356164382,0
UB0032,0,0.030975717186854157,-0.087658899979372623,0.083122125681256931,0.30957850068736614,0.28819727337743217,E4_D,M2_D,Epoc X,0.64516129032258063,0
UB0034,0,0.24734636926851686,0.1939974341014058,0.28423720616892506,0.31905861610123537,0.12834234978343836,E4_D,M2_D,Epoc X,0.80191693290734822,0
UB0035,0,0.24605606217254899,0.15807681955552755,0.30339047265811103,0.31565250113470888,0.12439681181588039,E4_D,M2_D,Epoc X,0.86217948717948723,0
UB0039,0,0.33626775049872509,0.038261494870729051,0.85927242687210648,0.55697233034433991,0.40843598693483785,E4_D,M2_D,Epoc X,0.84154929577464788,0
UB0042,0,0.074141358928694515,-0.017408457434230591,0.10223437552259163,0.14380794331526586,0.078549879222504573,E4_D,M2_D,Epoc X,0.7593220338983051,0
UB0044,0,0.0074230669919422175,-0.057694467687936013,0.053532823847867506,0.36881290228357205,0.3635260703646836,E4_D,M2_D,Epoc X,0.87456445993031362,0
UB0045,0,0.00045885118001122438,-0.13103481602075656,0.077640278979284799,0.2636573776350768,0.26300509586338938,E4_D,M2_D,Epoc X,0.64536741214057503,0
UB0046,0,0.0089489113449247142,-0.084497601019572141,0.088057235782008803,0.14506127369438004,0.13750248582700669,E4_D,M2_D,Epoc X,0.83828382838283833,0
UB0047,0,0.13278730010656864,0.071771611170444283,0.17573800097694853,0.35196127812034084,0.2594553538028499,E4_D,M2_D,Epoc X,0.80000000000000004,0
UB0049,0,0.023223027078318442,-0.093872520143477689,0.073797686053266531,0.29249082238642204,0.27677213288095048,E4_D,M2_D,Epoc X,0.81597222222222221,0
UB0051,0,-0.04598911877322924,-0.17344336173794872,0.0086414567341811244,0.17939417994071047,0.21701731533942165,E4_D,M2_D,Epoc X,0.87713310580204773,1
UB0052,0,-0.15800547602640816,-0.34521956615442384,0.0039265474981375892,0.49344200567172586,0.56268766501103762,E4_D,M2_D,Epoc X,0.80281690140845074,0
UB0053,0,-0.12076579217273813,-0.24078315044581799,-0.046322054862115769,0.2324609982837674,0.31926005230013044,E4_D,M2_D,Epoc X,0.82539682539682535,0
UB0054,0,0.0086476487335334588,-0.18788800359346863,0.10357986081935747,0.12350840556817559,0.11564746494506943,E4_D,M2_D,Epoc X,0.93214285714285716,2
UB0056,0,-0.03696466145651596,-0.12293053595577474,0.0073304885356350047,0.13764737280824094,0.16982965582424328,E4_D,M2_D,Epoc X,0.70903010033444813,1
UB0057,0,0.08093180481674328,-0.061272563186050427,0.18192742023304254,0.16442530037331454,0.095443476157685933,E4_D,M2_D,Epoc X,0.93036211699164362,0
UB0059,0,-0.022998390356296108,-0.10361482839258418,0.03257687467318951,0.2452516369240795,0.26174086354919751,E4_D,M2_D,Epoc X,0.9342105263157896,0
UB0060,0,-0.093085409785835432,-0.18032388906258612,-0.015148909197387483,0.18769906815079482,0.26128048921319724,E4_D,M2_D,Epoc X,0.90845070422535201,2
UB0061,0,0.07596593588912845,0.03196215640006439,0.11416360466096209,0.24048781423665372,0.18046033136332976,E4_D,M2_D,Epoc X,0.94352159468438523,0
UB0063,0,0.11486829484092691,-0.054172398721814258,0.16925914488900631,0.23732878006355604,0.14576753915753499,E4_D,M2_D,Epoc X,0.71174377224199292,0
UB0065,0,0.0043444921134672522,-0.1355577785627704,0.076068127767481508,0.18873070935703934,0.18816923016946396,E4_D,M2_D,Epoc X,0.85865724381625441,0
UB0066,0,-0.31490267145321921,-0.47371135419261357,-0.17128175710317853,0.1978744253109484,0.41203764889215144,E4_D,M2_D,Epoc X,0.77864583333333337,0
UB0070,1,0.074082100517342347,-0.1546626225930372,0.25283182161828499,0.34596664944866251,0.3751949356973725,E4_D,M2_D,Epoc X,0.93537414965986398,1
UB0071,0,-0.052301805556420299,-0.1336217335209981,0.046784559781916008,0.26504398590728873,0.30046098735532561,E4_D,M2_D,Epoc X,0.94039735099337762,0
UB0072,0,-0.19551605938785596,-0.32980799748624534,-0.081941746265656978,0.48536556683647991,0.57503879416057424,E4_D,M2_D,Epoc X,0.83056478405315615,0
UB0073,1,0.12187836764215518,0.057915915873586243,0.15326410318109629,0.40733430917971003,0.45919992516288388,E4_D,M2_D,Epoc X,0.86195286195286192,0
UB0074,1,-0.2984745331589343,-0.46126849543105197,-0.16183560161117849,0.39442234121360831,0.2937698131567178,E4_D,M2_D,Epoc X,0.85616438356164382,0
UB0075,0,-0.30771138882635735,-0.37576088160400972,-0.19706347140627523,0.29211648957172331,0.4796317481383392,E4_D,M2_D,Epoc X,0.87285223367697595,0
UB0077,1,0.11159243425749747,-0.3385813291447537,0.72843664803189068,0.14375766635017823,0.14902652341675965,E4_D,M2_D,Epoc X,0.85526315789473684,0
UB0078,1,0.48498212326764356,0.18142606605681921,1.0067665089761861,0.16770042808927238,0.26097789142093469,E4_D,M2_D,Epoc X,0.84511784511784516,0
UB0079,0,0.026713105187827081,-0.070916783584670157,0.080135770923770805,0.18613218657600072,0.16534612333528179,E4_D,M2_D,Epoc X,0.91349480968858121,1
UB0080,0,0.070806229491613887,-0.014926373638380605,0.12974804138298413,0.16946805154482189,0.1096718979904481,E4_D,M2_D,Epoc X,0.79797979797979801,0
UB0081,0,-0.18541995025811869,-0.26796636149722708,-0.14275438007439356,0.44294562297919171,0.53795668826209175,E4_D,M2_D,Epoc X,0.92123287671232879,1
UB0083,1,0.14509444707135066,0.0083483978303678374,0.23311413595267871,0.54989084545438582,0.63530511668542722,E4_D,M2_D,Epoc X,0.6182432432432432,0
UB0084,0,-0.036645700796381263,-0.09126246515775982,0.033840282737666649,0.34413540284316257,0.3671819389601792,E4_D,M2_D,Epoc X,0.90268456375838924,0
UB0085,1,0.0079794090105555389,-0.30654286335500469,1.3430475584342714,0.31390314825931609,0.28851557714409493,E4_D,M2_D,Epoc X,0.61538461538461542,0
UB0086,1,-0.13008455591155205,-0.30149393665503521,0.099322757922144844,0.42149967894096313,0.36856507409197242,E4_D,M2_D,Epoc X,0.9866666666666668,1
UB0087,1,0.38439279877057803,0.1866708956967551,0.47968819125489293,0.4549009660028866,0.67129082603931312,E4_D,M2_D,Epoc X,0.95205479452054798,1
UB0089,0,0.054424937401497397,-0.051445182173429194,0.11955345255957417,0.2009302087491403,0.15535258208770547,E4_D,M2_D,Epoc X,0.83501683501683499,1
UB0090,0,-0.58426138284278739,-0.7106442227132943,-0.42566630304385045,0.3718019437618264,0.64843914701486283,E4_D,M2_D,Epoc X,0.91095890410958902,0
UB0091,1,-0.16613127492574772,-0.41955821247545422,-0.077547093558520963,0.62212264354286506,0.5257954738092786,E4_D,M2_D,Epoc+,0.85772357723577231,0
UB0098,0,0.75111941326741305,0.5296203171029954,1.163987948587633,0.56521116194195642,0.089751536322225656,E4_D,M2_D,Epoc X,0.99280575539568361,0
UB0099,1,0.29807763148832456,0.096299044030556225,0.42066676780984757,0.4756644931429827,0.63845796579911573,E4_D,M2_D,Epoc X,0.93515358361774759,2
UB0100,0,0.038379082887902871,-0.34138082316372464,0.54149709640781296,0.67957811523206557,0.67962133765456367,E4_D,M2_D,Epoc X,0.82269503546099287,1
UB0102,1,0.4037241014943449,0.086372086931824077,0.7372555273046123,0.38779257780253729,0.57758983024419763,E4_D,M2_D,Epoc X,0.90877192982456156,1
UB0103,0,-0.22848249265843618,-0.30041720315843157,-0.16457748945665629,0.43197503021688499,0.54744323449391241,E4_D,M2_D,Epoc+,0.86928104575163401,0
UB0104,0,0.16901480093847501,0.026185606504040421,0.25170650758581375,0.34241472439390491,0.22319786926659071,E4_D,M2_D,Epoc X,0.87142857142857144,1
UB0105,0,0.069280501478145837,-0.082792371944140727,0.16442521926662018,0.21151788021010196,0.15603203876495067,E4_D,M2_D,Epoc X,0.91003460207612441,0
UB0106,1,-0.3872941455680351,-0.69552829014858708,-0.13421709097493428,0.46260513094250788,0.31867350035082737,E4_D,M2_D,Epoc+,0.92031872509960155,0
UB0107,1,0.31891947982661401,0.10042595998883408,0.92152174868851211,0.35566853507767499,0.47771386293741652,E4_D,M2_D,Epoc+,0.77689243027888444,0
UB0109,0,-0.0089811019467365798,-0.065524214202769659,0.067163121088237521,0.37290297036148845,0.37886569296733541,E4_D,M2_D,Epoc+,0.77819548872180455,0
UB0115,1,0.1050052389953946,-0.00107095033392135,0.43581486780294432,0.3893732728471696,0.427865275398155,E4_D,M2_D,Epoc+,0.91954022988505757,0
UB0118,1,-0.17619126164017174,-0.33000762791838123,-0.04313426827129957,0.68415987654695964,0.57043056009892301,E4_D,M2_D,Epoc+,0.89411764705882357,0
UB0119,1,0.15113777012685067,-0.051319164577871668,0.25179958574100003,0.6778539338623758,0.7847639025684966,E4_D,M2_D,Epoc+,0.8571428571428571,0
UB0120,1,-0.096799925562207637,-0.28742083480551317,0.050369068602607259,0.57977472090082838,0.53056472807540045,E4_D,M2_D,Epoc+,0.80859375,0
UB0122,0,0.11179982558522994,-0.16677738605430692,0.60227606963104685,0.62881912715178712,0.58726769649170285,E4_D,M2_D,Epoc+,0.94936708860759478,1
UB0124,1,0.10986243600474199,-0.086150297909958984,0.19859935374632193,0.74188644270615667,0.82471914202974494,E4_D,M2_D,Epoc+,0.9285714285714286,0
UB0126,0,-0.024050554193311667,-0.18722764502590555,0.11678751823477751,0.38212379710457312,0.39859239301110078,E4_D,M2_D,Epoc+,0.96019900497512445,0
UB0127,1,-0.80211387818023461,-1.0797215851158664,-0.60508935684839571,0.5075982473601961,0.23041495488260261,E4_D,M2_D,Epoc+,0.88429752066115708,0
UB0128,1,-0.0016112786204096174,-0.031612285476550636,0.032962579825912462,0.95273268945216238,0.95082248890086107,E4_D,M2_D,Epoc+,0.93999999999999995,0
UB0129,1,-0.12232993458761061,-0.31865698190084046,-0.0093068953729209536,0.62021244731686753,0.54950402673083665,E4_D,M2_D,Epoc+,0.91050583657587558,0
UB0131,0,-0.40896283657969085,-0.61781654868695202,-0.22390850404681678,0.35870365831694617,0.57279202087803915,E4_D,M2_D,Epoc+,0.95454545454545459,0
UB0132,1,0.092331266513317661,-0.025295123080073312,0.14555714308871542,0.64957661104647413,0.71141362331702174,E4_D,M2_D,Epoc+,0.84120171673819744,0
UB0133,0,-0.11802691692186799,-0.2600854107583731,0.19870919525893838,0.55490295628122888,0.60749544021342317,E4_D,M2_D,Epoc+,0.79607843137254897,0
UB0134,1,0.28665026685573747,0.021426582361864732,0.40132507820952795,0.54190829218425529,0.71949137908294314,E4_D,M2_D,Epoc+,0.96062992125984237,0
UB0138,1,0.13894420608297323,-0.13751418032735138,0.21534120804370382,0.61467400278547646,0.70290459495722613,E4_D,M2_D,Epoc+,0.90170940170940161,0
UB0139,0,-0.74244198585143406,-0.97198723452792657,-0.21507206481661134,0.67000349477958976,0.84334325760865403,E4_D,M2_D,Epoc+,0.89873417721518989,0
UB0140,1,-0.1744090043390783,-0.38176137972167701,0.15193116832695408,0.45656406368249203,0.38172641403469221,E4_D,M2_D,Epoc+,0.92608695652173922,0
UB0142,1,0.66024056650032126,0.47859744545265115,1.5177738934600713,0.33326151082645644,0.61861325734151928,E4_D,M2_D,Epoc+,0.98023715415019763,0
UB0143,1,-0.17861594195645369,-0.31912178475686076,-0.056302106996126033,0.68413909417948093,0.57428698387420207,E4_D,M2_D,Epoc+,0.82251082251082253,0
UB0144,1,0.19490603224625311,0.035671006677554684,0.27125227851723732,0.62716918089838314,0.76159375116822459,E4_D,M2_D,Epoc+,0.96846846846846835,1
UB0147,0,0.026283151394465753,-0.23558996012698885,0.49173970193941652,0.65966575121780835,0.65272998948630612,E4_D,M2_D,Epoc+,0.90000000000000002,1
UB0150,1,0.29495833081074319,-0.21606585604080242,1.0102382792031244,0.2454268159958358,0.30464667036988369,E4_D,M2_D,Epoc+,0.9676113360323888,0
UB0153,0,0.12432092742048721,-0.038034800651224193,0.20873861474239624,0.30751762561185514,0.22073034249008136,E4_D,M2_D,Epoc+,0.88847583643122674,1
UB0154,0,0.27114217433666837,0.1966498901683652,0.3594650129347694,0.56910059639449129,0.434951051941386,E4_D,M2_D,Epoc+,0.85460992907801414,0
UB0156,0,0.14094596590209094,-0.064393759392438826,0.29587595669451028,0.3103482229423028,0.21279492758082963,E4_D,M2_D,Epoc+,0.90243902439024404,1
UB0158,0,0.047090276026764466,-0.17234127843344815,0.24361770621290724,0.59697620703993759,0.57482084803134426,E4_D,M2_D,Epoc+,0.83203125,0
UB0161,1,-0.020977293475541465,-0.12485189781343098,0.046865632546789382,0.7957005616184103,0.77846132385964273,E4_D,M2_D,Epoc+,0.91791044776119401,1
UB0162,1,0.048971026763982461,-0.020788615735454874,0.15134731619165531,0.59484347491724043,0.62357248848526203,E4_D,M2_D,Epoc+,0.91101694915254239,2
UB0164,1,-0.13056176795875513,-0.27817901294860747,0.18588025998196356,0.546792610572711,0.48464377996466845,E4_D,M2_D,Epoc+,0.8379446640316206,0
UB0166,1,-0.0033428399011398379,-0.034754769502345351,0.042524400803182927,0.59892433998817807,0.59697804021292433,E4_D,M2_D,Epoc+,0.93385214007782102,0
UB0168,1,-0.30853444786427275,-0.69550612688772073,-0.050231751586712781,0.63927288566338381,0.47955970528932257,E4_D,M2_D,Epoc+,0.8559670781893004,0
UB0169,0,0.034464477578551228,-0.076792967045626159,0.097468593217239996,0.36465875039495788,0.34244015855821247,E4_D,M2_D,Epoc+,0.82051282051282048,0
UB0170,1,-0.086111468007252223,-0.31925513265996885,0.06359137820549482,0.5958334958236895,0.54593531043218346,E4_D,M2_D,Epoc+,0.85470085470085466,0
UB0172,0,0.41252674097733688,-0.31725619419394047,1.0156005050435599,0.83825174091381283,0.78443634136914187,E4_D,M2_D,Epoc+,0.93486590038314177,1
UB0173,0,0.17674955066492543,-0.04973122577172906,0.89136800723192766,0.6974864518841678,0.648277412670343,E4_D,M2_D,Epoc+,0.9346938775510204,0
UB0176,0,0.13629668243893245,-0.069557161702610351,0.21840278127226009,0.30956786536499303,0.21220385667015576,E4_D,M2_D,Epoc+,0.92207792207792205,0
UB0004,0,-0.046434176585555841,-0.19709841690482649,0.0055012663660922168,0.245301970097176,0.27893070246156715,E4_DQ,M2_DQ,Epoc X,0.79099678456591638,0
UB0007,0,-0.23045820891723978,-0.50076326324944964,0.039528079801841143,0.48128056044128353,0.58610115587978062,E4_DQ,M2_DQ,Epoc+,0.92982456140350878,0
UB0020,0,0.12966971540989872,0.020852099026412385,0.20735754042428334,0.504341673994958,0.43644666905159824,E4_DQ,M2_DQ,Epoc X,0.7526132404181185,0
UB0021,1,-0.21079703633804264,-0.50796418430101897,0.13845939954408448,0.37304555145831675,0.30764408958842082,E4_DQ,M2_DQ,Epoc X,0.96655518394648843,2
UB0023,1,-0.14455258823394743,-0.3119124540475024,-0.0078059476945356865,0.67466633045099578,0.58485345812211487,E4_DQ,M2_DQ,Epoc X,0.79929577464788737,0
UB0024,1,0.24923697749302959,0.13264102857113563,0.39749679367720314,0.53842465971875042,0.68714839830035834,E4_DQ,M2_DQ,Epoc X,0.86689419795221845,0
UB0028,1,0.48094827700600595,0.12694217179856815,2.8035475788942499,0.29987684943143667,0.39373526314488672,E4_DQ,M2_DQ,Epoc X,0.72791519434628971,0
UB0029,1,-0.11485277933024256,-0.37964607037068232,0.057274338853013917,0.41136398207156299,0.36754218536112432,E4_DQ,M2_DQ,Epoc X,0.80496453900709219,0
UB0030,0,0.19272910931887269,0.064270556393886763,0.26920907046355508,0.28019981516951714,0.12661706367104636,E4_DQ,M2_DQ,Epoc X,0.85616438356164382,0
UB0032,0,0.038920773687406124,0.00015006761031907678,0.074545045075939509,0.30400084377582642,0.27715950948179896,E4_DQ,M2_DQ,Epoc X,0.64516129032258063,0
UB0034,0,0.22522746773693991,0.025288177634800457,0.27486105053701609,0.3148974682925581,0.14130172629251256,E4_DQ,M2_DQ,Epoc X,0.80191693290734822,0
UB0035,0,0.24129871332964323,0.076967997026080648,0.30503635667324425,0.32290341160928493,0.13752785839537782,E4_DQ,M2_DQ,Epoc X,0.86217948717948723,0
UB0039,0,0.19725030852853484,0.033269981393992398,0.76395908533452217,0.51480204896840798,0.41639828022352549,E4_DQ,M2_DQ,Epoc X,0.84154929577464788,0
UB0042,0,0.021990572414075156,-0.12063279950456995,0.10386160624304196,0.14800026904111399,0.12608813251709697,E4_DQ,M2_DQ,Epoc X,0.7593220338983051,0
UB0044,0,0.00014340843061586006,-0.057261984131182997,0.058235054874144765,0.3806260925538158,0.37990997339500615,E4_DQ,M2_DQ,Epoc X,0.87456445993031362,0
UB0045,0,-0.00057062100371959581,-0.092807855549409152,0.0627354697798784,0.24367095668560079,0.24486139386533093,E4_DQ,M2_DQ,Epoc X,0.64536741214057503,0
UB0046,0,0.018214377465858793,-0.10924322739834039,0.085834281137700225,0.16341265752668938,0.14660100681372476,E4_DQ,M2_DQ,Epoc X,0.83828382838283833,0
UB0047,0,0.10942103654772137,0.0089103438797930035,0.16402189550236457,0.34657680762573867,0.27121588168797983,E4_DQ,M2_DQ,Epoc X,0.80000000000000004,0
UB0049,0,0.038715103114407415,-0.052568198375235797,0.084545754652310456,0.31439147430303882,0.28708755530812186,E4_DQ,M2_DQ,Epoc X,0.81597222222222221,0
UB0051,0,-0.037354669722183639,-0.21961753849024662,0.022683696020517924,0.20051223992803804,0.22714150647505979,E4_DQ,M2_DQ,Epoc X,0.87713310580204773,1
UB0052,0,-0.17966367046435136,-0.35619921844287983,-0.014445834180652817,0.48095462824227087,0.5614787684092073,E4_DQ,M2_DQ,Epoc X,0.80281690140845074,0
UB0053,0,-0.11274857583050737,-0.25235684621091992,-0.052623238332343558,0.24848909481198361,0.32822675483354063,E4_DQ,M2_DQ,Epoc X,0.82539682539682535,0
UB0054,0,0.018337096552273939,-0.21196972140397635,0.12519043440314895,0.18763892343322816,0.17013623907942038,E4_DQ,M2_DQ,Epoc X,0.93214285714285716,2
UB0056,0,-0.035723415125858707,-0.1772042462097575,0.0055281493195380726,0.14555170284476479,0.17396057580817972,E4_DQ,M2_DQ,Epoc X,0.70903010033444813,1
UB0057,0,0.091300728691643296,-0.059680869902575123,0.20992082923552319,0.1966314561957602,0.11972314885328081,E4_DQ,M2_DQ,Epoc X,0.93036211699164362,0
UB0059,0,-0.0077641768275211352,-0.063873824003942758,0.054058790693290226,0.27230706167466212,0.27847304881393758,E4_DQ,M2_DQ,Epoc X,0.9342105263157896,0
UB0060,0,-0.090966471057556841,-0.23209094964955995,-0.0025543652887277113,0.23222301697657294,0.29547040396274649,E4_DQ,M2_DQ,Epoc X,0.90845070422535201,2
UB0061,0,0.028482471375667496,-0.083634326776114709,0.11257480361565539,0.25245222614462592,0.22879779731068178,E4_DQ,M2_DQ,Epoc X,0.94352159468438523,0
UB0063,0,0.062922031055859723,-0.13125801672091142,0.1671642045546011,0.22855188156444725,0.17491061587963433,E4_DQ,M2_DQ,Epoc X,0.71174377224199292,0
UB0065,0,0.0043736211254973593,-0.28805184100536907,0.08083169549436986,0.22137726708302824,0.21565412443204379,E4_DQ,M2_DQ,Epoc X,0.85865724381625441,0
UB0066,0,-0.29028479722157124,-0.48975130564681912,-0.15122313114922922,0.19560835957164771,0.39462796834827979,E4_DQ,M2_DQ,Epoc X,0.77864583333333337,0
UB0070,1,0.032094768192868363,-0.14817072134976184,0.24311460106809812,0.35527700306109822,0.36980025149300888,E4_DQ,M2_DQ,Epoc X,0.93537414965986398,1
UB0071,0,-0.10419397553483908,-0.23840223775712965,0.064558095109796987,0.29440228016772951,0.36090854113239412,E4_DQ,M2_DQ,Epoc X,0.94039735099337762,0
UB0072,0,-0.15067679191757838,-0.381043370109866,0.089301723836569424,0.47658446510118291,0.54775291560455719,E4_DQ,M2_DQ,Epoc X,0.83056478405315615,0
UB0073,1,0.13721952583031666,0.076937768494339864,0.20647335250751309,0.40045591070087783,0.45998453957225627,E4_DQ,M2_DQ,Epoc X,0.86195286195286192,0
UB0074,1,-0.28065806946810568,-0.40497743320910407,-0.15686390768764058,0.39610294769769389,0.30012397902588783,E4_DQ,M2_DQ,Epoc X,0.85616438356164382,0
UB0075,0,-0.26387578265755324,-0.33088584677965088,-0.19062463521651335,0.32125893153170487,0.47781615719652965,E4_DQ,M2_DQ,Epoc X,0.87285223367697595,0
UB0077,1,-0.12397533819024378,-0.3363659463923192,0.47868205158094912,0.18380900125105559,0.16694266987566303,E4_DQ,M2_DQ,Epoc X,0.85526315789473684,0
UB0078,1,0.33181481669426888,0.17490116837454628,0.77504447117937247,0.18830379041205464,0.2594904669566297,E4_DQ,M2_DQ,Epoc X,0.84511784511784516,0
UB0079,0,0.05700769609847478,0.032387379353823881,0.090860268440205422,0.21376527110472102,0.1675894098511847,E4_DQ,M2_DQ,Epoc X,0.91349480968858121,1
UB0080,0,0.085869179827182188,-0.020294948620787859,0.12142174804244128,0.18094386196810688,0.10832060460517286,E4_DQ,M2_DQ,Epoc X,0.79797979797979801,0
UB0081,0,-0.12892562130853064,-0.1911147373524732,-0.037529595593565057,0.46950891281835333,0.53245693550044437,E4_DQ,M2_DQ,Epoc X,0.92123287671232879,1
UB0083,1,0.19826635893578587,-0.051798475738432492,0.34975233535448791,0.45428767624049293,0.5506864526669023,E4_DQ,M2_DQ,Epoc X,0.6182432432432432,0
UB0084,0,-0.038038323858992057,-0.096782468249561326,0.019958023623360188,0.35749299183917271,0.38102326879887782,E4_DQ,M2_DQ,Epoc X,0.90268456375838924,0
UB0085,1,0.18164985272749873,-0.30269541024827018,2.6252152803335704,0.23231645271886311,0.22147369558646077,E4_DQ,M2_DQ,Epoc X,0.61538461538461542,0
UB0086,1,-0.1396786426432238,-0.33349010862511141,0.054621637777761189,0.44847709672939795,0.38901267786367644,E4_DQ,M2_DQ,Epoc X,0.9866666666666668,1
UB0087,1,0.34632303567118911,0.18866757411170765,0.44273636499840119,0.46472652611302268,0.6614399499504372,E4_DQ,M2_DQ,Epoc X,0.95205479452054798,1
UB0089,0,0.052209289276618595,-0.074997790979990708,0.14110077637340107,0.21849115705327365,0.17608513197279779,E4_DQ,M2_DQ,Epoc X,0.83501683501683499,1
UB0090,0,-0.57019558569364248,-0.69741603405003372,-0.44781691393255774,0.40020260502234895,0.65869122884283315,E4_DQ,M2_DQ,Epoc X,0.91095890410958902,0
UB0091,1,-0.14608450582884613,-0.32576486304118313,-0.066025029176240646,0.60047044129667115,0.52125466737367887,E4_DQ,M2_DQ,Epoc+,0.85772357723577231,0
UB0098,0,0.81101621737822993,0.65871111804433824,1.0576757956887923,0.59693342051243381,0.09826776869316281,E4_DQ,M2_DQ,Epoc X,0.99280575539568361,0
UB0099,1,0.27090144331927823,0.036692756817491512,0.46505998072036614,0.43736238153415358,0.56938697982550601,E4_DQ,M2_DQ,Epoc X,0.93515358361774759,2
UB0100,0,-0.19799703276141881,-0.35454686951666825,-0.047061664864057495,0.61465767364511004,0.68089181433569157,E4_DQ,M2_DQ,Epoc X,0.82269503546099287,1
UB0102,1,0.34726779711631123,0.11592965319933191,0.67280217732859082,0.41369290480910054,0.58417127300616445,E4_DQ,M2_DQ,Epoc X,0.90877192982456156,1
UB0103,0,-0.23088665729023958,-0.3168917595787677,-0.11481869774775499,0.41751422199992633,0.53739539987510276,E4_DQ,M2_DQ,Epoc+,0.86928104575163401,0
UB0104,0,0.18727647376241435,-0.01776962100795787,0.26046828771980635,0.37652424137002899,0.24602522743094637,E4_DQ,M2_DQ,Epoc X,0.87142857142857144,1
UB0105,0,0.053449859974073755,-0.09307927095497158,0.17870234939965635,0.22289858166908011,0.18007399906675386,E4_DQ,M2_DQ,Epoc X,0.91003460207612441,0
UB0106,1,-0.36305273636555946,-0.68712435360133028,-0.098518233942821665,0.46864875842022435,0.3299767944537445,E4_DQ,M2_DQ,Epoc+,0.92031872509960155,0
UB0107,1,0.23571794925605541,0.12073807107006718,0.41931573878288264,0.3600409948076716,0.45495427003213768,E4_DQ,M2_DQ,Epoc+,0.77689243027888444,0
UB0109,0,-0.020905373501963052,-0.066028720868891111,0.04237245712123705,0.34960584706531878,0.3633912957616226,E4_DQ,M2_DQ,Epoc+,0.77819548872180455,0
UB0115,1,0.071598322368447265,0.006667429398157787,0.13777342428036232,0.40264294718105126,0.43209633312058082,E4_DQ,M2_DQ,Epoc+,0.91954022988505757,0
UB0118,1,-0.12663617785027637,-0.23424691390652058,-0.058404889518282932,0.63332759926757887,0.55866341951073151,E4_DQ,M2_DQ,Epoc+,0.89411764705882357,0
UB0119,1,0.16816931846243222,-0.071391791105867214,0.26015638498837645,0.64655926613651749,0.76424169059303015,E4_DQ,M2_DQ,Epoc+,0.8571428571428571,0
UB0120,1,-0.10177944611966624,-0.27574586398427481,0.022500145491000212,0.55872038146602765,0.50702699964933795,E4_DQ,M2_DQ,Epoc+,0.80859375,0
UB0122,0,0.11697019376525626,-0.20354541954764804,0.45442025003730624,0.63315622349580625,0.58608710297970679,E4_DQ,M2_DQ,Epoc+,0.94936708860759478,1
UB0124,1,0.091187520395157817,-0.15797384334244696,0.19328664568749246,0.71445366211704087,0.78840664925664572,E4_DQ,M2_DQ,Epoc+,0.9285714285714286,0
UB0126,0,0.010460075668905933,-0.13116788857301875,0.12840936616156035,0.43473148135924095,0.42737109340751839,E4_DQ,M2_DQ,Epoc+,0.96019900497512445,0
UB0127,1,-0.77488444396416811,-1.0731042715910593,-0.59926495244478661,0.48909927279735033,0.2293818006076481,E4_DQ,M2_DQ,Epoc+,0.88429752066115708,0
UB0128,1,-0.030404538776278394,-0.29592156239815676,0.029064210792447601,0.95541498582732243,0.93088482609210266,E4_DQ,M2_DQ,Epoc+,0.93999999999999995,0
UB0129,1,-0.11922557469995207,-0.27028451210236237,0.014283643154125225,0.60268496381194625,0.53492572628510049,E4_DQ,M2_DQ,Epoc+,0.91050583657587558,0
UB0131,0,-0.38647006028482372,-0.66878040164059627,-0.21760291825561107,0.40237849353265565,0.59025852230048814,E4_DQ,M2_DQ,Epoc+,0.95454545454545459,0
UB0132,1,0.091137368343403691,-0.080492499509126736,0.15280597302100934,0.62997574925258293,0.69188715255642053,E4_DQ,M2_DQ,Epoc+,0.84120171673819744,0
UB0133,0,-0.15981266253314708,-0.27493858144093974,-0.050428103540076319,0.52640677265031344,0.59533841871081572,E4_DQ,M2_DQ,Epoc+,0.79607843137254897,0
UB0134,1,0.23938133230914374,0.065360865981797689,0.38334423048290994,0.5434828476844118,0.69468727912258454,E4_DQ,M2_DQ,Epoc+,0.96062992125984237,0
UB0138,1,0.1108442724302781,-0.1004015996918648,0.20788546620994752,0.60349060972565649,0.67908936593289104,E4_DQ,M2_DQ,Epoc+,0.90170940170940161,0
UB0139,0,-0.79773998394781187,-0.99326966130367422,-0.60766362071312041,0.65889165781193593,0.84460146803837266,E4_DQ,M2_DQ,Epoc+,0.89873417721518989,0
UB0140,1,-0.19044851404707946,-0.37209388001641575,-0.090958868746265242,0.47342847116173059,0.39134588223829359,E4_DQ,M2_DQ,Epoc+,0.92608695652173922,0
UB0142,1,0.56934286583790872,0.44328955645122359,0.98761399137854999,0.36615103983554859,0.63639734157484351,E4_DQ,M2_DQ,Epoc+,0.98023715415019763,0
UB0143,1,-0.12444719329388568,-0.23966154756589753,0.0088246484598539787,0.63238450086378317,0.55892837930034489,E4_DQ,M2_DQ,Epoc+,0.82251082251082253,0
UB0144,1,0.1383711458313972,-0.08924695174065167,0.29141968143969499,0.61359854131732794,0.7096807638717807,E4_DQ,M2_DQ,Epoc+,0.96846846846846835,1
UB0147,0,0.023027314545619359,-0.26279532069912315,0.34757293980039938,0.65952027410882275,0.64434794265494078,E4_DQ,M2_DQ,Epoc+,0.90000000000000002,1
UB0150,1,0.094759430862013438,-0.25531139280436244,0.90186593572789397,0.30736780440968497,0.32913784534384427,E4_DQ,M2_DQ,Epoc+,0.9676113360323888,0
UB0153,0,0.14847314863388889,0.052856841863933024,0.22518201976825383,0.36328635584217545,0.25922567671077656,E4_DQ,M2_DQ,Epoc+,0.88847583643122674,1
UB0154,0,0.24575188748312385,0.16602457330686993,0.27316080003367238,0.55776437553917613,0.43411725143225882,E4_DQ,M2_DQ,Epoc+,0.85460992907801414,0
UB0156,0,0.22015539772835796,0.026080432032290879,0.31355327952039547,0.37413989313733254,0.21803534788820911,E4_DQ,M2_DQ,Epoc+,0.90243902439024404,1
UB0158,0,0.040424286243261887,-0.19042430756675532,0.21993280811440896,0.58361793256175187,0.5619915977445249,E4_DQ,M2_DQ,Epoc+,0.83203125,0
UB0161,1,-0.08762394335091965,-0.35250960092721106,0.045540165877566485,0.77139222948802399,0.71013251642007047,E4_DQ,M2_DQ,Epoc+,0.91791044776119401,1
UB0162,1,0.023544076118027758,-0.053460972353131742,0.12877348390225951,0.56713359077896786,0.58108973788106999,E4_DQ,M2_DQ,Epoc+,0.91101694915254239,2
UB0164,1,-0.11478238904758845,-0.23847809478691673,0.17411213627053712,0.53586323796150881,0.48263157928408651,E4_DQ,M2_DQ,Epoc+,0.8379446640316206,0
UB0166,1,-0.022136979691816355,-0.16397590162107989,0.045051266415599589,0.60769570435998066,0.59560827155564622,E4_DQ,M2_DQ,Epoc+,0.93385214007782102,0
UB0168,1,-0.31627512718065737,-0.59946990957747448,-0.024928036474710757,0.61059033346870062,0.4549699406892061,E4_DQ,M2_DQ,Epoc+,0.8559670781893004,0
UB0169,0,0.016025869504422224,-0.090829962920644769,0.10258031705945836,0.36460867547758657,0.35322253818237176,E4_DQ,M2_DQ,Epoc+,0.82051282051282048,0
UB0170,1,-0.057612104273805108,-0.23242638662188209,0.10625969276684888,0.56311640494989856,0.53366638890500417,E4_DQ,M2_DQ,Epoc+,0.85470085470085466,0
UB0172,0,0.14390130425547187,-0.48363417763012717,1.4598231081894131,0.80669394179305876,0.80483781422256695,E4_DQ,M2_DQ,Epoc+,0.93486590038314177,1
UB0173,0,0.14471470424463712,-0.073257971195574312,0.92486371610644458,0.69784235789836768,0.66073990373910074,E4_DQ,M2_DQ,Epoc+,0.9346938775510204,0
UB0176,0,0.16726469925957024,0.11837876287004723,0.23473042545582082,0.34159497367614466,0.22230410560210409,E4_DQ,M2_DQ,Epoc+,0.92207792207792205,0
