participant_id,y,device,clean_window_fraction,interpolation_count
UB0004,0,Epoc X,0.79099678456591638,0
UB0007,0,Epoc+,0.92982456140350878,0
UB0020,0,Epoc X,0.7526132404181185,0
UB0021,1,Epoc X,0.96655518394648843,2
UB0023,1,Epoc X,0.79929577464788737,0
UB0024,1,Epoc X,0.86689419795221845,0
UB0028,1,Epoc X,0.72791519434628971,0
UB0029,1,Epoc X,0.80496453900709219,0
UB0030,0,Epoc X,0.85616438356164382,0
UB0032,0,Epoc X,0.64516129032258063,0
UB0034,0,Epoc X,0.80191693290734822,0
UB0035,0,Epoc X,0.86217948717948723,0
UB0039,0,Epoc X,0.84154929577464788,0
UB0042,0,Epoc X,0.7593220338983051,0
UB0044,0,Epoc X,0.87456445993031362,0
UB0045,0,Epoc X,0.64536741214057503,0
UB0046,0,Epoc X,0.83828382838283833,0
UB0047,0,Epoc X,0.80000000000000004,0
UB0049,0,Epoc X,0.81597222222222221,0
UB0051,0,Epoc X,0.87713310580204773,1
UB0052,0,Epoc X,0.80281690140845074,0
UB0053,0,Epoc X,0.82539682539682535,0
UB0054,0,Epoc X,0.93214285714285716,2
UB0056,0,Epoc X,0.70903010033444813,1
UB0057,0,Epoc X,0.93036211699164362,0
UB0059,0,Epoc X,0.9342105263157896,0
UB0060,0,Epoc X,0.90845070422535201,2
UB0061,0,Epoc X,0.94352159468438523,0
UB0063,0,Epoc X,0.71174377224199292,0
UB0065,0,Epoc X,0.85865724381625441,0
UB0066,0,Epoc X,0.77864583333333337,0
UB0070,1,Epoc X,0.93537414965986398,1
UB0071,0,Epoc X,0.94039735099337762,0
UB0072,0,Epoc X,0.83056478405315615,0
UB0073,1,Epoc X,0.86195286195286192,0
UB0074,1,Epoc X,0.85616438356164382,0
UB0075,0,Epoc X,0.87285223367697595,0
UB0077,1,Epoc X,0.85526315789473684,0
UB0078,1,Epoc X,0.84511784511784516,0
UB0079,0,Epoc X,0.91349480968858121,1
UB0080,0,Epoc X,0.79797979797979801,0
UB0081,0,Epoc X,0.92123287671232879,1
UB0083,1,Epoc X,0.6182432432432432,0
UB0084,0,Epoc X,0.90268456375838924,0
UB0085,1,Epoc X,0.61538461538461542,0
UB0086,1,Epoc X,0.9866666666666668,1
UB0087,1,Epoc X,0.95205479452054798,1
UB0089,0,Epoc X,0.83501683501683499,1
UB0090,0,Epoc X,0.91095890410958902,0
UB0091,1,Epoc+,0.85772357723577231,0
UB0098,0,Epoc X,0.99280575539568361,0
UB0099,1,Epoc X,0.93515358361774759,2
UB0100,0,Epoc X,0.82269503546099287,1
UB0102,1,Epoc X,0.90877192982456156,1
UB0103,0,Epoc+,0.86928104575163401,0
UB0104,0,Epoc X,0.87142857142857144,1
UB0105,0,Epoc X,0.91003460207612441,0
UB0106,1,Epoc+,0.92031872509960155,0
UB0107,1,Epoc+,0.77689243027888444,0
UB0109,0,Epoc+,0.77819548872180455,0
UB0115,1,Epoc+,0.91954022988505757,0
UB0118,1,Epoc+,0.89411764705882357,0
UB0119,1,Epoc+,0.8571428571428571,0
UB0120,1,Epoc+,0.80859375,0
UB0122,0,Epoc+,0.94936708860759478,1
UB0124,1,Epoc+,0.9285714285714286,0
UB0126,0,Epoc+,0.96019900497512445,0
UB0127,1,Epoc+,0.88429752066115708,0
UB0128,1,Epoc+,0.93999999999999995,0
UB0129,1,Epoc+,0.91050583657587558,0
UB0131,0,Epoc+,0.95454545454545459,0
UB0132,1,Epoc+,0.84120171673819744,0
UB0133,0,Epoc+,0.79607843137254897,0
UB0134,1,Epoc+,0.96062992125984237,0
UB0138,1,Epoc+,0.90170940170940161,0
UB0139,0,Epoc+,0.89873417721518989,0
UB0140,1,Epoc+,0.92608695652173922,0
UB0142,1,Epoc+,0.98023715415019763,0
UB0143,1,Epoc+,0.82251082251082253,0
UB0144,1,Epoc+,0.96846846846846835,1
UB0147,0,Epoc+,0.90000000000000002,1
UB0150,1,Epoc+,0.9676113360323888,0
UB0153,0,Epoc+,0.88847583643122674,1
UB0154,0,Epoc+,0.85460992907801414,0
UB0156,0,Epoc+,0.90243902439024404,1
UB0158,0,Epoc+,0.83203125,0
UB0161,1,Epoc+,0.91791044776119401,1
UB0162,1,Epoc+,0.91101694915254239,2
UB0164,1,Epoc+,0.8379446640316206,0
UB0166,1,Epoc+,0.93385214007782102,0
UB0168,1,Epoc+,0.8559670781893004,0
UB0169,0,Epoc+,0.82051282051282048,0
UB0170,1,Epoc+,0.85470085470085466,0
UB0172,0,Epoc+,0.93486590038314177,1
UB0173,0,Epoc+,0.9346938775510204,0
UB0176,0,Epoc+,0.92207792207792205,0
